date,item_id,forecast
5/23/2016,FOODS_1_004,4.3208
5/24/2016,FOODS_1_004,3.3542
5/25/2016,FOODS_1_004,2.8516
5/26/2016,FOODS_1_004,2.7587
5/27/2016,FOODS_1_004,2.8988
5/28/2016,FOODS_1_004,3.2907
5/29/2016,FOODS_1_004,3.0936
5/23/2016,FOODS_1_006,2.3803
5/24/2016,FOODS_1_006,2.1035
5/25/2016,FOODS_1_006,1.9051
5/26/2016,FOODS_1_006,1.7498
5/27/2016,FOODS_1_006,1.678
5/28/2016,FOODS_1_006,2.02
5/29/2016,FOODS_1_006,1.962
5/23/2016,FOODS_1_012,4.1746
5/24/2016,FOODS_1_012,3.2153
5/25/2016,FOODS_1_012,2.9154
5/26/2016,FOODS_1_012,2.7606
5/27/2016,FOODS_1_012,2.6924
5/28/2016,FOODS_1_012,2.8862
5/29/2016,FOODS_1_012,3.0997
5/23/2016,FOODS_1_013,0.9302
5/24/2016,FOODS_1_013,1.5015
5/25/2016,FOODS_1_013,1.3856
5/26/2016,FOODS_1_013,1.3972
5/27/2016,FOODS_1_013,1.4463
5/28/2016,FOODS_1_013,1.6397
5/29/2016,FOODS_1_013,1.617
5/23/2016,FOODS_1_017,1.6536
5/24/2016,FOODS_1_017,1.2502
5/25/2016,FOODS_1_017,1.1366
5/26/2016,FOODS_1_017,1.1505
5/27/2016,FOODS_1_017,1.0613
5/28/2016,FOODS_1_017,1.2976
5/29/2016,FOODS_1_017,1.2798
5/23/2016,FOODS_1_018,11.6457
5/24/2016,FOODS_1_018,9.0195
5/25/2016,FOODS_1_018,8.0992
5/26/2016,FOODS_1_018,7.8781
5/27/2016,FOODS_1_018,7.5676
5/28/2016,FOODS_1_018,8.7916
5/29/2016,FOODS_1_018,8.7222
5/23/2016,FOODS_1_019,9.3816
5/24/2016,FOODS_1_019,6.8827
5/25/2016,FOODS_1_019,6.316
5/26/2016,FOODS_1_019,6.4255
5/27/2016,FOODS_1_019,7.7223
5/28/2016,FOODS_1_019,8.6112
5/29/2016,FOODS_1_019,9.1684
5/23/2016,FOODS_1_021,0.5062
5/24/2016,FOODS_1_021,0.9311
5/25/2016,FOODS_1_021,0.8474
5/26/2016,FOODS_1_021,1.15
5/27/2016,FOODS_1_021,1.1637
5/28/2016,FOODS_1_021,1.386
5/29/2016,FOODS_1_021,1.3655
5/23/2016,FOODS_1_023,2.5902
5/24/2016,FOODS_1_023,2.2006
5/25/2016,FOODS_1_023,1.8766
5/26/2016,FOODS_1_023,1.9625
5/27/2016,FOODS_1_023,1.8091
5/28/2016,FOODS_1_023,2.0443
5/29/2016,FOODS_1_023,2.0238
5/23/2016,FOODS_1_027,1.8103
5/24/2016,FOODS_1_027,1.7126
5/25/2016,FOODS_1_027,1.4381
5/26/2016,FOODS_1_027,1.3874
5/27/2016,FOODS_1_027,1.4307
5/28/2016,FOODS_1_027,1.5107
5/29/2016,FOODS_1_027,1.5037
5/23/2016,FOODS_1_028,1.7436
5/24/2016,FOODS_1_028,1.3575
5/25/2016,FOODS_1_028,1.1139
5/26/2016,FOODS_1_028,1.117
5/27/2016,FOODS_1_028,1.1123
5/28/2016,FOODS_1_028,1.1874
5/29/2016,FOODS_1_028,1.1615
5/23/2016,FOODS_1_032,4.4233
5/24/2016,FOODS_1_032,3.2947
5/25/2016,FOODS_1_032,3.038
5/26/2016,FOODS_1_032,3.321
5/27/2016,FOODS_1_032,3.5881
5/28/2016,FOODS_1_032,4.5029
5/29/2016,FOODS_1_032,3.8109
5/23/2016,FOODS_1_036,2.7415
5/24/2016,FOODS_1_036,2.2076
5/25/2016,FOODS_1_036,1.9321
5/26/2016,FOODS_1_036,1.8406
5/27/2016,FOODS_1_036,1.9082
5/28/2016,FOODS_1_036,2.2562
5/29/2016,FOODS_1_036,2.135
5/23/2016,FOODS_1_037,1.7411
5/24/2016,FOODS_1_037,1.3305
5/25/2016,FOODS_1_037,1.2137
5/26/2016,FOODS_1_037,1.1244
5/27/2016,FOODS_1_037,1.2593
5/28/2016,FOODS_1_037,1.4251
5/29/2016,FOODS_1_037,1.3776
5/23/2016,FOODS_1_040,2.4311
5/24/2016,FOODS_1_040,2.287
5/25/2016,FOODS_1_040,1.9881
5/26/2016,FOODS_1_040,2.0137
5/27/2016,FOODS_1_040,1.9441
5/28/2016,FOODS_1_040,2.1932
5/29/2016,FOODS_1_040,2.2276
5/23/2016,FOODS_1_042,3.89
5/24/2016,FOODS_1_042,3.1387
5/25/2016,FOODS_1_042,2.8445
5/26/2016,FOODS_1_042,3.0962
5/27/2016,FOODS_1_042,2.9965
5/28/2016,FOODS_1_042,3.6918
5/29/2016,FOODS_1_042,3.1742
5/23/2016,FOODS_1_043,8.0079
5/24/2016,FOODS_1_043,6.3616
5/25/2016,FOODS_1_043,5.5546
5/26/2016,FOODS_1_043,5.8815
5/27/2016,FOODS_1_043,6.6615
5/28/2016,FOODS_1_043,6.6043
5/29/2016,FOODS_1_043,6.6726
5/23/2016,FOODS_1_044,1.8938
5/24/2016,FOODS_1_044,1.6225
5/25/2016,FOODS_1_044,1.3433
5/26/2016,FOODS_1_044,1.3812
5/27/2016,FOODS_1_044,1.2989
5/28/2016,FOODS_1_044,1.3417
5/29/2016,FOODS_1_044,1.3591
5/23/2016,FOODS_1_045,2.9088
5/24/2016,FOODS_1_045,2.8203
5/25/2016,FOODS_1_045,2.5727
5/26/2016,FOODS_1_045,2.4151
5/27/2016,FOODS_1_045,2.5302
5/28/2016,FOODS_1_045,2.6054
5/29/2016,FOODS_1_045,2.755
5/23/2016,FOODS_1_046,8.9162
5/24/2016,FOODS_1_046,7.7204
5/25/2016,FOODS_1_046,6.9736
5/26/2016,FOODS_1_046,6.3865
5/27/2016,FOODS_1_046,6.6878
5/28/2016,FOODS_1_046,7.271
5/29/2016,FOODS_1_046,7.2235
5/23/2016,FOODS_1_050,1.2883
5/24/2016,FOODS_1_050,0.9952
5/25/2016,FOODS_1_050,0.8563
5/26/2016,FOODS_1_050,0.8521
5/27/2016,FOODS_1_050,0.889
5/28/2016,FOODS_1_050,1.019
5/29/2016,FOODS_1_050,0.9601
5/23/2016,FOODS_1_052,1.9813
5/24/2016,FOODS_1_052,1.5321
5/25/2016,FOODS_1_052,1.4047
5/26/2016,FOODS_1_052,1.2808
5/27/2016,FOODS_1_052,1.2819
5/28/2016,FOODS_1_052,1.5451
5/29/2016,FOODS_1_052,1.4126
5/23/2016,FOODS_1_054,3.3081
5/24/2016,FOODS_1_054,2.7323
5/25/2016,FOODS_1_054,2.2426
5/26/2016,FOODS_1_054,2.0349
5/27/2016,FOODS_1_054,2.1099
5/28/2016,FOODS_1_054,2.5086
5/29/2016,FOODS_1_054,2.5584
5/23/2016,FOODS_1_055,5.8338
5/24/2016,FOODS_1_055,3.8359
5/25/2016,FOODS_1_055,3.1141
5/26/2016,FOODS_1_055,3.0194
5/27/2016,FOODS_1_055,2.985
5/28/2016,FOODS_1_055,3.4048
5/29/2016,FOODS_1_055,3.863
5/23/2016,FOODS_1_058,2.9887
5/24/2016,FOODS_1_058,2.8648
5/25/2016,FOODS_1_058,2.5675
5/26/2016,FOODS_1_058,2.5877
5/27/2016,FOODS_1_058,2.6298
5/28/2016,FOODS_1_058,2.9499
5/29/2016,FOODS_1_058,2.8734
5/23/2016,FOODS_1_061,2.5532
5/24/2016,FOODS_1_061,1.9188
5/25/2016,FOODS_1_061,1.5377
5/26/2016,FOODS_1_061,1.535
5/27/2016,FOODS_1_061,1.5633
5/28/2016,FOODS_1_061,1.7329
5/29/2016,FOODS_1_061,1.7552
5/23/2016,FOODS_1_064,0.043
5/24/2016,FOODS_1_064,0.7381
5/25/2016,FOODS_1_064,0.6623
5/26/2016,FOODS_1_064,0.6799
5/27/2016,FOODS_1_064,0.6167
5/28/2016,FOODS_1_064,0.7164
5/29/2016,FOODS_1_064,0.7164
5/23/2016,FOODS_1_066,1.9457
5/24/2016,FOODS_1_066,1.9985
5/25/2016,FOODS_1_066,1.6147
5/26/2016,FOODS_1_066,1.7399
5/27/2016,FOODS_1_066,1.5759
5/28/2016,FOODS_1_066,1.917
5/29/2016,FOODS_1_066,1.7867
5/23/2016,FOODS_1_067,4.084
5/24/2016,FOODS_1_067,3.3184
5/25/2016,FOODS_1_067,2.8756
5/26/2016,FOODS_1_067,2.9643
5/27/2016,FOODS_1_067,3.0961
5/28/2016,FOODS_1_067,3.1316
5/29/2016,FOODS_1_067,2.9073
5/23/2016,FOODS_1_074,2.1925
5/24/2016,FOODS_1_074,1.7336
5/25/2016,FOODS_1_074,1.4767
5/26/2016,FOODS_1_074,1.4342
5/27/2016,FOODS_1_074,1.432
5/28/2016,FOODS_1_074,1.6899
5/29/2016,FOODS_1_074,1.4933
5/23/2016,FOODS_1_080,1.3577
5/24/2016,FOODS_1_080,1.0592
5/25/2016,FOODS_1_080,1.0049
5/26/2016,FOODS_1_080,0.9364
5/27/2016,FOODS_1_080,1.0242
5/28/2016,FOODS_1_080,1.0612
5/29/2016,FOODS_1_080,0.9774
5/23/2016,FOODS_1_082,9.0573
5/24/2016,FOODS_1_082,7.6576
5/25/2016,FOODS_1_082,7.1433
5/26/2016,FOODS_1_082,6.2754
5/27/2016,FOODS_1_082,6.7426
5/28/2016,FOODS_1_082,8.2151
5/29/2016,FOODS_1_082,7.8357
5/23/2016,FOODS_1_083,2.4264
5/24/2016,FOODS_1_083,2.0689
5/25/2016,FOODS_1_083,1.6338
5/26/2016,FOODS_1_083,1.7856
5/27/2016,FOODS_1_083,1.7415
5/28/2016,FOODS_1_083,2.0593
5/29/2016,FOODS_1_083,1.9017
5/23/2016,FOODS_1_085,7.9086
5/24/2016,FOODS_1_085,6.5432
5/25/2016,FOODS_1_085,6.2406
5/26/2016,FOODS_1_085,6.2609
5/27/2016,FOODS_1_085,5.8229
5/28/2016,FOODS_1_085,7.2237
5/29/2016,FOODS_1_085,5.8346
5/23/2016,FOODS_1_086,5.9763
5/24/2016,FOODS_1_086,5.4194
5/25/2016,FOODS_1_086,4.7264
5/26/2016,FOODS_1_086,4.4428
5/27/2016,FOODS_1_086,4.9056
5/28/2016,FOODS_1_086,5.7371
5/29/2016,FOODS_1_086,5.1799
5/23/2016,FOODS_1_087,3.5426
5/24/2016,FOODS_1_087,2.8872
5/25/2016,FOODS_1_087,2.5687
5/26/2016,FOODS_1_087,2.4921
5/27/2016,FOODS_1_087,2.6272
5/28/2016,FOODS_1_087,2.8179
5/29/2016,FOODS_1_087,2.9125
5/23/2016,FOODS_1_088,2.9847
5/24/2016,FOODS_1_088,4.153
5/25/2016,FOODS_1_088,5.5614
5/26/2016,FOODS_1_088,3.3751
5/27/2016,FOODS_1_088,3.0193
5/28/2016,FOODS_1_088,3.534
5/29/2016,FOODS_1_088,3.5796
5/23/2016,FOODS_1_099,7.7638
5/24/2016,FOODS_1_099,7.2216
5/25/2016,FOODS_1_099,5.6379
5/26/2016,FOODS_1_099,6.068
5/27/2016,FOODS_1_099,6.2627
5/28/2016,FOODS_1_099,7.4036
5/29/2016,FOODS_1_099,7.4907
5/23/2016,FOODS_1_102,1.1045
5/24/2016,FOODS_1_102,0.9754
5/25/2016,FOODS_1_102,0.9063
5/26/2016,FOODS_1_102,0.8158
5/27/2016,FOODS_1_102,0.8037
5/28/2016,FOODS_1_102,0.7554
5/29/2016,FOODS_1_102,0.7461
5/23/2016,FOODS_1_103,1.8742
5/24/2016,FOODS_1_103,1.5474
5/25/2016,FOODS_1_103,1.3569
5/26/2016,FOODS_1_103,1.3577
5/27/2016,FOODS_1_103,1.2706
5/28/2016,FOODS_1_103,1.4575
5/29/2016,FOODS_1_103,1.4947
5/23/2016,FOODS_1_104,1.7027
5/24/2016,FOODS_1_104,1.8921
5/25/2016,FOODS_1_104,1.7042
5/26/2016,FOODS_1_104,1.6582
5/27/2016,FOODS_1_104,1.6002
5/28/2016,FOODS_1_104,1.8531
5/29/2016,FOODS_1_104,1.8813
5/23/2016,FOODS_1_110,7.4989
5/24/2016,FOODS_1_110,5.8691
5/25/2016,FOODS_1_110,5.5768
5/26/2016,FOODS_1_110,5.1616
5/27/2016,FOODS_1_110,5.0951
5/28/2016,FOODS_1_110,5.3152
5/29/2016,FOODS_1_110,5.2659
5/23/2016,FOODS_1_112,2.2509
5/24/2016,FOODS_1_112,1.8505
5/25/2016,FOODS_1_112,1.5323
5/26/2016,FOODS_1_112,1.5479
5/27/2016,FOODS_1_112,1.4981
5/28/2016,FOODS_1_112,1.9135
5/29/2016,FOODS_1_112,1.9475
5/23/2016,FOODS_1_113,3.0037
5/24/2016,FOODS_1_113,2.6553
5/25/2016,FOODS_1_113,2.2912
5/26/2016,FOODS_1_113,2.3512
5/27/2016,FOODS_1_113,2.2588
5/28/2016,FOODS_1_113,2.2988
5/29/2016,FOODS_1_113,2.1494
5/23/2016,FOODS_1_115,0.6719
5/24/2016,FOODS_1_115,0.5649
5/25/2016,FOODS_1_115,0.4775
5/26/2016,FOODS_1_115,0.4433
5/27/2016,FOODS_1_115,0.4198
5/28/2016,FOODS_1_115,0.4784
5/29/2016,FOODS_1_115,0.4768
5/23/2016,FOODS_1_120,1.9039
5/24/2016,FOODS_1_120,1.5217
5/25/2016,FOODS_1_120,1.435
5/26/2016,FOODS_1_120,1.2563
5/27/2016,FOODS_1_120,1.2632
5/28/2016,FOODS_1_120,1.3279
5/29/2016,FOODS_1_120,1.3307
5/23/2016,FOODS_1_127,1.4063
5/24/2016,FOODS_1_127,1.0455
5/25/2016,FOODS_1_127,0.9404
5/26/2016,FOODS_1_127,0.9346
5/27/2016,FOODS_1_127,0.9439
5/28/2016,FOODS_1_127,1.0802
5/29/2016,FOODS_1_127,0.9805
5/23/2016,FOODS_1_130,3.3309
5/24/2016,FOODS_1_130,2.493
5/25/2016,FOODS_1_130,2.1563
5/26/2016,FOODS_1_130,2.1499
5/27/2016,FOODS_1_130,2.1239
5/28/2016,FOODS_1_130,2.5107
5/29/2016,FOODS_1_130,2.4342
5/23/2016,FOODS_1_132,0.9377
5/24/2016,FOODS_1_132,0.6984
5/25/2016,FOODS_1_132,0.6087
5/26/2016,FOODS_1_132,0.5959
5/27/2016,FOODS_1_132,0.6038
5/28/2016,FOODS_1_132,0.7179
5/29/2016,FOODS_1_132,0.7095
5/23/2016,FOODS_1_134,1.3334
5/24/2016,FOODS_1_134,1.074
5/25/2016,FOODS_1_134,1.0128
5/26/2016,FOODS_1_134,1.0853
5/27/2016,FOODS_1_134,1.1448
5/28/2016,FOODS_1_134,1.2622
5/29/2016,FOODS_1_134,1.3309
5/23/2016,FOODS_1_137,0.886
5/24/2016,FOODS_1_137,1.9908
5/25/2016,FOODS_1_137,2.2482
5/26/2016,FOODS_1_137,2.1759
5/27/2016,FOODS_1_137,2.4226
5/28/2016,FOODS_1_137,2.4608
5/29/2016,FOODS_1_137,2.3635
5/23/2016,FOODS_1_138,1.8305
5/24/2016,FOODS_1_138,1.4004
5/25/2016,FOODS_1_138,1.2319
5/26/2016,FOODS_1_138,1.2779
5/27/2016,FOODS_1_138,1.3104
5/28/2016,FOODS_1_138,1.4776
5/29/2016,FOODS_1_138,1.452
5/23/2016,FOODS_1_139,5.0605
5/24/2016,FOODS_1_139,3.6965
5/25/2016,FOODS_1_139,3.472
5/26/2016,FOODS_1_139,3.5608
5/27/2016,FOODS_1_139,3.5778
5/28/2016,FOODS_1_139,4.1913
5/29/2016,FOODS_1_139,4.4682
5/23/2016,FOODS_1_146,1.6072
5/24/2016,FOODS_1_146,1.2675
5/25/2016,FOODS_1_146,1.1062
5/26/2016,FOODS_1_146,1.0873
5/27/2016,FOODS_1_146,1.1005
5/28/2016,FOODS_1_146,1.2523
5/29/2016,FOODS_1_146,1.2074
5/23/2016,FOODS_1_152,1.1462
5/24/2016,FOODS_1_152,0.9098
5/25/2016,FOODS_1_152,0.8279
5/26/2016,FOODS_1_152,0.8487
5/27/2016,FOODS_1_152,0.8257
5/28/2016,FOODS_1_152,0.8335
5/29/2016,FOODS_1_152,0.7527
5/23/2016,FOODS_1_153,2.7916
5/24/2016,FOODS_1_153,2.6351
5/25/2016,FOODS_1_153,2.1878
5/26/2016,FOODS_1_153,2.1871
5/27/2016,FOODS_1_153,2.062
5/28/2016,FOODS_1_153,2.4506
5/29/2016,FOODS_1_153,2.4278
5/23/2016,FOODS_1_154,2.5612
5/24/2016,FOODS_1_154,2.6289
5/25/2016,FOODS_1_154,2.592
5/26/2016,FOODS_1_154,2.3888
5/27/2016,FOODS_1_154,2.3585
5/28/2016,FOODS_1_154,2.661
5/29/2016,FOODS_1_154,2.6556
5/23/2016,FOODS_1_158,0.8304
5/24/2016,FOODS_1_158,0.6548
5/25/2016,FOODS_1_158,0.566
5/26/2016,FOODS_1_158,0.5488
5/27/2016,FOODS_1_158,0.5583
5/28/2016,FOODS_1_158,0.6061
5/29/2016,FOODS_1_158,0.5775
5/23/2016,FOODS_1_161,3.4655
5/24/2016,FOODS_1_161,2.8082
5/25/2016,FOODS_1_161,2.5237
5/26/2016,FOODS_1_161,2.7277
5/27/2016,FOODS_1_161,2.6471
5/28/2016,FOODS_1_161,3.047
5/29/2016,FOODS_1_161,2.9116
5/23/2016,FOODS_1_162,3.5034
5/24/2016,FOODS_1_162,3.0396
5/25/2016,FOODS_1_162,2.6565
5/26/2016,FOODS_1_162,2.612
5/27/2016,FOODS_1_162,2.4809
5/28/2016,FOODS_1_162,2.8522
5/29/2016,FOODS_1_162,2.7351
5/23/2016,FOODS_1_163,0.97
5/24/2016,FOODS_1_163,1.0843
5/25/2016,FOODS_1_163,0.9288
5/26/2016,FOODS_1_163,0.8913
5/27/2016,FOODS_1_163,0.8333
5/28/2016,FOODS_1_163,0.9843
5/29/2016,FOODS_1_163,1.012
5/23/2016,FOODS_1_166,2.6759
5/24/2016,FOODS_1_166,2.1975
5/25/2016,FOODS_1_166,1.7922
5/26/2016,FOODS_1_166,1.8592
5/27/2016,FOODS_1_166,1.8942
5/28/2016,FOODS_1_166,2.1415
5/29/2016,FOODS_1_166,2.0843
5/23/2016,FOODS_1_167,0.6488
5/24/2016,FOODS_1_167,0.5597
5/25/2016,FOODS_1_167,0.4896
5/26/2016,FOODS_1_167,0.4986
5/27/2016,FOODS_1_167,0.4609
5/28/2016,FOODS_1_167,0.4997
5/29/2016,FOODS_1_167,0.4926
5/23/2016,FOODS_1_170,3.4349
5/24/2016,FOODS_1_170,3.1295
5/25/2016,FOODS_1_170,2.7742
5/26/2016,FOODS_1_170,2.7219
5/27/2016,FOODS_1_170,2.6998
5/28/2016,FOODS_1_170,3.124
5/29/2016,FOODS_1_170,3.0276
5/23/2016,FOODS_1_172,2.9691
5/24/2016,FOODS_1_172,2.3647
5/25/2016,FOODS_1_172,2.1056
5/26/2016,FOODS_1_172,2.073
5/27/2016,FOODS_1_172,2.1508
5/28/2016,FOODS_1_172,2.2485
5/29/2016,FOODS_1_172,2.0746
5/23/2016,FOODS_1_173,3.6754
5/24/2016,FOODS_1_173,3.4451
5/25/2016,FOODS_1_173,3.2275
5/26/2016,FOODS_1_173,3.2267
5/27/2016,FOODS_1_173,3.1112
5/28/2016,FOODS_1_173,3.6722
5/29/2016,FOODS_1_173,3.6492
5/23/2016,FOODS_1_176,0.5816
5/24/2016,FOODS_1_176,0.4866
5/25/2016,FOODS_1_176,0.4196
5/26/2016,FOODS_1_176,0.3878
5/27/2016,FOODS_1_176,0.3845
5/28/2016,FOODS_1_176,0.4376
5/29/2016,FOODS_1_176,0.4173
5/23/2016,FOODS_1_181,4.9372
5/24/2016,FOODS_1_181,3.7257
5/25/2016,FOODS_1_181,3.4634
5/26/2016,FOODS_1_181,3.3755
5/27/2016,FOODS_1_181,3.3893
5/28/2016,FOODS_1_181,3.9222
5/29/2016,FOODS_1_181,4.1118
5/23/2016,FOODS_1_183,3.2056
5/24/2016,FOODS_1_183,2.3329
5/25/2016,FOODS_1_183,2.0608
5/26/2016,FOODS_1_183,2.0903
5/27/2016,FOODS_1_183,2.1315
5/28/2016,FOODS_1_183,2.4753
5/29/2016,FOODS_1_183,2.4916
5/23/2016,FOODS_1_184,2.0632
5/24/2016,FOODS_1_184,1.645
5/25/2016,FOODS_1_184,1.4849
5/26/2016,FOODS_1_184,1.496
5/27/2016,FOODS_1_184,1.4883
5/28/2016,FOODS_1_184,1.7092
5/29/2016,FOODS_1_184,1.7521
5/23/2016,FOODS_1_194,2.8016
5/24/2016,FOODS_1_194,2.3414
5/25/2016,FOODS_1_194,1.8667
5/26/2016,FOODS_1_194,2.0113
5/27/2016,FOODS_1_194,1.968
5/28/2016,FOODS_1_194,2.3308
5/29/2016,FOODS_1_194,2.3762
5/23/2016,FOODS_1_200,8.7996
5/24/2016,FOODS_1_200,7.6695
5/25/2016,FOODS_1_200,7.2887
5/26/2016,FOODS_1_200,6.7569
5/27/2016,FOODS_1_200,7.3938
5/28/2016,FOODS_1_200,8.1496
5/29/2016,FOODS_1_200,7.9002
5/23/2016,FOODS_1_201,2.6037
5/24/2016,FOODS_1_201,2.2248
5/25/2016,FOODS_1_201,1.7885
5/26/2016,FOODS_1_201,1.7062
5/27/2016,FOODS_1_201,1.751
5/28/2016,FOODS_1_201,2.0925
5/29/2016,FOODS_1_201,1.9438
5/23/2016,FOODS_1_204,1.2724
5/24/2016,FOODS_1_204,1.5232
5/25/2016,FOODS_1_204,1.591
5/26/2016,FOODS_1_204,1.4481
5/27/2016,FOODS_1_204,1.376
5/28/2016,FOODS_1_204,1.5736
5/29/2016,FOODS_1_204,1.5521
5/23/2016,FOODS_1_206,3.3293
5/24/2016,FOODS_1_206,2.6751
5/25/2016,FOODS_1_206,2.3287
5/26/2016,FOODS_1_206,2.1711
5/27/2016,FOODS_1_206,2.0742
5/28/2016,FOODS_1_206,2.6087
5/29/2016,FOODS_1_206,2.3758
5/23/2016,FOODS_1_207,1.9339
5/24/2016,FOODS_1_207,1.5569
5/25/2016,FOODS_1_207,1.3432
5/26/2016,FOODS_1_207,1.3623
5/27/2016,FOODS_1_207,1.3788
5/28/2016,FOODS_1_207,1.5349
5/29/2016,FOODS_1_207,1.5111
5/23/2016,FOODS_1_208,1.9265
5/24/2016,FOODS_1_208,1.5426
5/25/2016,FOODS_1_208,1.337
5/26/2016,FOODS_1_208,1.2102
5/27/2016,FOODS_1_208,1.3098
5/28/2016,FOODS_1_208,1.4085
5/29/2016,FOODS_1_208,1.446
5/23/2016,FOODS_1_217,3.5353
5/24/2016,FOODS_1_217,2.8128
5/25/2016,FOODS_1_217,2.4691
5/26/2016,FOODS_1_217,2.4165
5/27/2016,FOODS_1_217,2.5148
5/28/2016,FOODS_1_217,3.0658
5/29/2016,FOODS_1_217,2.9095
5/23/2016,FOODS_1_218,7.2532
5/24/2016,FOODS_1_218,6.995
5/25/2016,FOODS_1_218,6.3793
5/26/2016,FOODS_1_218,6.5921
5/27/2016,FOODS_1_218,6.3232
5/28/2016,FOODS_1_218,7.9597
5/29/2016,FOODS_1_218,7.1423
5/23/2016,FOODS_1_219,3.6964
5/24/2016,FOODS_1_219,2.8678
5/25/2016,FOODS_1_219,2.6011
5/26/2016,FOODS_1_219,2.5677
5/27/2016,FOODS_1_219,2.4688
5/28/2016,FOODS_1_219,2.8672
5/29/2016,FOODS_1_219,2.8707
5/23/2016,FOODS_2_003,1.0437
5/24/2016,FOODS_2_003,0.7871
5/25/2016,FOODS_2_003,0.7211
5/26/2016,FOODS_2_003,0.7508
5/27/2016,FOODS_2_003,0.7532
5/28/2016,FOODS_2_003,0.8607
5/29/2016,FOODS_2_003,0.8585
5/23/2016,FOODS_2_004,1.4397
5/24/2016,FOODS_2_004,1.1435
5/25/2016,FOODS_2_004,0.976
5/26/2016,FOODS_2_004,1.0141
5/27/2016,FOODS_2_004,0.9058
5/28/2016,FOODS_2_004,1.0386
5/29/2016,FOODS_2_004,1.0044
5/23/2016,FOODS_2_013,4.4692
5/24/2016,FOODS_2_013,3.5146
5/25/2016,FOODS_2_013,3.1122
5/26/2016,FOODS_2_013,3.0264
5/27/2016,FOODS_2_013,3.0773
5/28/2016,FOODS_2_013,3.7747
5/29/2016,FOODS_2_013,3.7132
5/23/2016,FOODS_2_014,2.7368
5/24/2016,FOODS_2_014,2.1766
5/25/2016,FOODS_2_014,1.8002
5/26/2016,FOODS_2_014,1.8497
5/27/2016,FOODS_2_014,1.8348
5/28/2016,FOODS_2_014,2.1256
5/29/2016,FOODS_2_014,1.9645
5/23/2016,FOODS_2_016,6.5876
5/24/2016,FOODS_2_016,4.9545
5/25/2016,FOODS_2_016,4.1716
5/26/2016,FOODS_2_016,4.3664
5/27/2016,FOODS_2_016,4.5546
5/28/2016,FOODS_2_016,5.2482
5/29/2016,FOODS_2_016,4.9424
5/23/2016,FOODS_2_019,17.0059
5/24/2016,FOODS_2_019,13.1135
5/25/2016,FOODS_2_019,11.3146
5/26/2016,FOODS_2_019,11.3254
5/27/2016,FOODS_2_019,10.7562
5/28/2016,FOODS_2_019,12.7182
5/29/2016,FOODS_2_019,14.9328
5/23/2016,FOODS_2_021,8.2468
5/24/2016,FOODS_2_021,6.2897
5/25/2016,FOODS_2_021,5.5117
5/26/2016,FOODS_2_021,5.4273
5/27/2016,FOODS_2_021,5.418
5/28/2016,FOODS_2_021,7.0174
5/29/2016,FOODS_2_021,7.2945
5/23/2016,FOODS_2_024,1.7852
5/24/2016,FOODS_2_024,1.4452
5/25/2016,FOODS_2_024,1.1683
5/26/2016,FOODS_2_024,1.1865
5/27/2016,FOODS_2_024,1.2012
5/28/2016,FOODS_2_024,1.4413
5/29/2016,FOODS_2_024,1.4052
5/23/2016,FOODS_2_029,6.7131
5/24/2016,FOODS_2_029,5.1041
5/25/2016,FOODS_2_029,4.0684
5/26/2016,FOODS_2_029,4.1838
5/27/2016,FOODS_2_029,4.2065
5/28/2016,FOODS_2_029,4.9558
5/29/2016,FOODS_2_029,5.0309
5/23/2016,FOODS_2_030,3.8436
5/24/2016,FOODS_2_030,3.1631
5/25/2016,FOODS_2_030,2.6156
5/26/2016,FOODS_2_030,2.4951
5/27/2016,FOODS_2_030,2.624
5/28/2016,FOODS_2_030,2.9522
5/29/2016,FOODS_2_030,2.7966
5/23/2016,FOODS_2_036,3.4901
5/24/2016,FOODS_2_036,2.6293
5/25/2016,FOODS_2_036,2.3549
5/26/2016,FOODS_2_036,2.478
5/27/2016,FOODS_2_036,2.4373
5/28/2016,FOODS_2_036,2.7169
5/29/2016,FOODS_2_036,2.762
5/23/2016,FOODS_2_047,3.0657
5/24/2016,FOODS_2_047,2.1991
5/25/2016,FOODS_2_047,1.8324
5/26/2016,FOODS_2_047,1.8081
5/27/2016,FOODS_2_047,1.8521
5/28/2016,FOODS_2_047,2.2006
5/29/2016,FOODS_2_047,2.318
5/23/2016,FOODS_2_051,2.1148
5/24/2016,FOODS_2_051,1.7223
5/25/2016,FOODS_2_051,1.4323
5/26/2016,FOODS_2_051,1.3847
5/27/2016,FOODS_2_051,1.4496
5/28/2016,FOODS_2_051,1.7121
5/29/2016,FOODS_2_051,1.6573
5/23/2016,FOODS_2_052,3.3147
5/24/2016,FOODS_2_052,2.5714
5/25/2016,FOODS_2_052,2.1713
5/26/2016,FOODS_2_052,2.1776
5/27/2016,FOODS_2_052,2.1848
5/28/2016,FOODS_2_052,2.4373
5/29/2016,FOODS_2_052,2.3918
5/23/2016,FOODS_2_053,0.8285
5/24/2016,FOODS_2_053,0.6837
5/25/2016,FOODS_2_053,0.6398
5/26/2016,FOODS_2_053,0.6193
5/27/2016,FOODS_2_053,0.647
5/28/2016,FOODS_2_053,0.6692
5/29/2016,FOODS_2_053,0.6698
5/23/2016,FOODS_2_054,3.6831
5/24/2016,FOODS_2_054,2.8419
5/25/2016,FOODS_2_054,2.4989
5/26/2016,FOODS_2_054,2.4665
5/27/2016,FOODS_2_054,2.4875
5/28/2016,FOODS_2_054,2.818
5/29/2016,FOODS_2_054,2.6535
5/23/2016,FOODS_2_056,2.1676
5/24/2016,FOODS_2_056,1.6126
5/25/2016,FOODS_2_056,1.3834
5/26/2016,FOODS_2_056,1.388
5/27/2016,FOODS_2_056,1.36
5/28/2016,FOODS_2_056,1.6363
5/29/2016,FOODS_2_056,1.4731
5/23/2016,FOODS_2_058,0.4892
5/24/2016,FOODS_2_058,0.4442
5/25/2016,FOODS_2_058,0.4071
5/26/2016,FOODS_2_058,0.3998
5/27/2016,FOODS_2_058,0.3998
5/28/2016,FOODS_2_058,0.4404
5/29/2016,FOODS_2_058,0.4433
5/23/2016,FOODS_2_060,2.9829
5/24/2016,FOODS_2_060,2.3395
5/25/2016,FOODS_2_060,1.9879
5/26/2016,FOODS_2_060,1.9475
5/27/2016,FOODS_2_060,2.0558
5/28/2016,FOODS_2_060,2.4016
5/29/2016,FOODS_2_060,2.2073
5/23/2016,FOODS_2_061,2.3942
5/24/2016,FOODS_2_061,2.0582
5/25/2016,FOODS_2_061,1.581
5/26/2016,FOODS_2_061,1.6482
5/27/2016,FOODS_2_061,1.6422
5/28/2016,FOODS_2_061,1.8638
5/29/2016,FOODS_2_061,1.7343
5/23/2016,FOODS_2_063,2.6278
5/24/2016,FOODS_2_063,2.2012
5/25/2016,FOODS_2_063,1.8127
5/26/2016,FOODS_2_063,1.7746
5/27/2016,FOODS_2_063,1.766
5/28/2016,FOODS_2_063,2.1176
5/29/2016,FOODS_2_063,1.7669
5/23/2016,FOODS_2_072,1.0872
5/24/2016,FOODS_2_072,0.7619
5/25/2016,FOODS_2_072,0.7022
5/26/2016,FOODS_2_072,0.6902
5/27/2016,FOODS_2_072,0.6946
5/28/2016,FOODS_2_072,0.7941
5/29/2016,FOODS_2_072,0.8253
5/23/2016,FOODS_2_074,3.8027
5/24/2016,FOODS_2_074,2.854
5/25/2016,FOODS_2_074,2.5956
5/26/2016,FOODS_2_074,2.3618
5/27/2016,FOODS_2_074,2.4482
5/28/2016,FOODS_2_074,2.8361
5/29/2016,FOODS_2_074,2.7132
5/23/2016,FOODS_2_075,3.2436
5/24/2016,FOODS_2_075,2.3119
5/25/2016,FOODS_2_075,2.0493
5/26/2016,FOODS_2_075,1.9608
5/27/2016,FOODS_2_075,1.8949
5/28/2016,FOODS_2_075,2.2964
5/29/2016,FOODS_2_075,2.5383
5/23/2016,FOODS_2_078,0.0753
5/24/2016,FOODS_2_078,0.6629
5/25/2016,FOODS_2_078,0.5558
5/26/2016,FOODS_2_078,0.484
5/27/2016,FOODS_2_078,0.5513
5/28/2016,FOODS_2_078,0.6451
5/29/2016,FOODS_2_078,0.6512
5/23/2016,FOODS_2_081,3.4136
5/24/2016,FOODS_2_081,2.5649
5/25/2016,FOODS_2_081,2.2593
5/26/2016,FOODS_2_081,2.147
5/27/2016,FOODS_2_081,2.262
5/28/2016,FOODS_2_081,2.7001
5/29/2016,FOODS_2_081,2.6068
5/23/2016,FOODS_2_082,3.1973
5/24/2016,FOODS_2_082,2.3538
5/25/2016,FOODS_2_082,2.0193
5/26/2016,FOODS_2_082,1.9664
5/27/2016,FOODS_2_082,2.0662
5/28/2016,FOODS_2_082,2.2719
5/29/2016,FOODS_2_082,2.2682
5/23/2016,FOODS_2_092,0.4942
5/24/2016,FOODS_2_092,0.4163
5/25/2016,FOODS_2_092,0.3745
5/26/2016,FOODS_2_092,0.3698
5/27/2016,FOODS_2_092,0.3605
5/28/2016,FOODS_2_092,0.4073
5/29/2016,FOODS_2_092,0.4078
5/23/2016,FOODS_2_101,3.1606
5/24/2016,FOODS_2_101,2.5556
5/25/2016,FOODS_2_101,1.8624
5/26/2016,FOODS_2_101,1.902
5/27/2016,FOODS_2_101,1.8706
5/28/2016,FOODS_2_101,2.1313
5/29/2016,FOODS_2_101,2.2
5/23/2016,FOODS_2_107,1.0475
5/24/2016,FOODS_2_107,1.0937
5/25/2016,FOODS_2_107,0.9063
5/26/2016,FOODS_2_107,0.9075
5/27/2016,FOODS_2_107,1.0153
5/28/2016,FOODS_2_107,1.0148
5/29/2016,FOODS_2_107,0.894
5/23/2016,FOODS_2_108,0.9236
5/24/2016,FOODS_2_108,0.7054
5/25/2016,FOODS_2_108,0.621
5/26/2016,FOODS_2_108,0.6409
5/27/2016,FOODS_2_108,0.6231
5/28/2016,FOODS_2_108,0.6671
5/29/2016,FOODS_2_108,0.678
5/23/2016,FOODS_2_109,2.0714
5/24/2016,FOODS_2_109,1.7112
5/25/2016,FOODS_2_109,1.4509
5/26/2016,FOODS_2_109,1.3688
5/27/2016,FOODS_2_109,1.3769
5/28/2016,FOODS_2_109,1.6136
5/29/2016,FOODS_2_109,1.6098
5/23/2016,FOODS_2_112,2.5506
5/24/2016,FOODS_2_112,1.9
5/25/2016,FOODS_2_112,1.6223
5/26/2016,FOODS_2_112,1.6145
5/27/2016,FOODS_2_112,1.7326
5/28/2016,FOODS_2_112,1.8202
5/29/2016,FOODS_2_112,1.8058
5/23/2016,FOODS_2_116,1.4165
5/24/2016,FOODS_2_116,1.1186
5/25/2016,FOODS_2_116,1.1411
5/26/2016,FOODS_2_116,1.0669
5/27/2016,FOODS_2_116,1.1002
5/28/2016,FOODS_2_116,1.2543
5/29/2016,FOODS_2_116,1.193
5/23/2016,FOODS_2_119,3.0433
5/24/2016,FOODS_2_119,2.6127
5/25/2016,FOODS_2_119,2.2558
5/26/2016,FOODS_2_119,1.9926
5/27/2016,FOODS_2_119,2.0923
5/28/2016,FOODS_2_119,2.4077
5/29/2016,FOODS_2_119,2.3867
5/23/2016,FOODS_2_125,0.7917
5/24/2016,FOODS_2_125,0.7579
5/25/2016,FOODS_2_125,0.6512
5/26/2016,FOODS_2_125,0.6493
5/27/2016,FOODS_2_125,0.6449
5/28/2016,FOODS_2_125,0.7483
5/29/2016,FOODS_2_125,0.7787
5/23/2016,FOODS_2_126,0.9474
5/24/2016,FOODS_2_126,0.7246
5/25/2016,FOODS_2_126,0.6111
5/26/2016,FOODS_2_126,0.601
5/27/2016,FOODS_2_126,0.6378
5/28/2016,FOODS_2_126,0.7478
5/29/2016,FOODS_2_126,0.7223
5/23/2016,FOODS_2_128,10.9579
5/24/2016,FOODS_2_128,9.1548
5/25/2016,FOODS_2_128,8.1672
5/26/2016,FOODS_2_128,7.8057
5/27/2016,FOODS_2_128,7.3156
5/28/2016,FOODS_2_128,8.0483
5/29/2016,FOODS_2_128,8.4329
5/23/2016,FOODS_2_131,7.262
5/24/2016,FOODS_2_131,5.3793
5/25/2016,FOODS_2_131,4.7111
5/26/2016,FOODS_2_131,4.7362
5/27/2016,FOODS_2_131,4.7363
5/28/2016,FOODS_2_131,5.568
5/29/2016,FOODS_2_131,5.723
5/23/2016,FOODS_2_132,0.7808
5/24/2016,FOODS_2_132,0.6576
5/25/2016,FOODS_2_132,0.5635
5/26/2016,FOODS_2_132,0.5727
5/27/2016,FOODS_2_132,0.5721
5/28/2016,FOODS_2_132,0.693
5/29/2016,FOODS_2_132,0.6057
5/23/2016,FOODS_2_138,2.1965
5/24/2016,FOODS_2_138,2.1051
5/25/2016,FOODS_2_138,1.8499
5/26/2016,FOODS_2_138,1.9477
5/27/2016,FOODS_2_138,1.76
5/28/2016,FOODS_2_138,2.2513
5/29/2016,FOODS_2_138,2.0923
5/23/2016,FOODS_2_139,2.1908
5/24/2016,FOODS_2_139,2.0373
5/25/2016,FOODS_2_139,1.9323
5/26/2016,FOODS_2_139,1.8326
5/27/2016,FOODS_2_139,1.8949
5/28/2016,FOODS_2_139,2.1579
5/29/2016,FOODS_2_139,2.1363
5/23/2016,FOODS_2_145,2.1162
5/24/2016,FOODS_2_145,1.7196
5/25/2016,FOODS_2_145,1.525
5/26/2016,FOODS_2_145,1.4599
5/27/2016,FOODS_2_145,1.5153
5/28/2016,FOODS_2_145,1.6801
5/29/2016,FOODS_2_145,1.7112
5/23/2016,FOODS_2_146,1.6335
5/24/2016,FOODS_2_146,1.4123
5/25/2016,FOODS_2_146,1.1381
5/26/2016,FOODS_2_146,1.1617
5/27/2016,FOODS_2_146,1.1348
5/28/2016,FOODS_2_146,1.2774
5/29/2016,FOODS_2_146,1.3699
5/23/2016,FOODS_2_150,3.4728
5/24/2016,FOODS_2_150,2.5365
5/25/2016,FOODS_2_150,2.1882
5/26/2016,FOODS_2_150,2.1873
5/27/2016,FOODS_2_150,2.2281
5/28/2016,FOODS_2_150,2.3673
5/29/2016,FOODS_2_150,2.4542
5/23/2016,FOODS_2_152,2.3652
5/24/2016,FOODS_2_152,1.7582
5/25/2016,FOODS_2_152,1.5196
5/26/2016,FOODS_2_152,1.5504
5/27/2016,FOODS_2_152,1.5592
5/28/2016,FOODS_2_152,1.709
5/29/2016,FOODS_2_152,1.5731
5/23/2016,FOODS_2_153,4.1979
5/24/2016,FOODS_2_153,3.1887
5/25/2016,FOODS_2_153,2.6529
5/26/2016,FOODS_2_153,2.8042
5/27/2016,FOODS_2_153,2.9023
5/28/2016,FOODS_2_153,3.3015
5/29/2016,FOODS_2_153,3.3553
5/23/2016,FOODS_2_156,1.0211
5/24/2016,FOODS_2_156,0.96
5/25/2016,FOODS_2_156,0.8609
5/26/2016,FOODS_2_156,0.8691
5/27/2016,FOODS_2_156,0.8321
5/28/2016,FOODS_2_156,0.9581
5/29/2016,FOODS_2_156,0.9004
5/23/2016,FOODS_2_164,2.4053
5/24/2016,FOODS_2_164,1.9619
5/25/2016,FOODS_2_164,1.6098
5/26/2016,FOODS_2_164,1.5977
5/27/2016,FOODS_2_164,1.6082
5/28/2016,FOODS_2_164,1.8487
5/29/2016,FOODS_2_164,1.8815
5/23/2016,FOODS_2_170,2.2312
5/24/2016,FOODS_2_170,1.7214
5/25/2016,FOODS_2_170,1.3775
5/26/2016,FOODS_2_170,1.3802
5/27/2016,FOODS_2_170,1.3118
5/28/2016,FOODS_2_170,1.5012
5/29/2016,FOODS_2_170,1.4011
5/23/2016,FOODS_2_173,1.6511
5/24/2016,FOODS_2_173,1.2774
5/25/2016,FOODS_2_173,1.1777
5/26/2016,FOODS_2_173,1.0854
5/27/2016,FOODS_2_173,1.0935
5/28/2016,FOODS_2_173,1.2348
5/29/2016,FOODS_2_173,1.1613
5/23/2016,FOODS_2_174,1.4993
5/24/2016,FOODS_2_174,1.1141
5/25/2016,FOODS_2_174,1.027
5/26/2016,FOODS_2_174,1.131
5/27/2016,FOODS_2_174,1.0028
5/28/2016,FOODS_2_174,1.197
5/29/2016,FOODS_2_174,1.1957
5/23/2016,FOODS_2_175,2.9634
5/24/2016,FOODS_2_175,2.4529
5/25/2016,FOODS_2_175,2.0449
5/26/2016,FOODS_2_175,2.0151
5/27/2016,FOODS_2_175,2.0789
5/28/2016,FOODS_2_175,2.2638
5/29/2016,FOODS_2_175,2.3683
5/23/2016,FOODS_2_177,1.1274
5/24/2016,FOODS_2_177,0.9537
5/25/2016,FOODS_2_177,0.8379
5/26/2016,FOODS_2_177,0.847
5/27/2016,FOODS_2_177,0.845
5/28/2016,FOODS_2_177,0.9612
5/29/2016,FOODS_2_177,0.9226
5/23/2016,FOODS_2_181,6.1602
5/24/2016,FOODS_2_181,4.5968
5/25/2016,FOODS_2_181,3.7957
5/26/2016,FOODS_2_181,3.6216
5/27/2016,FOODS_2_181,3.6627
5/28/2016,FOODS_2_181,4.5237
5/29/2016,FOODS_2_181,4.38
5/23/2016,FOODS_2_183,4.0339
5/24/2016,FOODS_2_183,3.0779
5/25/2016,FOODS_2_183,2.5942
5/26/2016,FOODS_2_183,2.479
5/27/2016,FOODS_2_183,2.4637
5/28/2016,FOODS_2_183,2.909
5/29/2016,FOODS_2_183,2.8656
5/23/2016,FOODS_2_184,1.7356
5/24/2016,FOODS_2_184,1.4339
5/25/2016,FOODS_2_184,1.2958
5/26/2016,FOODS_2_184,1.2614
5/27/2016,FOODS_2_184,1.2693
5/28/2016,FOODS_2_184,1.4793
5/29/2016,FOODS_2_184,1.4259
5/23/2016,FOODS_2_188,0.7079
5/24/2016,FOODS_2_188,0.6205
5/25/2016,FOODS_2_188,0.5191
5/26/2016,FOODS_2_188,0.4501
5/27/2016,FOODS_2_188,0.4551
5/28/2016,FOODS_2_188,0.492
5/29/2016,FOODS_2_188,0.5099
5/23/2016,FOODS_2_189,1.9172
5/24/2016,FOODS_2_189,1.5877
5/25/2016,FOODS_2_189,1.3068
5/26/2016,FOODS_2_189,1.3514
5/27/2016,FOODS_2_189,1.2544
5/28/2016,FOODS_2_189,1.4487
5/29/2016,FOODS_2_189,1.4281
5/23/2016,FOODS_2_192,2.7025
5/24/2016,FOODS_2_192,2.1477
5/25/2016,FOODS_2_192,1.7995
5/26/2016,FOODS_2_192,1.7905
5/27/2016,FOODS_2_192,1.9344
5/28/2016,FOODS_2_192,2.3295
5/29/2016,FOODS_2_192,1.8973
5/23/2016,FOODS_2_194,4.4809
5/24/2016,FOODS_2_194,3.3758
5/25/2016,FOODS_2_194,2.7377
5/26/2016,FOODS_2_194,2.7936
5/27/2016,FOODS_2_194,2.7153
5/28/2016,FOODS_2_194,3.1854
5/29/2016,FOODS_2_194,3.2419
5/23/2016,FOODS_2_196,0.3842
5/24/2016,FOODS_2_196,0.3994
5/25/2016,FOODS_2_196,0.3601
5/26/2016,FOODS_2_196,0.3622
5/27/2016,FOODS_2_196,0.3622
5/28/2016,FOODS_2_196,0.4033
5/29/2016,FOODS_2_196,0.408
5/23/2016,FOODS_2_197,22.808
5/24/2016,FOODS_2_197,19.7311
5/25/2016,FOODS_2_197,16.2386
5/26/2016,FOODS_2_197,15.5266
5/27/2016,FOODS_2_197,15.8585
5/28/2016,FOODS_2_197,18.1641
5/29/2016,FOODS_2_197,18.8355
5/23/2016,FOODS_2_199,2.1296
5/24/2016,FOODS_2_199,1.7167
5/25/2016,FOODS_2_199,1.5076
5/26/2016,FOODS_2_199,1.562
5/27/2016,FOODS_2_199,1.527
5/28/2016,FOODS_2_199,1.7311
5/29/2016,FOODS_2_199,1.7844
5/23/2016,FOODS_2_204,6.6209
5/24/2016,FOODS_2_204,4.991
5/25/2016,FOODS_2_204,4.1339
5/26/2016,FOODS_2_204,3.8874
5/27/2016,FOODS_2_204,3.9885
5/28/2016,FOODS_2_204,5.5468
5/29/2016,FOODS_2_204,5.8151
5/23/2016,FOODS_2_212,1.9319
5/24/2016,FOODS_2_212,1.642
5/25/2016,FOODS_2_212,1.1852
5/26/2016,FOODS_2_212,1.248
5/27/2016,FOODS_2_212,1.2025
5/28/2016,FOODS_2_212,1.3714
5/29/2016,FOODS_2_212,1.4643
5/23/2016,FOODS_2_218,0.9692
5/24/2016,FOODS_2_218,0.7598
5/25/2016,FOODS_2_218,0.7008
5/26/2016,FOODS_2_218,0.6914
5/27/2016,FOODS_2_218,0.71
5/28/2016,FOODS_2_218,0.7758
5/29/2016,FOODS_2_218,0.819
5/23/2016,FOODS_2_220,2.3182
5/24/2016,FOODS_2_220,1.8752
5/25/2016,FOODS_2_220,1.5769
5/26/2016,FOODS_2_220,1.6501
5/27/2016,FOODS_2_220,1.6432
5/28/2016,FOODS_2_220,1.8094
5/29/2016,FOODS_2_220,1.5499
5/23/2016,FOODS_2_222,7.0095
5/24/2016,FOODS_2_222,5.1252
5/25/2016,FOODS_2_222,4.7422
5/26/2016,FOODS_2_222,4.6139
5/27/2016,FOODS_2_222,4.4693
5/28/2016,FOODS_2_222,5.6855
5/29/2016,FOODS_2_222,5.7417
5/23/2016,FOODS_2_225,2.1184
5/24/2016,FOODS_2_225,1.6967
5/25/2016,FOODS_2_225,1.4586
5/26/2016,FOODS_2_225,1.4948
5/27/2016,FOODS_2_225,1.4239
5/28/2016,FOODS_2_225,1.6863
5/29/2016,FOODS_2_225,1.523
5/23/2016,FOODS_2_232,1.8325
5/24/2016,FOODS_2_232,1.5519
5/25/2016,FOODS_2_232,1.3328
5/26/2016,FOODS_2_232,1.2873
5/27/2016,FOODS_2_232,1.2658
5/28/2016,FOODS_2_232,1.1799
5/29/2016,FOODS_2_232,1.1852
5/23/2016,FOODS_2_233,2.4842
5/24/2016,FOODS_2_233,1.8162
5/25/2016,FOODS_2_233,1.5682
5/26/2016,FOODS_2_233,1.5604
5/27/2016,FOODS_2_233,1.6487
5/28/2016,FOODS_2_233,1.8913
5/29/2016,FOODS_2_233,1.7672
5/23/2016,FOODS_2_237,1.7848
5/24/2016,FOODS_2_237,1.4043
5/25/2016,FOODS_2_237,1.1604
5/26/2016,FOODS_2_237,1.1091
5/27/2016,FOODS_2_237,1.1367
5/28/2016,FOODS_2_237,1.2365
5/29/2016,FOODS_2_237,1.179
5/23/2016,FOODS_2_240,0.8816
5/24/2016,FOODS_2_240,1.1144
5/25/2016,FOODS_2_240,0.8902
5/26/2016,FOODS_2_240,0.8689
5/27/2016,FOODS_2_240,0.8761
5/28/2016,FOODS_2_240,1.021
5/29/2016,FOODS_2_240,0.9596
5/23/2016,FOODS_2_241,9.9709
5/24/2016,FOODS_2_241,6.6223
5/25/2016,FOODS_2_241,5.8268
5/26/2016,FOODS_2_241,5.6713
5/27/2016,FOODS_2_241,5.8426
5/28/2016,FOODS_2_241,6.739
5/29/2016,FOODS_2_241,7.4784
5/23/2016,FOODS_2_244,8.329
5/24/2016,FOODS_2_244,5.8833
5/25/2016,FOODS_2_244,5.1692
5/26/2016,FOODS_2_244,4.5724
5/27/2016,FOODS_2_244,4.7406
5/28/2016,FOODS_2_244,5.7252
5/29/2016,FOODS_2_244,5.5123
5/23/2016,FOODS_2_245,0.8618
5/24/2016,FOODS_2_245,0.6908
5/25/2016,FOODS_2_245,0.5912
5/26/2016,FOODS_2_245,0.586
5/27/2016,FOODS_2_245,0.617
5/28/2016,FOODS_2_245,0.6973
5/29/2016,FOODS_2_245,0.6999
5/23/2016,FOODS_2_247,2.8566
5/24/2016,FOODS_2_247,2.2548
5/25/2016,FOODS_2_247,1.8982
5/26/2016,FOODS_2_247,1.8645
5/27/2016,FOODS_2_247,1.8704
5/28/2016,FOODS_2_247,2.2447
5/29/2016,FOODS_2_247,2.1721
5/23/2016,FOODS_2_255,1.5773
5/24/2016,FOODS_2_255,1.2306
5/25/2016,FOODS_2_255,1.0698
5/26/2016,FOODS_2_255,1.0961
5/27/2016,FOODS_2_255,1.1319
5/28/2016,FOODS_2_255,1.2871
5/29/2016,FOODS_2_255,1.275
5/23/2016,FOODS_2_257,1.1788
5/24/2016,FOODS_2_257,1.967
5/25/2016,FOODS_2_257,1.5426
5/26/2016,FOODS_2_257,1.5294
5/27/2016,FOODS_2_257,1.5524
5/28/2016,FOODS_2_257,1.7075
5/29/2016,FOODS_2_257,1.7057
5/23/2016,FOODS_2_260,0.7633
5/24/2016,FOODS_2_260,0.631
5/25/2016,FOODS_2_260,0.549
5/26/2016,FOODS_2_260,0.5442
5/27/2016,FOODS_2_260,0.5592
5/28/2016,FOODS_2_260,0.6484
5/29/2016,FOODS_2_260,0.5517
5/23/2016,FOODS_2_267,2.6061
5/24/2016,FOODS_2_267,2.2934
5/25/2016,FOODS_2_267,1.9928
5/26/2016,FOODS_2_267,1.9203
5/27/2016,FOODS_2_267,1.9173
5/28/2016,FOODS_2_267,2.2323
5/29/2016,FOODS_2_267,2.187
5/23/2016,FOODS_2_273,0.8369
5/24/2016,FOODS_2_273,0.7796
5/25/2016,FOODS_2_273,0.7021
5/26/2016,FOODS_2_273,0.6717
5/27/2016,FOODS_2_273,0.6926
5/28/2016,FOODS_2_273,0.8066
5/29/2016,FOODS_2_273,0.809
5/23/2016,FOODS_2_274,1.8302
5/24/2016,FOODS_2_274,1.4177
5/25/2016,FOODS_2_274,1.2378
5/26/2016,FOODS_2_274,1.1293
5/27/2016,FOODS_2_274,1.1962
5/28/2016,FOODS_2_274,1.2172
5/29/2016,FOODS_2_274,1.2272
5/23/2016,FOODS_2_276,12.1862
5/24/2016,FOODS_2_276,8.3243
5/25/2016,FOODS_2_276,7.1029
5/26/2016,FOODS_2_276,7.057
5/27/2016,FOODS_2_276,7.2659
5/28/2016,FOODS_2_276,8.6514
5/29/2016,FOODS_2_276,9.5581
5/23/2016,FOODS_2_283,1.6987
5/24/2016,FOODS_2_283,1.6624
5/25/2016,FOODS_2_283,1.5318
5/26/2016,FOODS_2_283,1.5341
5/27/2016,FOODS_2_283,1.4617
5/28/2016,FOODS_2_283,1.6599
5/29/2016,FOODS_2_283,1.5917
5/23/2016,FOODS_2_285,2.305
5/24/2016,FOODS_2_285,1.7376
5/25/2016,FOODS_2_285,1.534
5/26/2016,FOODS_2_285,1.5337
5/27/2016,FOODS_2_285,1.5872
5/28/2016,FOODS_2_285,1.7543
5/29/2016,FOODS_2_285,1.7752
5/23/2016,FOODS_2_289,1.6788
5/24/2016,FOODS_2_289,1.3096
5/25/2016,FOODS_2_289,1.1355
5/26/2016,FOODS_2_289,1.1318
5/27/2016,FOODS_2_289,1.1306
5/28/2016,FOODS_2_289,1.3636
5/29/2016,FOODS_2_289,1.2623
5/23/2016,FOODS_2_293,3.1698
5/24/2016,FOODS_2_293,2.5408
5/25/2016,FOODS_2_293,2.457
5/26/2016,FOODS_2_293,2.3973
5/27/2016,FOODS_2_293,2.6273
5/28/2016,FOODS_2_293,3.0187
5/29/2016,FOODS_2_293,2.5572
5/23/2016,FOODS_2_294,3.6467
5/24/2016,FOODS_2_294,2.9631
5/25/2016,FOODS_2_294,2.5748
5/26/2016,FOODS_2_294,2.6892
5/27/2016,FOODS_2_294,2.7207
5/28/2016,FOODS_2_294,3.2612
5/29/2016,FOODS_2_294,3.0877
5/23/2016,FOODS_2_297,0.7291
5/24/2016,FOODS_2_297,0.6163
5/25/2016,FOODS_2_297,0.5446
5/26/2016,FOODS_2_297,0.5759
5/27/2016,FOODS_2_297,0.6009
5/28/2016,FOODS_2_297,0.7352
5/29/2016,FOODS_2_297,0.7063
5/23/2016,FOODS_2_299,4.3654
5/24/2016,FOODS_2_299,3.2494
5/25/2016,FOODS_2_299,3.0363
5/26/2016,FOODS_2_299,3.0582
5/27/2016,FOODS_2_299,3.2301
5/28/2016,FOODS_2_299,3.5344
5/29/2016,FOODS_2_299,3.45
5/23/2016,FOODS_2_304,3.1739
5/24/2016,FOODS_2_304,2.2784
5/25/2016,FOODS_2_304,1.9358
5/26/2016,FOODS_2_304,1.8171
5/27/2016,FOODS_2_304,1.8326
5/28/2016,FOODS_2_304,2.2944
5/29/2016,FOODS_2_304,2.2827
5/23/2016,FOODS_2_307,3.6321
5/24/2016,FOODS_2_307,2.8372
5/25/2016,FOODS_2_307,2.4646
5/26/2016,FOODS_2_307,2.4295
5/27/2016,FOODS_2_307,2.3987
5/28/2016,FOODS_2_307,2.6685
5/29/2016,FOODS_2_307,2.5243
5/23/2016,FOODS_2_309,2.4554
5/24/2016,FOODS_2_309,2.1079
5/25/2016,FOODS_2_309,1.7593
5/26/2016,FOODS_2_309,1.7729
5/27/2016,FOODS_2_309,1.9119
5/28/2016,FOODS_2_309,2.126
5/29/2016,FOODS_2_309,2.0829
5/23/2016,FOODS_2_311,2.2291
5/24/2016,FOODS_2_311,1.747
5/25/2016,FOODS_2_311,1.6426
5/26/2016,FOODS_2_311,1.5405
5/27/2016,FOODS_2_311,1.6162
5/28/2016,FOODS_2_311,1.8102
5/29/2016,FOODS_2_311,1.8508
5/23/2016,FOODS_2_315,3.6706
5/24/2016,FOODS_2_315,2.901
5/25/2016,FOODS_2_315,2.6048
5/26/2016,FOODS_2_315,2.5161
5/27/2016,FOODS_2_315,2.5127
5/28/2016,FOODS_2_315,2.7684
5/29/2016,FOODS_2_315,2.8036
5/23/2016,FOODS_2_319,0.8695
5/24/2016,FOODS_2_319,0.8005
5/25/2016,FOODS_2_319,0.6699
5/26/2016,FOODS_2_319,0.6473
5/27/2016,FOODS_2_319,0.5787
5/28/2016,FOODS_2_319,0.6833
5/29/2016,FOODS_2_319,0.6547
5/23/2016,FOODS_2_325,6.1694
5/24/2016,FOODS_2_325,4.9253
5/25/2016,FOODS_2_325,3.9274
5/26/2016,FOODS_2_325,3.9129
5/27/2016,FOODS_2_325,4.4869
5/28/2016,FOODS_2_325,4.8932
5/29/2016,FOODS_2_325,4.7572
5/23/2016,FOODS_2_326,8.818
5/24/2016,FOODS_2_326,7.0241
5/25/2016,FOODS_2_326,5.776
5/26/2016,FOODS_2_326,5.6232
5/27/2016,FOODS_2_326,5.2651
5/28/2016,FOODS_2_326,6.0992
5/29/2016,FOODS_2_326,6.8713
5/23/2016,FOODS_2_327,2.7141
5/24/2016,FOODS_2_327,2.2684
5/25/2016,FOODS_2_327,1.9134
5/26/2016,FOODS_2_327,1.8857
5/27/2016,FOODS_2_327,2.0285
5/28/2016,FOODS_2_327,2.2495
5/29/2016,FOODS_2_327,1.8286
5/23/2016,FOODS_2_330,0.6959
5/24/2016,FOODS_2_330,0.5962
5/25/2016,FOODS_2_330,0.4928
5/26/2016,FOODS_2_330,0.4724
5/27/2016,FOODS_2_330,0.4625
5/28/2016,FOODS_2_330,0.5208
5/29/2016,FOODS_2_330,0.4968
5/23/2016,FOODS_2_340,0.9213
5/24/2016,FOODS_2_340,0.8837
5/25/2016,FOODS_2_340,0.7095
5/26/2016,FOODS_2_340,0.7059
5/27/2016,FOODS_2_340,0.7029
5/28/2016,FOODS_2_340,0.7553
5/29/2016,FOODS_2_340,0.7889
5/23/2016,FOODS_2_342,2.7555
5/24/2016,FOODS_2_342,2.202
5/25/2016,FOODS_2_342,1.7102
5/26/2016,FOODS_2_342,1.7317
5/27/2016,FOODS_2_342,1.7177
5/28/2016,FOODS_2_342,1.8988
5/29/2016,FOODS_2_342,2.0587
5/23/2016,FOODS_2_346,7.0101
5/24/2016,FOODS_2_346,5.3248
5/25/2016,FOODS_2_346,4.5794
5/26/2016,FOODS_2_346,4.5593
5/27/2016,FOODS_2_346,4.5174
5/28/2016,FOODS_2_346,5.2768
5/29/2016,FOODS_2_346,5.5728
5/23/2016,FOODS_2_347,12.2765
5/24/2016,FOODS_2_347,9.5377
5/25/2016,FOODS_2_347,9.181
5/26/2016,FOODS_2_347,8.6448
5/27/2016,FOODS_2_347,9.5472
5/28/2016,FOODS_2_347,10.0732
5/29/2016,FOODS_2_347,10.5071
5/23/2016,FOODS_2_349,5.1395
5/24/2016,FOODS_2_349,3.6504
5/25/2016,FOODS_2_349,3.4352
5/26/2016,FOODS_2_349,3.2098
5/27/2016,FOODS_2_349,3.129
5/28/2016,FOODS_2_349,3.9349
5/29/2016,FOODS_2_349,3.8994
5/23/2016,FOODS_2_356,1.5606
5/24/2016,FOODS_2_356,1.2342
5/25/2016,FOODS_2_356,0.9989
5/26/2016,FOODS_2_356,1.0203
5/27/2016,FOODS_2_356,1.0473
5/28/2016,FOODS_2_356,1.1556
5/29/2016,FOODS_2_356,1.1113
5/23/2016,FOODS_2_357,3.6942
5/24/2016,FOODS_2_357,2.552
5/25/2016,FOODS_2_357,2.2992
5/26/2016,FOODS_2_357,2.1943
5/27/2016,FOODS_2_357,2.2155
5/28/2016,FOODS_2_357,2.589
5/29/2016,FOODS_2_357,2.5629
5/23/2016,FOODS_2_358,0.6734
5/24/2016,FOODS_2_358,0.5986
5/25/2016,FOODS_2_358,0.4627
5/26/2016,FOODS_2_358,0.4709
5/27/2016,FOODS_2_358,0.4587
5/28/2016,FOODS_2_358,0.524
5/29/2016,FOODS_2_358,0.5365
5/23/2016,FOODS_2_359,3.1232
5/24/2016,FOODS_2_359,2.9815
5/25/2016,FOODS_2_359,2.7167
5/26/2016,FOODS_2_359,2.6788
5/27/2016,FOODS_2_359,2.824
5/28/2016,FOODS_2_359,3.2889
5/29/2016,FOODS_2_359,3.2836
5/23/2016,FOODS_2_360,14.2706
5/24/2016,FOODS_2_360,10.051
5/25/2016,FOODS_2_360,8.7812
5/26/2016,FOODS_2_360,9.0487
5/27/2016,FOODS_2_360,7.8593
5/28/2016,FOODS_2_360,9.3705
5/29/2016,FOODS_2_360,10.3349
5/23/2016,FOODS_2_371,9.5042
5/24/2016,FOODS_2_371,6.9357
5/25/2016,FOODS_2_371,6.0922
5/26/2016,FOODS_2_371,6.2134
5/27/2016,FOODS_2_371,6.6043
5/28/2016,FOODS_2_371,8.1513
5/29/2016,FOODS_2_371,8.3281
5/23/2016,FOODS_2_374,3.2856
5/24/2016,FOODS_2_374,2.4568
5/25/2016,FOODS_2_374,2.1906
5/26/2016,FOODS_2_374,2.238
5/27/2016,FOODS_2_374,2.3649
5/28/2016,FOODS_2_374,2.5325
5/29/2016,FOODS_2_374,2.4194
5/23/2016,FOODS_2_376,1.4607
5/24/2016,FOODS_2_376,1.4001
5/25/2016,FOODS_2_376,1.2741
5/26/2016,FOODS_2_376,1.3085
5/27/2016,FOODS_2_376,1.2843
5/28/2016,FOODS_2_376,1.5124
5/29/2016,FOODS_2_376,1.4003
5/23/2016,FOODS_2_380,2.024
5/24/2016,FOODS_2_380,1.6664
5/25/2016,FOODS_2_380,1.4504
5/26/2016,FOODS_2_380,1.4106
5/27/2016,FOODS_2_380,1.4109
5/28/2016,FOODS_2_380,1.6029
5/29/2016,FOODS_2_380,1.4936
5/23/2016,FOODS_2_385,2.0629
5/24/2016,FOODS_2_385,1.6203
5/25/2016,FOODS_2_385,1.4684
5/26/2016,FOODS_2_385,1.4626
5/27/2016,FOODS_2_385,1.4559
5/28/2016,FOODS_2_385,1.6137
5/29/2016,FOODS_2_385,1.6437
5/23/2016,FOODS_2_388,2.7896
5/24/2016,FOODS_2_388,2.083
5/25/2016,FOODS_2_388,1.7448
5/26/2016,FOODS_2_388,1.7159
5/27/2016,FOODS_2_388,1.7182
5/28/2016,FOODS_2_388,1.9299
5/29/2016,FOODS_2_388,2.0835
5/23/2016,FOODS_2_391,2.0445
5/24/2016,FOODS_2_391,1.7801
5/25/2016,FOODS_2_391,1.4986
5/26/2016,FOODS_2_391,1.5176
5/27/2016,FOODS_2_391,1.5353
5/28/2016,FOODS_2_391,1.6589
5/29/2016,FOODS_2_391,1.5072
5/23/2016,FOODS_2_394,0.6931
5/24/2016,FOODS_2_394,0.6197
5/25/2016,FOODS_2_394,0.5296
5/26/2016,FOODS_2_394,0.4946
5/27/2016,FOODS_2_394,0.4604
5/28/2016,FOODS_2_394,0.5421
5/29/2016,FOODS_2_394,0.5258
5/23/2016,FOODS_2_396,3.2022
5/24/2016,FOODS_2_396,2.3453
5/25/2016,FOODS_2_396,1.9683
5/26/2016,FOODS_2_396,1.9495
5/27/2016,FOODS_2_396,1.9647
5/28/2016,FOODS_2_396,2.1724
5/29/2016,FOODS_2_396,2.2742
5/23/2016,FOODS_2_399,2.4165
5/24/2016,FOODS_2_399,2.0159
5/25/2016,FOODS_2_399,1.5977
5/26/2016,FOODS_2_399,1.6551
5/27/2016,FOODS_2_399,1.7404
5/28/2016,FOODS_2_399,1.8318
5/29/2016,FOODS_2_399,1.8046
5/23/2016,HOUSEHOLD_1_004,2.3173
5/24/2016,HOUSEHOLD_1_004,2.0514
5/25/2016,HOUSEHOLD_1_004,1.7863
5/26/2016,HOUSEHOLD_1_004,1.7893
5/27/2016,HOUSEHOLD_1_004,1.9868
5/28/2016,HOUSEHOLD_1_004,2.0623
5/29/2016,HOUSEHOLD_1_004,1.8644
5/23/2016,HOUSEHOLD_1_007,2.6772
5/24/2016,HOUSEHOLD_1_007,2.1491
5/25/2016,HOUSEHOLD_1_007,1.8036
5/26/2016,HOUSEHOLD_1_007,1.746
5/27/2016,HOUSEHOLD_1_007,1.838
5/28/2016,HOUSEHOLD_1_007,2.0592
5/29/2016,HOUSEHOLD_1_007,2.0654
5/23/2016,HOUSEHOLD_1_008,0.4852
5/24/2016,HOUSEHOLD_1_008,0.4352
5/25/2016,HOUSEHOLD_1_008,0.3897
5/26/2016,HOUSEHOLD_1_008,0.3867
5/27/2016,HOUSEHOLD_1_008,0.3816
5/28/2016,HOUSEHOLD_1_008,0.4329
5/29/2016,HOUSEHOLD_1_008,0.4325
5/23/2016,HOUSEHOLD_1_014,0.502
5/24/2016,HOUSEHOLD_1_014,0.4466
5/25/2016,HOUSEHOLD_1_014,0.3758
5/26/2016,HOUSEHOLD_1_014,0.3754
5/27/2016,HOUSEHOLD_1_014,0.3892
5/28/2016,HOUSEHOLD_1_014,0.4471
5/29/2016,HOUSEHOLD_1_014,0.4591
5/23/2016,HOUSEHOLD_1_016,1.9362
5/24/2016,HOUSEHOLD_1_016,1.468
5/25/2016,HOUSEHOLD_1_016,1.3226
5/26/2016,HOUSEHOLD_1_016,1.3317
5/27/2016,HOUSEHOLD_1_016,1.3351
5/28/2016,HOUSEHOLD_1_016,1.5858
5/29/2016,HOUSEHOLD_1_016,1.5821
5/23/2016,HOUSEHOLD_1_017,1.2104
5/24/2016,HOUSEHOLD_1_017,0.9393
5/25/2016,HOUSEHOLD_1_017,0.8502
5/26/2016,HOUSEHOLD_1_017,0.8497
5/27/2016,HOUSEHOLD_1_017,0.8469
5/28/2016,HOUSEHOLD_1_017,1.0154
5/29/2016,HOUSEHOLD_1_017,0.9259
5/23/2016,HOUSEHOLD_1_019,0.6457
5/24/2016,HOUSEHOLD_1_019,0.8911
5/25/2016,HOUSEHOLD_1_019,1.1473
5/26/2016,HOUSEHOLD_1_019,1.2957
5/27/2016,HOUSEHOLD_1_019,1.4757
5/28/2016,HOUSEHOLD_1_019,1.8461
5/29/2016,HOUSEHOLD_1_019,2.0621
5/23/2016,HOUSEHOLD_1_025,0.7242
5/24/2016,HOUSEHOLD_1_025,0.6191
5/25/2016,HOUSEHOLD_1_025,0.5318
5/26/2016,HOUSEHOLD_1_025,0.5408
5/27/2016,HOUSEHOLD_1_025,0.5093
5/28/2016,HOUSEHOLD_1_025,0.5478
5/29/2016,HOUSEHOLD_1_025,0.5212
5/23/2016,HOUSEHOLD_1_027,3.1814
5/24/2016,HOUSEHOLD_1_027,2.4602
5/25/2016,HOUSEHOLD_1_027,2.1616
5/26/2016,HOUSEHOLD_1_027,2.1455
5/27/2016,HOUSEHOLD_1_027,2.14
5/28/2016,HOUSEHOLD_1_027,2.4
5/29/2016,HOUSEHOLD_1_027,2.3032
5/23/2016,HOUSEHOLD_1_028,1.5809
5/24/2016,HOUSEHOLD_1_028,1.1717
5/25/2016,HOUSEHOLD_1_028,1.0551
5/26/2016,HOUSEHOLD_1_028,1.0516
5/27/2016,HOUSEHOLD_1_028,1.0345
5/28/2016,HOUSEHOLD_1_028,1.1943
5/29/2016,HOUSEHOLD_1_028,1.1054
5/23/2016,HOUSEHOLD_1_032,11.5948
5/24/2016,HOUSEHOLD_1_032,8.7286
5/25/2016,HOUSEHOLD_1_032,7.8986
5/26/2016,HOUSEHOLD_1_032,7.6257
5/27/2016,HOUSEHOLD_1_032,8.655
5/28/2016,HOUSEHOLD_1_032,10.3586
5/29/2016,HOUSEHOLD_1_032,9.7976
5/23/2016,HOUSEHOLD_1_038,2.6814
5/24/2016,HOUSEHOLD_1_038,1.9914
5/25/2016,HOUSEHOLD_1_038,1.6378
5/26/2016,HOUSEHOLD_1_038,1.6094
5/27/2016,HOUSEHOLD_1_038,1.5806
5/28/2016,HOUSEHOLD_1_038,1.7412
5/29/2016,HOUSEHOLD_1_038,1.7557
5/23/2016,HOUSEHOLD_1_040,3.1816
5/24/2016,HOUSEHOLD_1_040,2.2504
5/25/2016,HOUSEHOLD_1_040,1.899
5/26/2016,HOUSEHOLD_1_040,1.8155
5/27/2016,HOUSEHOLD_1_040,1.8439
5/28/2016,HOUSEHOLD_1_040,2.1972
5/29/2016,HOUSEHOLD_1_040,2.2552
5/23/2016,HOUSEHOLD_1_045,2.4249
5/24/2016,HOUSEHOLD_1_045,1.9171
5/25/2016,HOUSEHOLD_1_045,1.5685
5/26/2016,HOUSEHOLD_1_045,1.6286
5/27/2016,HOUSEHOLD_1_045,1.5451
5/28/2016,HOUSEHOLD_1_045,1.8284
5/29/2016,HOUSEHOLD_1_045,1.8119
5/23/2016,HOUSEHOLD_1_047,1.2449
5/24/2016,HOUSEHOLD_1_047,0.9163
5/25/2016,HOUSEHOLD_1_047,0.8429
5/26/2016,HOUSEHOLD_1_047,0.8601
5/27/2016,HOUSEHOLD_1_047,0.8284
5/28/2016,HOUSEHOLD_1_047,0.9742
5/29/2016,HOUSEHOLD_1_047,0.9784
5/23/2016,HOUSEHOLD_1_048,3.0993
5/24/2016,HOUSEHOLD_1_048,2.4147
5/25/2016,HOUSEHOLD_1_048,2.0662
5/26/2016,HOUSEHOLD_1_048,2.1483
5/27/2016,HOUSEHOLD_1_048,2.1411
5/28/2016,HOUSEHOLD_1_048,2.4198
5/29/2016,HOUSEHOLD_1_048,2.4662
5/23/2016,HOUSEHOLD_1_050,2.7423
5/24/2016,HOUSEHOLD_1_050,2.1365
5/25/2016,HOUSEHOLD_1_050,1.7958
5/26/2016,HOUSEHOLD_1_050,1.7659
5/27/2016,HOUSEHOLD_1_050,1.7825
5/28/2016,HOUSEHOLD_1_050,2.0385
5/29/2016,HOUSEHOLD_1_050,2.0726
5/23/2016,HOUSEHOLD_1_051,4.5573
5/24/2016,HOUSEHOLD_1_051,3.5491
5/25/2016,HOUSEHOLD_1_051,3.1257
5/26/2016,HOUSEHOLD_1_051,2.9831
5/27/2016,HOUSEHOLD_1_051,2.9624
5/28/2016,HOUSEHOLD_1_051,3.5775
5/29/2016,HOUSEHOLD_1_051,4.0019
5/23/2016,HOUSEHOLD_1_053,3.6489
5/24/2016,HOUSEHOLD_1_053,2.8397
5/25/2016,HOUSEHOLD_1_053,2.3165
5/26/2016,HOUSEHOLD_1_053,2.3184
5/27/2016,HOUSEHOLD_1_053,2.3829
5/28/2016,HOUSEHOLD_1_053,2.8529
5/29/2016,HOUSEHOLD_1_053,2.8041
5/23/2016,HOUSEHOLD_1_055,2.3224
5/24/2016,HOUSEHOLD_1_055,1.8025
5/25/2016,HOUSEHOLD_1_055,1.5206
5/26/2016,HOUSEHOLD_1_055,1.5074
5/27/2016,HOUSEHOLD_1_055,1.5325
5/28/2016,HOUSEHOLD_1_055,1.74
5/29/2016,HOUSEHOLD_1_055,1.5611
5/23/2016,HOUSEHOLD_1_058,0.9257
5/24/2016,HOUSEHOLD_1_058,0.6553
5/25/2016,HOUSEHOLD_1_058,0.5647
5/26/2016,HOUSEHOLD_1_058,0.5016
5/27/2016,HOUSEHOLD_1_058,0.4976
5/28/2016,HOUSEHOLD_1_058,0.5134
5/29/2016,HOUSEHOLD_1_058,0.5328
5/23/2016,HOUSEHOLD_1_065,1.0942
5/24/2016,HOUSEHOLD_1_065,0.9303
5/25/2016,HOUSEHOLD_1_065,0.9982
5/26/2016,HOUSEHOLD_1_065,0.8846
5/27/2016,HOUSEHOLD_1_065,0.8992
5/28/2016,HOUSEHOLD_1_065,1.0074
5/29/2016,HOUSEHOLD_1_065,0.9758
5/23/2016,HOUSEHOLD_1_066,8.7589
5/24/2016,HOUSEHOLD_1_066,6.7136
5/25/2016,HOUSEHOLD_1_066,5.3813
5/26/2016,HOUSEHOLD_1_066,5.5189
5/27/2016,HOUSEHOLD_1_066,5.5378
5/28/2016,HOUSEHOLD_1_066,6.8558
5/29/2016,HOUSEHOLD_1_066,6.8983
5/23/2016,HOUSEHOLD_1_068,2.4728
5/24/2016,HOUSEHOLD_1_068,2.114
5/25/2016,HOUSEHOLD_1_068,1.7279
5/26/2016,HOUSEHOLD_1_068,1.6506
5/27/2016,HOUSEHOLD_1_068,1.777
5/28/2016,HOUSEHOLD_1_068,1.8568
5/29/2016,HOUSEHOLD_1_068,2.0101
5/23/2016,HOUSEHOLD_1_071,4.1253
5/24/2016,HOUSEHOLD_1_071,3.1662
5/25/2016,HOUSEHOLD_1_071,2.7686
5/26/2016,HOUSEHOLD_1_071,2.7886
5/27/2016,HOUSEHOLD_1_071,2.7759
5/28/2016,HOUSEHOLD_1_071,3.2826
5/29/2016,HOUSEHOLD_1_071,3.1911
5/23/2016,HOUSEHOLD_1_072,2.1807
5/24/2016,HOUSEHOLD_1_072,1.7168
5/25/2016,HOUSEHOLD_1_072,1.4753
5/26/2016,HOUSEHOLD_1_072,1.4118
5/27/2016,HOUSEHOLD_1_072,1.4388
5/28/2016,HOUSEHOLD_1_072,1.6004
5/29/2016,HOUSEHOLD_1_072,1.5042
5/23/2016,HOUSEHOLD_1_079,2.5858
5/24/2016,HOUSEHOLD_1_079,1.9749
5/25/2016,HOUSEHOLD_1_079,1.6006
5/26/2016,HOUSEHOLD_1_079,1.5998
5/27/2016,HOUSEHOLD_1_079,1.5763
5/28/2016,HOUSEHOLD_1_079,1.7427
5/29/2016,HOUSEHOLD_1_079,1.6974
5/23/2016,HOUSEHOLD_1_082,0.9792
5/24/2016,HOUSEHOLD_1_082,0.9219
5/25/2016,HOUSEHOLD_1_082,1.1032
5/26/2016,HOUSEHOLD_1_082,1.1268
5/27/2016,HOUSEHOLD_1_082,1.2224
5/28/2016,HOUSEHOLD_1_082,1.3049
5/29/2016,HOUSEHOLD_1_082,1.1901
5/23/2016,HOUSEHOLD_1_083,4.0056
5/24/2016,HOUSEHOLD_1_083,3.1458
5/25/2016,HOUSEHOLD_1_083,2.8314
5/26/2016,HOUSEHOLD_1_083,2.8181
5/27/2016,HOUSEHOLD_1_083,2.7961
5/28/2016,HOUSEHOLD_1_083,3.0722
5/29/2016,HOUSEHOLD_1_083,3.0449
5/23/2016,HOUSEHOLD_1_086,1.9061
5/24/2016,HOUSEHOLD_1_086,1.5299
5/25/2016,HOUSEHOLD_1_086,1.3571
5/26/2016,HOUSEHOLD_1_086,1.3283
5/27/2016,HOUSEHOLD_1_086,1.3305
5/28/2016,HOUSEHOLD_1_086,1.598
5/29/2016,HOUSEHOLD_1_086,1.5255
5/23/2016,HOUSEHOLD_1_087,1.5029
5/24/2016,HOUSEHOLD_1_087,1.0485
5/25/2016,HOUSEHOLD_1_087,0.9813
5/26/2016,HOUSEHOLD_1_087,0.9878
5/27/2016,HOUSEHOLD_1_087,1.0062
5/28/2016,HOUSEHOLD_1_087,1.1365
5/29/2016,HOUSEHOLD_1_087,1.1454
5/23/2016,HOUSEHOLD_1_090,1.87
5/24/2016,HOUSEHOLD_1_090,1.5383
5/25/2016,HOUSEHOLD_1_090,1.3971
5/26/2016,HOUSEHOLD_1_090,1.3708
5/27/2016,HOUSEHOLD_1_090,1.3708
5/28/2016,HOUSEHOLD_1_090,1.4503
5/29/2016,HOUSEHOLD_1_090,1.4155
5/23/2016,HOUSEHOLD_1_093,2.4535
5/24/2016,HOUSEHOLD_1_093,1.7876
5/25/2016,HOUSEHOLD_1_093,1.5199
5/26/2016,HOUSEHOLD_1_093,1.4739
5/27/2016,HOUSEHOLD_1_093,1.5371
5/28/2016,HOUSEHOLD_1_093,1.7014
5/29/2016,HOUSEHOLD_1_093,1.7634
5/23/2016,HOUSEHOLD_1_094,1.7084
5/24/2016,HOUSEHOLD_1_094,1.4175
5/25/2016,HOUSEHOLD_1_094,1.2286
5/26/2016,HOUSEHOLD_1_094,1.1903
5/27/2016,HOUSEHOLD_1_094,1.2059
5/28/2016,HOUSEHOLD_1_094,1.4818
5/29/2016,HOUSEHOLD_1_094,1.3891
5/23/2016,HOUSEHOLD_1_096,10.7213
5/24/2016,HOUSEHOLD_1_096,8.1687
5/25/2016,HOUSEHOLD_1_096,6.858
5/26/2016,HOUSEHOLD_1_096,6.5243
5/27/2016,HOUSEHOLD_1_096,6.6363
5/28/2016,HOUSEHOLD_1_096,8.4712
5/29/2016,HOUSEHOLD_1_096,9.2063
5/23/2016,HOUSEHOLD_1_097,0.4653
5/24/2016,HOUSEHOLD_1_097,0.4215
5/25/2016,HOUSEHOLD_1_097,0.387
5/26/2016,HOUSEHOLD_1_097,0.3691
5/27/2016,HOUSEHOLD_1_097,0.3751
5/28/2016,HOUSEHOLD_1_097,0.4249
5/29/2016,HOUSEHOLD_1_097,0.4329
5/23/2016,HOUSEHOLD_1_100,2.1205
5/24/2016,HOUSEHOLD_1_100,1.6337
5/25/2016,HOUSEHOLD_1_100,1.4109
5/26/2016,HOUSEHOLD_1_100,1.3898
5/27/2016,HOUSEHOLD_1_100,1.4134
5/28/2016,HOUSEHOLD_1_100,1.639
5/29/2016,HOUSEHOLD_1_100,1.6307
5/23/2016,HOUSEHOLD_1_101,1.533
5/24/2016,HOUSEHOLD_1_101,1.2583
5/25/2016,HOUSEHOLD_1_101,1.1362
5/26/2016,HOUSEHOLD_1_101,1.0858
5/27/2016,HOUSEHOLD_1_101,1.0967
5/28/2016,HOUSEHOLD_1_101,1.2551
5/29/2016,HOUSEHOLD_1_101,1.1113
5/23/2016,HOUSEHOLD_1_106,5.0979
5/24/2016,HOUSEHOLD_1_106,3.7565
5/25/2016,HOUSEHOLD_1_106,3.2635
5/26/2016,HOUSEHOLD_1_106,3.1748
5/27/2016,HOUSEHOLD_1_106,3.174
5/28/2016,HOUSEHOLD_1_106,4.019
5/29/2016,HOUSEHOLD_1_106,4.0296
5/23/2016,HOUSEHOLD_1_109,1.7418
5/24/2016,HOUSEHOLD_1_109,1.3223
5/25/2016,HOUSEHOLD_1_109,1.1333
5/26/2016,HOUSEHOLD_1_109,1.1395
5/27/2016,HOUSEHOLD_1_109,1.0784
5/28/2016,HOUSEHOLD_1_109,1.2943
5/29/2016,HOUSEHOLD_1_109,1.1504
5/23/2016,HOUSEHOLD_1_110,11.9475
5/24/2016,HOUSEHOLD_1_110,8.4959
5/25/2016,HOUSEHOLD_1_110,8.2709
5/26/2016,HOUSEHOLD_1_110,8.172
5/27/2016,HOUSEHOLD_1_110,7.7154
5/28/2016,HOUSEHOLD_1_110,9.0156
5/29/2016,HOUSEHOLD_1_110,8.6821
5/23/2016,HOUSEHOLD_1_112,1.5541
5/24/2016,HOUSEHOLD_1_112,1.2171
5/25/2016,HOUSEHOLD_1_112,1.1066
5/26/2016,HOUSEHOLD_1_112,1.1111
5/27/2016,HOUSEHOLD_1_112,1.0609
5/28/2016,HOUSEHOLD_1_112,1.1971
5/29/2016,HOUSEHOLD_1_112,1.1488
5/23/2016,HOUSEHOLD_1_114,2.6555
5/24/2016,HOUSEHOLD_1_114,2.1713
5/25/2016,HOUSEHOLD_1_114,1.8664
5/26/2016,HOUSEHOLD_1_114,1.9987
5/27/2016,HOUSEHOLD_1_114,1.9555
5/28/2016,HOUSEHOLD_1_114,2.3031
5/29/2016,HOUSEHOLD_1_114,2.2022
5/23/2016,HOUSEHOLD_1_118,11.6897
5/24/2016,HOUSEHOLD_1_118,9.382
5/25/2016,HOUSEHOLD_1_118,7.4734
5/26/2016,HOUSEHOLD_1_118,6.9876
5/27/2016,HOUSEHOLD_1_118,7.4224
5/28/2016,HOUSEHOLD_1_118,9.2536
5/29/2016,HOUSEHOLD_1_118,9.5902
5/23/2016,HOUSEHOLD_1_119,2.5566
5/24/2016,HOUSEHOLD_1_119,1.8902
5/25/2016,HOUSEHOLD_1_119,1.5733
5/26/2016,HOUSEHOLD_1_119,1.5388
5/27/2016,HOUSEHOLD_1_119,1.6065
5/28/2016,HOUSEHOLD_1_119,1.812
5/29/2016,HOUSEHOLD_1_119,1.8776
5/23/2016,HOUSEHOLD_1_122,1.9401
5/24/2016,HOUSEHOLD_1_122,1.4738
5/25/2016,HOUSEHOLD_1_122,1.3096
5/26/2016,HOUSEHOLD_1_122,1.2948
5/27/2016,HOUSEHOLD_1_122,1.2945
5/28/2016,HOUSEHOLD_1_122,1.4775
5/29/2016,HOUSEHOLD_1_122,1.3075
5/23/2016,HOUSEHOLD_1_124,1.3714
5/24/2016,HOUSEHOLD_1_124,1.096
5/25/2016,HOUSEHOLD_1_124,0.9036
5/26/2016,HOUSEHOLD_1_124,0.9804
5/27/2016,HOUSEHOLD_1_124,0.9041
5/28/2016,HOUSEHOLD_1_124,0.965
5/29/2016,HOUSEHOLD_1_124,0.9369
5/23/2016,HOUSEHOLD_1_129,1.8108
5/24/2016,HOUSEHOLD_1_129,1.4051
5/25/2016,HOUSEHOLD_1_129,1.2575
5/26/2016,HOUSEHOLD_1_129,1.2434
5/27/2016,HOUSEHOLD_1_129,1.2455
5/28/2016,HOUSEHOLD_1_129,1.4593
5/29/2016,HOUSEHOLD_1_129,1.2104
5/23/2016,HOUSEHOLD_1_130,2.7852
5/24/2016,HOUSEHOLD_1_130,2.2394
5/25/2016,HOUSEHOLD_1_130,1.8835
5/26/2016,HOUSEHOLD_1_130,1.8168
5/27/2016,HOUSEHOLD_1_130,1.912
5/28/2016,HOUSEHOLD_1_130,2.3088
5/29/2016,HOUSEHOLD_1_130,2.1361
5/23/2016,HOUSEHOLD_1_132,1.746
5/24/2016,HOUSEHOLD_1_132,1.4737
5/25/2016,HOUSEHOLD_1_132,1.3264
5/26/2016,HOUSEHOLD_1_132,1.3347
5/27/2016,HOUSEHOLD_1_132,1.3155
5/28/2016,HOUSEHOLD_1_132,1.5378
5/29/2016,HOUSEHOLD_1_132,1.473
5/23/2016,HOUSEHOLD_1_140,1.923
5/24/2016,HOUSEHOLD_1_140,1.5527
5/25/2016,HOUSEHOLD_1_140,1.2741
5/26/2016,HOUSEHOLD_1_140,1.25
5/27/2016,HOUSEHOLD_1_140,1.2434
5/28/2016,HOUSEHOLD_1_140,1.4541
5/29/2016,HOUSEHOLD_1_140,1.4456
5/23/2016,HOUSEHOLD_1_147,3.1809
5/24/2016,HOUSEHOLD_1_147,2.3665
5/25/2016,HOUSEHOLD_1_147,2.0342
5/26/2016,HOUSEHOLD_1_147,1.9819
5/27/2016,HOUSEHOLD_1_147,1.9457
5/28/2016,HOUSEHOLD_1_147,2.2121
5/29/2016,HOUSEHOLD_1_147,2.3614
5/23/2016,HOUSEHOLD_1_149,1.7689
5/24/2016,HOUSEHOLD_1_149,1.5231
5/25/2016,HOUSEHOLD_1_149,1.4481
5/26/2016,HOUSEHOLD_1_149,1.2481
5/27/2016,HOUSEHOLD_1_149,1.2448
5/28/2016,HOUSEHOLD_1_149,1.4076
5/29/2016,HOUSEHOLD_1_149,1.3452
5/23/2016,HOUSEHOLD_1_151,7.7703
5/24/2016,HOUSEHOLD_1_151,6.177
5/25/2016,HOUSEHOLD_1_151,5.3226
5/26/2016,HOUSEHOLD_1_151,5.2232
5/27/2016,HOUSEHOLD_1_151,5.4638
5/28/2016,HOUSEHOLD_1_151,6.9169
5/29/2016,HOUSEHOLD_1_151,6.8048
5/23/2016,HOUSEHOLD_1_153,3.233
5/24/2016,HOUSEHOLD_1_153,2.3097
5/25/2016,HOUSEHOLD_1_153,2.1223
5/26/2016,HOUSEHOLD_1_153,2.0284
5/27/2016,HOUSEHOLD_1_153,2.1186
5/28/2016,HOUSEHOLD_1_153,2.3308
5/29/2016,HOUSEHOLD_1_153,2.3035
5/23/2016,HOUSEHOLD_1_165,0.5434
5/24/2016,HOUSEHOLD_1_165,0.5034
5/25/2016,HOUSEHOLD_1_165,0.4303
5/26/2016,HOUSEHOLD_1_165,0.4311
5/27/2016,HOUSEHOLD_1_165,0.424
5/28/2016,HOUSEHOLD_1_165,0.4797
5/29/2016,HOUSEHOLD_1_165,0.4814
5/23/2016,HOUSEHOLD_1_169,3.1358
5/24/2016,HOUSEHOLD_1_169,2.3039
5/25/2016,HOUSEHOLD_1_169,2.0297
5/26/2016,HOUSEHOLD_1_169,1.9888
5/27/2016,HOUSEHOLD_1_169,2.0006
5/28/2016,HOUSEHOLD_1_169,2.2719
5/29/2016,HOUSEHOLD_1_169,2.3576
5/23/2016,HOUSEHOLD_1_170,1.2851
5/24/2016,HOUSEHOLD_1_170,1.0699
5/25/2016,HOUSEHOLD_1_170,0.8987
5/26/2016,HOUSEHOLD_1_170,0.8771
5/27/2016,HOUSEHOLD_1_170,0.8961
5/28/2016,HOUSEHOLD_1_170,1.0305
5/29/2016,HOUSEHOLD_1_170,1.0052
5/23/2016,HOUSEHOLD_1_173,4.4606
5/24/2016,HOUSEHOLD_1_173,3.7263
5/25/2016,HOUSEHOLD_1_173,3.4904
5/26/2016,HOUSEHOLD_1_173,3.1951
5/27/2016,HOUSEHOLD_1_173,3.0841
5/28/2016,HOUSEHOLD_1_173,3.8597
5/29/2016,HOUSEHOLD_1_173,3.9512
5/23/2016,HOUSEHOLD_1_175,1.8899
5/24/2016,HOUSEHOLD_1_175,1.4281
5/25/2016,HOUSEHOLD_1_175,1.2776
5/26/2016,HOUSEHOLD_1_175,1.2585
5/27/2016,HOUSEHOLD_1_175,1.2476
5/28/2016,HOUSEHOLD_1_175,1.3591
5/29/2016,HOUSEHOLD_1_175,1.4303
5/23/2016,HOUSEHOLD_1_177,0.0104
5/24/2016,HOUSEHOLD_1_177,0.5792
5/25/2016,HOUSEHOLD_1_177,0.5374
5/26/2016,HOUSEHOLD_1_177,0.527
5/27/2016,HOUSEHOLD_1_177,0.7153
5/28/2016,HOUSEHOLD_1_177,0.8167
5/29/2016,HOUSEHOLD_1_177,0.8877
5/23/2016,HOUSEHOLD_1_179,3.8845
5/24/2016,HOUSEHOLD_1_179,3.0342
5/25/2016,HOUSEHOLD_1_179,2.787
5/26/2016,HOUSEHOLD_1_179,2.8558
5/27/2016,HOUSEHOLD_1_179,2.8963
5/28/2016,HOUSEHOLD_1_179,3.4653
5/29/2016,HOUSEHOLD_1_179,3.0722
5/23/2016,HOUSEHOLD_1_180,3.2301
5/24/2016,HOUSEHOLD_1_180,2.4377
5/25/2016,HOUSEHOLD_1_180,1.9807
5/26/2016,HOUSEHOLD_1_180,1.9134
5/27/2016,HOUSEHOLD_1_180,1.988
5/28/2016,HOUSEHOLD_1_180,2.3401
5/29/2016,HOUSEHOLD_1_180,2.2631
5/23/2016,HOUSEHOLD_1_186,2.6654
5/24/2016,HOUSEHOLD_1_186,2.0496
5/25/2016,HOUSEHOLD_1_186,1.6998
5/26/2016,HOUSEHOLD_1_186,1.7632
5/27/2016,HOUSEHOLD_1_186,1.7216
5/28/2016,HOUSEHOLD_1_186,1.9855
5/29/2016,HOUSEHOLD_1_186,1.8714
5/23/2016,HOUSEHOLD_1_188,1.435
5/24/2016,HOUSEHOLD_1_188,1.0822
5/25/2016,HOUSEHOLD_1_188,0.9984
5/26/2016,HOUSEHOLD_1_188,0.9451
5/27/2016,HOUSEHOLD_1_188,0.9292
5/28/2016,HOUSEHOLD_1_188,1.0158
5/29/2016,HOUSEHOLD_1_188,0.9717
5/23/2016,HOUSEHOLD_1_191,12.1108
5/24/2016,HOUSEHOLD_1_191,8.8898
5/25/2016,HOUSEHOLD_1_191,8.1977
5/26/2016,HOUSEHOLD_1_191,8.2828
5/27/2016,HOUSEHOLD_1_191,7.928
5/28/2016,HOUSEHOLD_1_191,9.7535
5/29/2016,HOUSEHOLD_1_191,9.3205
5/23/2016,HOUSEHOLD_1_196,2.1823
5/24/2016,HOUSEHOLD_1_196,1.8913
5/25/2016,HOUSEHOLD_1_196,1.5422
5/26/2016,HOUSEHOLD_1_196,1.5675
5/27/2016,HOUSEHOLD_1_196,1.5636
5/28/2016,HOUSEHOLD_1_196,1.6311
5/29/2016,HOUSEHOLD_1_196,1.6429
5/23/2016,HOUSEHOLD_1_197,2.0525
5/24/2016,HOUSEHOLD_1_197,1.6743
5/25/2016,HOUSEHOLD_1_197,1.4258
5/26/2016,HOUSEHOLD_1_197,1.4139
5/27/2016,HOUSEHOLD_1_197,1.4105
5/28/2016,HOUSEHOLD_1_197,1.5644
5/29/2016,HOUSEHOLD_1_197,1.6348
5/23/2016,HOUSEHOLD_1_198,4.415
5/24/2016,HOUSEHOLD_1_198,3.0018
5/25/2016,HOUSEHOLD_1_198,2.7886
5/26/2016,HOUSEHOLD_1_198,2.8122
5/27/2016,HOUSEHOLD_1_198,3.0168
5/28/2016,HOUSEHOLD_1_198,3.4812
5/29/2016,HOUSEHOLD_1_198,3.3996
5/23/2016,HOUSEHOLD_1_202,3.2251
5/24/2016,HOUSEHOLD_1_202,2.4765
5/25/2016,HOUSEHOLD_1_202,2.1257
5/26/2016,HOUSEHOLD_1_202,2.1375
5/27/2016,HOUSEHOLD_1_202,2.1377
5/28/2016,HOUSEHOLD_1_202,2.377
5/29/2016,HOUSEHOLD_1_202,2.3947
5/23/2016,HOUSEHOLD_1_203,0.2314
5/24/2016,HOUSEHOLD_1_203,0.6188
5/25/2016,HOUSEHOLD_1_203,0.5182
5/26/2016,HOUSEHOLD_1_203,0.5535
5/27/2016,HOUSEHOLD_1_203,0.5279
5/28/2016,HOUSEHOLD_1_203,0.6193
5/29/2016,HOUSEHOLD_1_203,0.5878
5/23/2016,HOUSEHOLD_1_204,4.6717
5/24/2016,HOUSEHOLD_1_204,3.8063
5/25/2016,HOUSEHOLD_1_204,3.2854
5/26/2016,HOUSEHOLD_1_204,3.3603
5/27/2016,HOUSEHOLD_1_204,3.4289
5/28/2016,HOUSEHOLD_1_204,3.9991
5/29/2016,HOUSEHOLD_1_204,4.4466
5/23/2016,HOUSEHOLD_1_205,0.8751
5/24/2016,HOUSEHOLD_1_205,0.7346
5/25/2016,HOUSEHOLD_1_205,0.6061
5/26/2016,HOUSEHOLD_1_205,0.5989
5/27/2016,HOUSEHOLD_1_205,0.5954
5/28/2016,HOUSEHOLD_1_205,0.6842
5/29/2016,HOUSEHOLD_1_205,0.6865
5/23/2016,HOUSEHOLD_1_214,5.4855
5/24/2016,HOUSEHOLD_1_214,3.7478
5/25/2016,HOUSEHOLD_1_214,3.3005
5/26/2016,HOUSEHOLD_1_214,3.472
5/27/2016,HOUSEHOLD_1_214,3.4914
5/28/2016,HOUSEHOLD_1_214,4.0938
5/29/2016,HOUSEHOLD_1_214,4.2512
5/23/2016,HOUSEHOLD_1_215,1.0962
5/24/2016,HOUSEHOLD_1_215,0.8368
5/25/2016,HOUSEHOLD_1_215,0.761
5/26/2016,HOUSEHOLD_1_215,0.7101
5/27/2016,HOUSEHOLD_1_215,0.7101
5/28/2016,HOUSEHOLD_1_215,0.8321
5/29/2016,HOUSEHOLD_1_215,0.7211
5/23/2016,HOUSEHOLD_1_223,1.1122
5/24/2016,HOUSEHOLD_1_223,0.7832
5/25/2016,HOUSEHOLD_1_223,0.7208
5/26/2016,HOUSEHOLD_1_223,0.7183
5/27/2016,HOUSEHOLD_1_223,0.7168
5/28/2016,HOUSEHOLD_1_223,0.811
5/29/2016,HOUSEHOLD_1_223,0.8104
5/23/2016,HOUSEHOLD_1_225,3.3888
5/24/2016,HOUSEHOLD_1_225,2.5412
5/25/2016,HOUSEHOLD_1_225,2.1472
5/26/2016,HOUSEHOLD_1_225,2.1228
5/27/2016,HOUSEHOLD_1_225,2.2076
5/28/2016,HOUSEHOLD_1_225,2.4069
5/29/2016,HOUSEHOLD_1_225,2.4013
5/23/2016,HOUSEHOLD_1_230,0.3388
5/24/2016,HOUSEHOLD_1_230,0.3901
5/25/2016,HOUSEHOLD_1_230,0.3545
5/26/2016,HOUSEHOLD_1_230,0.3417
5/27/2016,HOUSEHOLD_1_230,0.347
5/28/2016,HOUSEHOLD_1_230,0.3948
5/29/2016,HOUSEHOLD_1_230,0.3836
5/23/2016,HOUSEHOLD_1_232,0.8697
5/24/2016,HOUSEHOLD_1_232,0.6456
5/25/2016,HOUSEHOLD_1_232,0.5817
5/26/2016,HOUSEHOLD_1_232,0.5804
5/27/2016,HOUSEHOLD_1_232,0.5102
5/28/2016,HOUSEHOLD_1_232,0.5679
5/29/2016,HOUSEHOLD_1_232,0.5709
5/23/2016,HOUSEHOLD_1_234,3.8422
5/24/2016,HOUSEHOLD_1_234,2.996
5/25/2016,HOUSEHOLD_1_234,2.8743
5/26/2016,HOUSEHOLD_1_234,2.9344
5/27/2016,HOUSEHOLD_1_234,2.8259
5/28/2016,HOUSEHOLD_1_234,3.2904
5/29/2016,HOUSEHOLD_1_234,3.245
5/23/2016,HOUSEHOLD_1_235,1.8779
5/24/2016,HOUSEHOLD_1_235,1.4666
5/25/2016,HOUSEHOLD_1_235,1.2632
5/26/2016,HOUSEHOLD_1_235,1.2493
5/27/2016,HOUSEHOLD_1_235,1.2502
5/28/2016,HOUSEHOLD_1_235,1.2705
5/29/2016,HOUSEHOLD_1_235,1.2971
5/23/2016,HOUSEHOLD_1_236,2.3399
5/24/2016,HOUSEHOLD_1_236,1.9238
5/25/2016,HOUSEHOLD_1_236,1.6456
5/26/2016,HOUSEHOLD_1_236,1.6462
5/27/2016,HOUSEHOLD_1_236,1.68
5/28/2016,HOUSEHOLD_1_236,1.827
5/29/2016,HOUSEHOLD_1_236,1.8518
5/23/2016,HOUSEHOLD_1_243,3.5974
5/24/2016,HOUSEHOLD_1_243,2.49
5/25/2016,HOUSEHOLD_1_243,2.2076
5/26/2016,HOUSEHOLD_1_243,2.1802
5/27/2016,HOUSEHOLD_1_243,2.3151
5/28/2016,HOUSEHOLD_1_243,2.6021
5/29/2016,HOUSEHOLD_1_243,2.5387
5/23/2016,HOUSEHOLD_1_246,3.075
5/24/2016,HOUSEHOLD_1_246,2.3375
5/25/2016,HOUSEHOLD_1_246,1.9138
5/26/2016,HOUSEHOLD_1_246,1.8489
5/27/2016,HOUSEHOLD_1_246,1.9301
5/28/2016,HOUSEHOLD_1_246,2.1994
5/29/2016,HOUSEHOLD_1_246,2.2352
5/23/2016,HOUSEHOLD_1_247,2.7233
5/24/2016,HOUSEHOLD_1_247,2.0834
5/25/2016,HOUSEHOLD_1_247,1.8524
5/26/2016,HOUSEHOLD_1_247,1.8452
5/27/2016,HOUSEHOLD_1_247,1.9721
5/28/2016,HOUSEHOLD_1_247,1.9685
5/29/2016,HOUSEHOLD_1_247,2.23
5/23/2016,HOUSEHOLD_1_249,0.999
5/24/2016,HOUSEHOLD_1_249,0.8469
5/25/2016,HOUSEHOLD_1_249,0.801
5/26/2016,HOUSEHOLD_1_249,0.805
5/27/2016,HOUSEHOLD_1_249,0.789
5/28/2016,HOUSEHOLD_1_249,0.8563
5/29/2016,HOUSEHOLD_1_249,0.8043
5/23/2016,HOUSEHOLD_1_251,1.4439
5/24/2016,HOUSEHOLD_1_251,1.0223
5/25/2016,HOUSEHOLD_1_251,0.937
5/26/2016,HOUSEHOLD_1_251,0.9427
5/27/2016,HOUSEHOLD_1_251,0.8969
5/28/2016,HOUSEHOLD_1_251,1.0332
5/29/2016,HOUSEHOLD_1_251,1.0745
5/23/2016,HOUSEHOLD_1_254,9.0317
5/24/2016,HOUSEHOLD_1_254,7.4179
5/25/2016,HOUSEHOLD_1_254,6.861
5/26/2016,HOUSEHOLD_1_254,6.6798
5/27/2016,HOUSEHOLD_1_254,7.0126
5/28/2016,HOUSEHOLD_1_254,8.2614
5/29/2016,HOUSEHOLD_1_254,8.1226
5/23/2016,HOUSEHOLD_1_261,0.7698
5/24/2016,HOUSEHOLD_1_261,0.6269
5/25/2016,HOUSEHOLD_1_261,0.5365
5/26/2016,HOUSEHOLD_1_261,0.5676
5/27/2016,HOUSEHOLD_1_261,0.5996
5/28/2016,HOUSEHOLD_1_261,0.679
5/29/2016,HOUSEHOLD_1_261,0.6692
5/23/2016,HOUSEHOLD_1_262,8.0148
5/24/2016,HOUSEHOLD_1_262,5.6444
5/25/2016,HOUSEHOLD_1_262,4.8883
5/26/2016,HOUSEHOLD_1_262,4.8634
5/27/2016,HOUSEHOLD_1_262,5.1272
5/28/2016,HOUSEHOLD_1_262,5.7641
5/29/2016,HOUSEHOLD_1_262,6.5648
5/23/2016,HOUSEHOLD_1_272,9.5585
5/24/2016,HOUSEHOLD_1_272,7.7677
5/25/2016,HOUSEHOLD_1_272,6.7082
5/26/2016,HOUSEHOLD_1_272,6.3767
5/27/2016,HOUSEHOLD_1_272,6.3965
5/28/2016,HOUSEHOLD_1_272,7.9457
5/29/2016,HOUSEHOLD_1_272,8.3969
5/23/2016,HOUSEHOLD_1_275,2.9467
5/24/2016,HOUSEHOLD_1_275,2.0896
5/25/2016,HOUSEHOLD_1_275,1.932
5/26/2016,HOUSEHOLD_1_275,1.7746
5/27/2016,HOUSEHOLD_1_275,1.8348
5/28/2016,HOUSEHOLD_1_275,2.0722
5/29/2016,HOUSEHOLD_1_275,2.1602
5/23/2016,HOUSEHOLD_1_277,0.2687
5/24/2016,HOUSEHOLD_1_277,0.6197
5/25/2016,HOUSEHOLD_1_277,0.6326
5/26/2016,HOUSEHOLD_1_277,0.6809
5/27/2016,HOUSEHOLD_1_277,0.6542
5/28/2016,HOUSEHOLD_1_277,0.8447
5/29/2016,HOUSEHOLD_1_277,0.8248
5/23/2016,HOUSEHOLD_1_278,0.5434
5/24/2016,HOUSEHOLD_1_278,0.4703
5/25/2016,HOUSEHOLD_1_278,0.4151
5/26/2016,HOUSEHOLD_1_278,0.4067
5/27/2016,HOUSEHOLD_1_278,0.399
5/28/2016,HOUSEHOLD_1_278,0.452
5/29/2016,HOUSEHOLD_1_278,0.4626
5/23/2016,HOUSEHOLD_1_279,1.8339
5/24/2016,HOUSEHOLD_1_279,1.6331
5/25/2016,HOUSEHOLD_1_279,1.4909
5/26/2016,HOUSEHOLD_1_279,1.4939
5/27/2016,HOUSEHOLD_1_279,1.5617
5/28/2016,HOUSEHOLD_1_279,1.5878
5/29/2016,HOUSEHOLD_1_279,1.4547
5/23/2016,HOUSEHOLD_1_282,2.6442
5/24/2016,HOUSEHOLD_1_282,2.0907
5/25/2016,HOUSEHOLD_1_282,1.6565
5/26/2016,HOUSEHOLD_1_282,1.7153
5/27/2016,HOUSEHOLD_1_282,1.6886
5/28/2016,HOUSEHOLD_1_282,1.9657
5/29/2016,HOUSEHOLD_1_282,1.8831
5/23/2016,HOUSEHOLD_1_283,3.386
5/24/2016,HOUSEHOLD_1_283,2.5159
5/25/2016,HOUSEHOLD_1_283,2.3106
5/26/2016,HOUSEHOLD_1_283,2.2109
5/27/2016,HOUSEHOLD_1_283,2.2549
5/28/2016,HOUSEHOLD_1_283,2.5278
5/29/2016,HOUSEHOLD_1_283,2.4316
5/23/2016,HOUSEHOLD_1_285,2.282
5/24/2016,HOUSEHOLD_1_285,1.822
5/25/2016,HOUSEHOLD_1_285,1.5833
5/26/2016,HOUSEHOLD_1_285,1.6108
5/27/2016,HOUSEHOLD_1_285,1.5449
5/28/2016,HOUSEHOLD_1_285,1.6721
5/29/2016,HOUSEHOLD_1_285,1.6831
5/23/2016,HOUSEHOLD_1_291,2.475
5/24/2016,HOUSEHOLD_1_291,1.9443
5/25/2016,HOUSEHOLD_1_291,1.626
5/26/2016,HOUSEHOLD_1_291,1.6042
5/27/2016,HOUSEHOLD_1_291,1.6969
5/28/2016,HOUSEHOLD_1_291,1.9262
5/29/2016,HOUSEHOLD_1_291,1.863
5/23/2016,HOUSEHOLD_1_292,2.1049
5/24/2016,HOUSEHOLD_1_292,1.7567
5/25/2016,HOUSEHOLD_1_292,1.4731
5/26/2016,HOUSEHOLD_1_292,1.536
5/27/2016,HOUSEHOLD_1_292,1.3735
5/28/2016,HOUSEHOLD_1_292,1.5959
5/29/2016,HOUSEHOLD_1_292,1.558
5/23/2016,HOUSEHOLD_1_294,8.7735
5/24/2016,HOUSEHOLD_1_294,6.4953
5/25/2016,HOUSEHOLD_1_294,5.4944
5/26/2016,HOUSEHOLD_1_294,5.7297
5/27/2016,HOUSEHOLD_1_294,5.9607
5/28/2016,HOUSEHOLD_1_294,6.9187
5/29/2016,HOUSEHOLD_1_294,6.6139
5/23/2016,HOUSEHOLD_1_295,0.8948
5/24/2016,HOUSEHOLD_1_295,0.7284
5/25/2016,HOUSEHOLD_1_295,0.651
5/26/2016,HOUSEHOLD_1_295,0.6481
5/27/2016,HOUSEHOLD_1_295,0.6539
5/28/2016,HOUSEHOLD_1_295,0.7703
5/29/2016,HOUSEHOLD_1_295,0.7164
5/23/2016,HOUSEHOLD_1_303,4.6214
5/24/2016,HOUSEHOLD_1_303,3.9061
5/25/2016,HOUSEHOLD_1_303,3.3492
5/26/2016,HOUSEHOLD_1_303,3.1448
5/27/2016,HOUSEHOLD_1_303,3.0901
5/28/2016,HOUSEHOLD_1_303,3.7712
5/29/2016,HOUSEHOLD_1_303,4.0009
5/23/2016,HOUSEHOLD_1_304,5.8943
5/24/2016,HOUSEHOLD_1_304,4.4381
5/25/2016,HOUSEHOLD_1_304,3.6482
5/26/2016,HOUSEHOLD_1_304,3.7128
5/27/2016,HOUSEHOLD_1_304,3.7791
5/28/2016,HOUSEHOLD_1_304,4.3328
5/29/2016,HOUSEHOLD_1_304,4.7343
5/23/2016,HOUSEHOLD_1_305,0.8391
5/24/2016,HOUSEHOLD_1_305,0.7029
5/25/2016,HOUSEHOLD_1_305,0.6199
5/26/2016,HOUSEHOLD_1_305,0.6367
5/27/2016,HOUSEHOLD_1_305,0.6075
5/28/2016,HOUSEHOLD_1_305,0.7091
5/29/2016,HOUSEHOLD_1_305,0.6901
5/23/2016,HOUSEHOLD_1_310,0.1144
5/24/2016,HOUSEHOLD_1_310,1.1654
5/25/2016,HOUSEHOLD_1_310,0.9589
5/26/2016,HOUSEHOLD_1_310,0.9292
5/27/2016,HOUSEHOLD_1_310,1.0886
5/28/2016,HOUSEHOLD_1_310,1.2511
5/29/2016,HOUSEHOLD_1_310,1.1531
5/23/2016,HOUSEHOLD_1_318,4.3413
5/24/2016,HOUSEHOLD_1_318,3.359
5/25/2016,HOUSEHOLD_1_318,2.9284
5/26/2016,HOUSEHOLD_1_318,2.9167
5/27/2016,HOUSEHOLD_1_318,2.9686
5/28/2016,HOUSEHOLD_1_318,3.4219
5/29/2016,HOUSEHOLD_1_318,3.4059
5/23/2016,HOUSEHOLD_1_319,2.4072
5/24/2016,HOUSEHOLD_1_319,1.9822
5/25/2016,HOUSEHOLD_1_319,1.8184
5/26/2016,HOUSEHOLD_1_319,1.6697
5/27/2016,HOUSEHOLD_1_319,1.5892
5/28/2016,HOUSEHOLD_1_319,1.9331
5/29/2016,HOUSEHOLD_1_319,1.757
5/23/2016,HOUSEHOLD_1_321,2.102
5/24/2016,HOUSEHOLD_1_321,1.5656
5/25/2016,HOUSEHOLD_1_321,1.3982
5/26/2016,HOUSEHOLD_1_321,1.349
5/27/2016,HOUSEHOLD_1_321,1.3857
5/28/2016,HOUSEHOLD_1_321,1.5251
5/29/2016,HOUSEHOLD_1_321,1.5376
5/23/2016,HOUSEHOLD_1_327,5.7626
5/24/2016,HOUSEHOLD_1_327,4.9512
5/25/2016,HOUSEHOLD_1_327,4.2606
5/26/2016,HOUSEHOLD_1_327,4.1988
5/27/2016,HOUSEHOLD_1_327,4.3401
5/28/2016,HOUSEHOLD_1_327,5.2022
5/29/2016,HOUSEHOLD_1_327,4.9519
5/23/2016,HOUSEHOLD_1_328,2.0274
5/24/2016,HOUSEHOLD_1_328,1.6786
5/25/2016,HOUSEHOLD_1_328,1.513
5/26/2016,HOUSEHOLD_1_328,1.398
5/27/2016,HOUSEHOLD_1_328,1.371
5/28/2016,HOUSEHOLD_1_328,1.6191
5/29/2016,HOUSEHOLD_1_328,1.5374
5/23/2016,HOUSEHOLD_1_334,7.6576
5/24/2016,HOUSEHOLD_1_334,5.7298
5/25/2016,HOUSEHOLD_1_334,4.8029
5/26/2016,HOUSEHOLD_1_334,4.4974
5/27/2016,HOUSEHOLD_1_334,4.9431
5/28/2016,HOUSEHOLD_1_334,5.9465
5/29/2016,HOUSEHOLD_1_334,5.7921
5/23/2016,HOUSEHOLD_1_337,0.5471
5/24/2016,HOUSEHOLD_1_337,0.4821
5/25/2016,HOUSEHOLD_1_337,0.4158
5/26/2016,HOUSEHOLD_1_337,0.4045
5/27/2016,HOUSEHOLD_1_337,0.4051
5/28/2016,HOUSEHOLD_1_337,0.4515
5/29/2016,HOUSEHOLD_1_337,0.4559
5/23/2016,HOUSEHOLD_1_338,5.8417
5/24/2016,HOUSEHOLD_1_338,5.0308
5/25/2016,HOUSEHOLD_1_338,4.7143
5/26/2016,HOUSEHOLD_1_338,4.3517
5/27/2016,HOUSEHOLD_1_338,4.2461
5/28/2016,HOUSEHOLD_1_338,5.1959
5/29/2016,HOUSEHOLD_1_338,4.8792
5/23/2016,HOUSEHOLD_1_339,8.0338
5/24/2016,HOUSEHOLD_1_339,5.6954
5/25/2016,HOUSEHOLD_1_339,4.5454
5/26/2016,HOUSEHOLD_1_339,4.5073
5/27/2016,HOUSEHOLD_1_339,4.7187
5/28/2016,HOUSEHOLD_1_339,6.0303
5/29/2016,HOUSEHOLD_1_339,5.8879
5/23/2016,HOUSEHOLD_1_345,0.2908
5/24/2016,HOUSEHOLD_1_345,0.7965
5/25/2016,HOUSEHOLD_1_345,0.732
5/26/2016,HOUSEHOLD_1_345,0.8283
5/27/2016,HOUSEHOLD_1_345,0.8308
5/28/2016,HOUSEHOLD_1_345,0.9368
5/29/2016,HOUSEHOLD_1_345,0.8834
5/23/2016,HOUSEHOLD_1_346,1.2573
5/24/2016,HOUSEHOLD_1_346,0.9184
5/25/2016,HOUSEHOLD_1_346,0.8516
5/26/2016,HOUSEHOLD_1_346,0.8312
5/27/2016,HOUSEHOLD_1_346,0.831
5/28/2016,HOUSEHOLD_1_346,0.9533
5/29/2016,HOUSEHOLD_1_346,0.8777
5/23/2016,HOUSEHOLD_1_347,1.6277
5/24/2016,HOUSEHOLD_1_347,1.4405
5/25/2016,HOUSEHOLD_1_347,1.242
5/26/2016,HOUSEHOLD_1_347,1.2137
5/27/2016,HOUSEHOLD_1_347,1.2139
5/28/2016,HOUSEHOLD_1_347,1.4217
5/29/2016,HOUSEHOLD_1_347,1.2675
5/23/2016,HOUSEHOLD_1_348,2.7278
5/24/2016,HOUSEHOLD_1_348,2.1154
5/25/2016,HOUSEHOLD_1_348,1.9049
5/26/2016,HOUSEHOLD_1_348,1.7265
5/27/2016,HOUSEHOLD_1_348,1.7769
5/28/2016,HOUSEHOLD_1_348,1.8869
5/29/2016,HOUSEHOLD_1_348,2.0327
5/23/2016,HOUSEHOLD_1_350,1.842
5/24/2016,HOUSEHOLD_1_350,1.5855
5/25/2016,HOUSEHOLD_1_350,1.2509
5/26/2016,HOUSEHOLD_1_350,1.2286
5/27/2016,HOUSEHOLD_1_350,1.283
5/28/2016,HOUSEHOLD_1_350,1.4468
5/29/2016,HOUSEHOLD_1_350,1.5301
5/23/2016,HOUSEHOLD_1_351,5.6162
5/24/2016,HOUSEHOLD_1_351,4.2477
5/25/2016,HOUSEHOLD_1_351,3.6725
5/26/2016,HOUSEHOLD_1_351,3.8983
5/27/2016,HOUSEHOLD_1_351,3.9303
5/28/2016,HOUSEHOLD_1_351,4.9971
5/29/2016,HOUSEHOLD_1_351,4.7853
5/23/2016,HOUSEHOLD_1_353,1.0082
5/24/2016,HOUSEHOLD_1_353,0.7798
5/25/2016,HOUSEHOLD_1_353,0.7177
5/26/2016,HOUSEHOLD_1_353,0.7026
5/27/2016,HOUSEHOLD_1_353,0.6727
5/28/2016,HOUSEHOLD_1_353,0.7427
5/29/2016,HOUSEHOLD_1_353,0.745
5/23/2016,HOUSEHOLD_1_359,1.3576
5/24/2016,HOUSEHOLD_1_359,0.9371
5/25/2016,HOUSEHOLD_1_359,0.8819
5/26/2016,HOUSEHOLD_1_359,0.8341
5/27/2016,HOUSEHOLD_1_359,0.859
5/28/2016,HOUSEHOLD_1_359,1.0195
5/29/2016,HOUSEHOLD_1_359,0.9757
5/23/2016,HOUSEHOLD_1_360,0.4793
5/24/2016,HOUSEHOLD_1_360,0.4221
5/25/2016,HOUSEHOLD_1_360,0.3802
5/26/2016,HOUSEHOLD_1_360,0.3715
5/27/2016,HOUSEHOLD_1_360,0.3722
5/28/2016,HOUSEHOLD_1_360,0.4141
5/29/2016,HOUSEHOLD_1_360,0.3768
5/23/2016,HOUSEHOLD_1_361,6.575
5/24/2016,HOUSEHOLD_1_361,5.3946
5/25/2016,HOUSEHOLD_1_361,4.4036
5/26/2016,HOUSEHOLD_1_361,4.4106
5/27/2016,HOUSEHOLD_1_361,4.398
5/28/2016,HOUSEHOLD_1_361,5.5818
5/29/2016,HOUSEHOLD_1_361,5.1778
5/23/2016,HOUSEHOLD_1_369,1.7442
5/24/2016,HOUSEHOLD_1_369,1.4676
5/25/2016,HOUSEHOLD_1_369,1.3656
5/26/2016,HOUSEHOLD_1_369,1.3847
5/27/2016,HOUSEHOLD_1_369,1.3798
5/28/2016,HOUSEHOLD_1_369,1.6052
5/29/2016,HOUSEHOLD_1_369,1.4767
5/23/2016,HOUSEHOLD_1_370,1.5729
5/24/2016,HOUSEHOLD_1_370,1.1777
5/25/2016,HOUSEHOLD_1_370,0.9776
5/26/2016,HOUSEHOLD_1_370,0.9873
5/27/2016,HOUSEHOLD_1_370,0.9411
5/28/2016,HOUSEHOLD_1_370,0.9766
5/29/2016,HOUSEHOLD_1_370,0.9938
5/23/2016,HOUSEHOLD_1_372,0.8076
5/24/2016,HOUSEHOLD_1_372,1.1111
5/25/2016,HOUSEHOLD_1_372,0.958
5/26/2016,HOUSEHOLD_1_372,0.9709
5/27/2016,HOUSEHOLD_1_372,0.9979
5/28/2016,HOUSEHOLD_1_372,1.1104
5/29/2016,HOUSEHOLD_1_372,1.0165
5/23/2016,HOUSEHOLD_1_373,3.1938
5/24/2016,HOUSEHOLD_1_373,2.5905
5/25/2016,HOUSEHOLD_1_373,2.3646
5/26/2016,HOUSEHOLD_1_373,2.3426
5/27/2016,HOUSEHOLD_1_373,2.3434
5/28/2016,HOUSEHOLD_1_373,2.5396
5/29/2016,HOUSEHOLD_1_373,2.5071
5/23/2016,HOUSEHOLD_1_376,2.3215
5/24/2016,HOUSEHOLD_1_376,1.8243
5/25/2016,HOUSEHOLD_1_376,1.5394
5/26/2016,HOUSEHOLD_1_376,1.6806
5/27/2016,HOUSEHOLD_1_376,1.5472
5/28/2016,HOUSEHOLD_1_376,1.8642
5/29/2016,HOUSEHOLD_1_376,1.9122
5/23/2016,HOUSEHOLD_1_379,1.1732
5/24/2016,HOUSEHOLD_1_379,0.9755
5/25/2016,HOUSEHOLD_1_379,0.8756
5/26/2016,HOUSEHOLD_1_379,0.8674
5/27/2016,HOUSEHOLD_1_379,0.8709
5/28/2016,HOUSEHOLD_1_379,0.9705
5/29/2016,HOUSEHOLD_1_379,0.9617
5/23/2016,HOUSEHOLD_1_380,0.832
5/24/2016,HOUSEHOLD_1_380,0.6123
5/25/2016,HOUSEHOLD_1_380,0.5379
5/26/2016,HOUSEHOLD_1_380,0.5303
5/27/2016,HOUSEHOLD_1_380,0.5116
5/28/2016,HOUSEHOLD_1_380,0.5917
5/29/2016,HOUSEHOLD_1_380,0.5761
5/23/2016,HOUSEHOLD_1_383,2.1122
5/24/2016,HOUSEHOLD_1_383,1.7118
5/25/2016,HOUSEHOLD_1_383,1.4198
5/26/2016,HOUSEHOLD_1_383,1.236
5/27/2016,HOUSEHOLD_1_383,1.4434
5/28/2016,HOUSEHOLD_1_383,1.4656
5/29/2016,HOUSEHOLD_1_383,1.4872
5/23/2016,HOUSEHOLD_1_385,2.4519
5/24/2016,HOUSEHOLD_1_385,1.8806
5/25/2016,HOUSEHOLD_1_385,1.6222
5/26/2016,HOUSEHOLD_1_385,1.6512
5/27/2016,HOUSEHOLD_1_385,1.6416
5/28/2016,HOUSEHOLD_1_385,1.9143
5/29/2016,HOUSEHOLD_1_385,1.6931
5/23/2016,HOUSEHOLD_1_386,2.1388
5/24/2016,HOUSEHOLD_1_386,1.72
5/25/2016,HOUSEHOLD_1_386,1.4418
5/26/2016,HOUSEHOLD_1_386,1.3986
5/27/2016,HOUSEHOLD_1_386,1.4268
5/28/2016,HOUSEHOLD_1_386,1.6366
5/29/2016,HOUSEHOLD_1_386,1.635
5/23/2016,HOUSEHOLD_1_387,3.3299
5/24/2016,HOUSEHOLD_1_387,2.506
5/25/2016,HOUSEHOLD_1_387,2.1569
5/26/2016,HOUSEHOLD_1_387,2.1195
5/27/2016,HOUSEHOLD_1_387,2.1461
5/28/2016,HOUSEHOLD_1_387,2.4112
5/29/2016,HOUSEHOLD_1_387,2.4542
5/23/2016,HOUSEHOLD_1_389,4.8855
5/24/2016,HOUSEHOLD_1_389,3.4958
5/25/2016,HOUSEHOLD_1_389,2.8972
5/26/2016,HOUSEHOLD_1_389,3.016
5/27/2016,HOUSEHOLD_1_389,3.0928
5/28/2016,HOUSEHOLD_1_389,3.538
5/29/2016,HOUSEHOLD_1_389,3.6681
5/23/2016,HOUSEHOLD_1_393,1.1796
5/24/2016,HOUSEHOLD_1_393,0.928
5/25/2016,HOUSEHOLD_1_393,0.8528
5/26/2016,HOUSEHOLD_1_393,0.8459
5/27/2016,HOUSEHOLD_1_393,0.87
5/28/2016,HOUSEHOLD_1_393,0.9571
5/29/2016,HOUSEHOLD_1_393,0.9533
5/23/2016,HOUSEHOLD_1_397,2.0542
5/24/2016,HOUSEHOLD_1_397,1.5532
5/25/2016,HOUSEHOLD_1_397,1.3597
5/26/2016,HOUSEHOLD_1_397,1.3461
5/27/2016,HOUSEHOLD_1_397,1.3484
5/28/2016,HOUSEHOLD_1_397,1.6685
5/29/2016,HOUSEHOLD_1_397,1.6377
5/23/2016,HOUSEHOLD_1_399,12.072
5/24/2016,HOUSEHOLD_1_399,8.1784
5/25/2016,HOUSEHOLD_1_399,7.2177
5/26/2016,HOUSEHOLD_1_399,7.5692
5/27/2016,HOUSEHOLD_1_399,8.0111
5/28/2016,HOUSEHOLD_1_399,8.9554
5/29/2016,HOUSEHOLD_1_399,9.3168
5/23/2016,HOUSEHOLD_1_403,0.8294
5/24/2016,HOUSEHOLD_1_403,0.5872
5/25/2016,HOUSEHOLD_1_403,0.52
5/26/2016,HOUSEHOLD_1_403,0.5063
5/27/2016,HOUSEHOLD_1_403,0.5132
5/28/2016,HOUSEHOLD_1_403,0.5405
5/29/2016,HOUSEHOLD_1_403,0.542
5/23/2016,HOUSEHOLD_1_404,1.3168
5/24/2016,HOUSEHOLD_1_404,1.031
5/25/2016,HOUSEHOLD_1_404,0.9615
5/26/2016,HOUSEHOLD_1_404,0.9593
5/27/2016,HOUSEHOLD_1_404,0.9527
5/28/2016,HOUSEHOLD_1_404,1.0328
5/29/2016,HOUSEHOLD_1_404,0.9531
5/23/2016,HOUSEHOLD_1_408,2.3377
5/24/2016,HOUSEHOLD_1_408,1.7897
5/25/2016,HOUSEHOLD_1_408,1.5406
5/26/2016,HOUSEHOLD_1_408,1.5847
5/27/2016,HOUSEHOLD_1_408,1.5767
5/28/2016,HOUSEHOLD_1_408,1.8415
5/29/2016,HOUSEHOLD_1_408,1.8041
5/23/2016,HOUSEHOLD_1_409,8.9865
5/24/2016,HOUSEHOLD_1_409,6.1397
5/25/2016,HOUSEHOLD_1_409,5.065
5/26/2016,HOUSEHOLD_1_409,4.9492
5/27/2016,HOUSEHOLD_1_409,5.0688
5/28/2016,HOUSEHOLD_1_409,6.3365
5/29/2016,HOUSEHOLD_1_409,6.2565
5/23/2016,HOUSEHOLD_1_410,11.4922
5/24/2016,HOUSEHOLD_1_410,7.8599
5/25/2016,HOUSEHOLD_1_410,6.8477
5/26/2016,HOUSEHOLD_1_410,6.596
5/27/2016,HOUSEHOLD_1_410,6.6768
5/28/2016,HOUSEHOLD_1_410,8.4936
5/29/2016,HOUSEHOLD_1_410,8.6126
5/23/2016,HOUSEHOLD_1_411,2.6108
5/24/2016,HOUSEHOLD_1_411,2.0262
5/25/2016,HOUSEHOLD_1_411,1.6363
5/26/2016,HOUSEHOLD_1_411,1.5957
5/27/2016,HOUSEHOLD_1_411,1.6362
5/28/2016,HOUSEHOLD_1_411,1.8618
5/29/2016,HOUSEHOLD_1_411,1.9351
5/23/2016,HOUSEHOLD_1_414,6.4172
5/24/2016,HOUSEHOLD_1_414,5.771
5/25/2016,HOUSEHOLD_1_414,5.0997
5/26/2016,HOUSEHOLD_1_414,4.852
5/27/2016,HOUSEHOLD_1_414,5.3821
5/28/2016,HOUSEHOLD_1_414,5.8428
5/29/2016,HOUSEHOLD_1_414,5.7987
5/23/2016,HOUSEHOLD_1_416,1.9497
5/24/2016,HOUSEHOLD_1_416,1.4862
5/25/2016,HOUSEHOLD_1_416,1.2898
5/26/2016,HOUSEHOLD_1_416,1.2806
5/27/2016,HOUSEHOLD_1_416,1.3049
5/28/2016,HOUSEHOLD_1_416,1.5116
5/29/2016,HOUSEHOLD_1_416,1.5984
5/23/2016,HOUSEHOLD_1_418,14.6638
5/24/2016,HOUSEHOLD_1_418,11.7899
5/25/2016,HOUSEHOLD_1_418,11.3984
5/26/2016,HOUSEHOLD_1_418,10.636
5/27/2016,HOUSEHOLD_1_418,10.6698
5/28/2016,HOUSEHOLD_1_418,12.4712
5/29/2016,HOUSEHOLD_1_418,13.0847
5/23/2016,HOUSEHOLD_1_424,0.4787
5/24/2016,HOUSEHOLD_1_424,0.416
5/25/2016,HOUSEHOLD_1_424,0.3718
5/26/2016,HOUSEHOLD_1_424,0.3647
5/27/2016,HOUSEHOLD_1_424,0.3676
5/28/2016,HOUSEHOLD_1_424,0.4128
5/29/2016,HOUSEHOLD_1_424,0.4077
5/23/2016,HOUSEHOLD_1_425,2.7774
5/24/2016,HOUSEHOLD_1_425,2.0761
5/25/2016,HOUSEHOLD_1_425,1.8472
5/26/2016,HOUSEHOLD_1_425,1.7613
5/27/2016,HOUSEHOLD_1_425,1.7745
5/28/2016,HOUSEHOLD_1_425,2.1843
5/29/2016,HOUSEHOLD_1_425,2.0958
5/23/2016,HOUSEHOLD_1_426,1.1722
5/24/2016,HOUSEHOLD_1_426,0.9161
5/25/2016,HOUSEHOLD_1_426,0.8141
5/26/2016,HOUSEHOLD_1_426,0.7794
5/27/2016,HOUSEHOLD_1_426,0.7466
5/28/2016,HOUSEHOLD_1_426,0.8789
5/29/2016,HOUSEHOLD_1_426,0.8779
5/23/2016,HOUSEHOLD_1_427,0.0022
5/24/2016,HOUSEHOLD_1_427,0.4964
5/25/2016,HOUSEHOLD_1_427,0.4269
5/26/2016,HOUSEHOLD_1_427,0.5059
5/27/2016,HOUSEHOLD_1_427,0.4676
5/28/2016,HOUSEHOLD_1_427,0.5789
5/29/2016,HOUSEHOLD_1_427,0.561
5/23/2016,HOUSEHOLD_1_429,7.4537
5/24/2016,HOUSEHOLD_1_429,5.3191
5/25/2016,HOUSEHOLD_1_429,4.4357
5/26/2016,HOUSEHOLD_1_429,4.5428
5/27/2016,HOUSEHOLD_1_429,4.5527
5/28/2016,HOUSEHOLD_1_429,5.0085
5/29/2016,HOUSEHOLD_1_429,5.5563
5/23/2016,HOUSEHOLD_1_430,3.6117
5/24/2016,HOUSEHOLD_1_430,3.3391
5/25/2016,HOUSEHOLD_1_430,2.8294
5/26/2016,HOUSEHOLD_1_430,3.0395
5/27/2016,HOUSEHOLD_1_430,2.8471
5/28/2016,HOUSEHOLD_1_430,3.4444
5/29/2016,HOUSEHOLD_1_430,3.3445
5/23/2016,HOUSEHOLD_1_434,3.6321
5/24/2016,HOUSEHOLD_1_434,2.4515
5/25/2016,HOUSEHOLD_1_434,2.3053
5/26/2016,HOUSEHOLD_1_434,2.0683
5/27/2016,HOUSEHOLD_1_434,2.1014
5/28/2016,HOUSEHOLD_1_434,2.5719
5/29/2016,HOUSEHOLD_1_434,2.5254
5/23/2016,HOUSEHOLD_1_437,5.0234
5/24/2016,HOUSEHOLD_1_437,3.7233
5/25/2016,HOUSEHOLD_1_437,3.3401
5/26/2016,HOUSEHOLD_1_437,3.3335
5/27/2016,HOUSEHOLD_1_437,3.2203
5/28/2016,HOUSEHOLD_1_437,4.3543
5/29/2016,HOUSEHOLD_1_437,4.1952
5/23/2016,HOUSEHOLD_1_438,0.424
5/24/2016,HOUSEHOLD_1_438,0.4452
5/25/2016,HOUSEHOLD_1_438,0.3845
5/26/2016,HOUSEHOLD_1_438,0.3761
5/27/2016,HOUSEHOLD_1_438,0.3692
5/28/2016,HOUSEHOLD_1_438,0.4031
5/29/2016,HOUSEHOLD_1_438,0.3859
5/23/2016,HOUSEHOLD_1_439,3.0706
5/24/2016,HOUSEHOLD_1_439,2.8363
5/25/2016,HOUSEHOLD_1_439,2.6479
5/26/2016,HOUSEHOLD_1_439,2.7838
5/27/2016,HOUSEHOLD_1_439,2.4176
5/28/2016,HOUSEHOLD_1_439,2.8472
5/29/2016,HOUSEHOLD_1_439,2.8803
5/23/2016,HOUSEHOLD_1_440,2.4662
5/24/2016,HOUSEHOLD_1_440,1.8134
5/25/2016,HOUSEHOLD_1_440,1.5205
5/26/2016,HOUSEHOLD_1_440,1.511
5/27/2016,HOUSEHOLD_1_440,1.521
5/28/2016,HOUSEHOLD_1_440,1.8672
5/29/2016,HOUSEHOLD_1_440,1.8183
5/23/2016,HOUSEHOLD_1_443,2.3037
5/24/2016,HOUSEHOLD_1_443,1.8538
5/25/2016,HOUSEHOLD_1_443,1.5679
5/26/2016,HOUSEHOLD_1_443,1.5173
5/27/2016,HOUSEHOLD_1_443,1.5411
5/28/2016,HOUSEHOLD_1_443,1.5561
5/29/2016,HOUSEHOLD_1_443,1.5543
5/23/2016,HOUSEHOLD_1_445,3.4247
5/24/2016,HOUSEHOLD_1_445,2.2601
5/25/2016,HOUSEHOLD_1_445,2.0476
5/26/2016,HOUSEHOLD_1_445,1.9235
5/27/2016,HOUSEHOLD_1_445,1.9476
5/28/2016,HOUSEHOLD_1_445,2.3259
5/29/2016,HOUSEHOLD_1_445,2.2496
5/23/2016,HOUSEHOLD_1_447,6.9385
5/24/2016,HOUSEHOLD_1_447,5.46
5/25/2016,HOUSEHOLD_1_447,4.6007
5/26/2016,HOUSEHOLD_1_447,5.0293
5/27/2016,HOUSEHOLD_1_447,5.1154
5/28/2016,HOUSEHOLD_1_447,5.5765
5/29/2016,HOUSEHOLD_1_447,5.9558
5/23/2016,HOUSEHOLD_1_448,3.9705
5/24/2016,HOUSEHOLD_1_448,4.0497
5/25/2016,HOUSEHOLD_1_448,4.1204
5/26/2016,HOUSEHOLD_1_448,4.0705
5/27/2016,HOUSEHOLD_1_448,3.8964
5/28/2016,HOUSEHOLD_1_448,5.3701
5/29/2016,HOUSEHOLD_1_448,4.3565
5/23/2016,HOUSEHOLD_1_453,3.141
5/24/2016,HOUSEHOLD_1_453,2.3948
5/25/2016,HOUSEHOLD_1_453,1.9704
5/26/2016,HOUSEHOLD_1_453,2.0805
5/27/2016,HOUSEHOLD_1_453,2.0037
5/28/2016,HOUSEHOLD_1_453,2.1942
5/29/2016,HOUSEHOLD_1_453,2.2596
5/23/2016,HOUSEHOLD_1_457,2.2707
5/24/2016,HOUSEHOLD_1_457,1.6842
5/25/2016,HOUSEHOLD_1_457,1.4625
5/26/2016,HOUSEHOLD_1_457,1.455
5/27/2016,HOUSEHOLD_1_457,1.4085
5/28/2016,HOUSEHOLD_1_457,1.7221
5/29/2016,HOUSEHOLD_1_457,1.6337
5/23/2016,HOUSEHOLD_1_458,4.9034
5/24/2016,HOUSEHOLD_1_458,3.875
5/25/2016,HOUSEHOLD_1_458,3.5525
5/26/2016,HOUSEHOLD_1_458,3.1904
5/27/2016,HOUSEHOLD_1_458,3.106
5/28/2016,HOUSEHOLD_1_458,3.4951
5/29/2016,HOUSEHOLD_1_458,3.2863
5/23/2016,HOUSEHOLD_1_459,6.6058
5/24/2016,HOUSEHOLD_1_459,4.7961
5/25/2016,HOUSEHOLD_1_459,4.2669
5/26/2016,HOUSEHOLD_1_459,4.1336
5/27/2016,HOUSEHOLD_1_459,3.9067
5/28/2016,HOUSEHOLD_1_459,4.7994
5/29/2016,HOUSEHOLD_1_459,4.5949
5/23/2016,HOUSEHOLD_1_461,1.4035
5/24/2016,HOUSEHOLD_1_461,1.1355
5/25/2016,HOUSEHOLD_1_461,1.1231
5/26/2016,HOUSEHOLD_1_461,1.1296
5/27/2016,HOUSEHOLD_1_461,1.1397
5/28/2016,HOUSEHOLD_1_461,1.2917
5/29/2016,HOUSEHOLD_1_461,1.3464
5/23/2016,HOUSEHOLD_1_465,14.3476
5/24/2016,HOUSEHOLD_1_465,10.9641
5/25/2016,HOUSEHOLD_1_465,10.0193
5/26/2016,HOUSEHOLD_1_465,9.7643
5/27/2016,HOUSEHOLD_1_465,9.7811
5/28/2016,HOUSEHOLD_1_465,11.59
5/29/2016,HOUSEHOLD_1_465,12.2899
5/23/2016,HOUSEHOLD_1_469,1.7346
5/24/2016,HOUSEHOLD_1_469,1.405
5/25/2016,HOUSEHOLD_1_469,1.2777
5/26/2016,HOUSEHOLD_1_469,1.1874
5/27/2016,HOUSEHOLD_1_469,1.2371
5/28/2016,HOUSEHOLD_1_469,1.4052
5/29/2016,HOUSEHOLD_1_469,1.4236
5/23/2016,HOUSEHOLD_1_473,6.1435
5/24/2016,HOUSEHOLD_1_473,4.5123
5/25/2016,HOUSEHOLD_1_473,3.9114
5/26/2016,HOUSEHOLD_1_473,3.9463
5/27/2016,HOUSEHOLD_1_473,3.8191
5/28/2016,HOUSEHOLD_1_473,4.4955
5/29/2016,HOUSEHOLD_1_473,4.7504
5/23/2016,HOUSEHOLD_1_474,2.0556
5/24/2016,HOUSEHOLD_1_474,1.7775
5/25/2016,HOUSEHOLD_1_474,1.4911
5/26/2016,HOUSEHOLD_1_474,1.5061
5/27/2016,HOUSEHOLD_1_474,1.5369
5/28/2016,HOUSEHOLD_1_474,1.7744
5/29/2016,HOUSEHOLD_1_474,1.7574
5/23/2016,HOUSEHOLD_1_475,0.6755
5/24/2016,HOUSEHOLD_1_475,0.6
5/25/2016,HOUSEHOLD_1_475,0.4986
5/26/2016,HOUSEHOLD_1_475,0.4854
5/27/2016,HOUSEHOLD_1_475,0.4132
5/28/2016,HOUSEHOLD_1_475,0.5078
5/29/2016,HOUSEHOLD_1_475,0.4844
5/23/2016,HOUSEHOLD_1_477,0.6042
5/24/2016,HOUSEHOLD_1_477,0.6078
5/25/2016,HOUSEHOLD_1_477,0.5602
5/26/2016,HOUSEHOLD_1_477,0.4845
5/27/2016,HOUSEHOLD_1_477,0.3999
5/28/2016,HOUSEHOLD_1_477,0.4446
5/29/2016,HOUSEHOLD_1_477,0.4446
5/23/2016,HOUSEHOLD_1_478,1.6017
5/24/2016,HOUSEHOLD_1_478,1.464
5/25/2016,HOUSEHOLD_1_478,1.3099
5/26/2016,HOUSEHOLD_1_478,1.2955
5/27/2016,HOUSEHOLD_1_478,1.3596
5/28/2016,HOUSEHOLD_1_478,1.4474
5/29/2016,HOUSEHOLD_1_478,1.4685
5/23/2016,HOUSEHOLD_1_479,0.5209
5/24/2016,HOUSEHOLD_1_479,0.4412
5/25/2016,HOUSEHOLD_1_479,0.3917
5/26/2016,HOUSEHOLD_1_479,0.3775
5/27/2016,HOUSEHOLD_1_479,0.3761
5/28/2016,HOUSEHOLD_1_479,0.4259
5/29/2016,HOUSEHOLD_1_479,0.4123
5/23/2016,HOUSEHOLD_1_482,2.556
5/24/2016,HOUSEHOLD_1_482,1.8651
5/25/2016,HOUSEHOLD_1_482,1.5734
5/26/2016,HOUSEHOLD_1_482,1.5529
5/27/2016,HOUSEHOLD_1_482,1.6371
5/28/2016,HOUSEHOLD_1_482,1.8321
5/29/2016,HOUSEHOLD_1_482,1.8542
5/23/2016,HOUSEHOLD_1_494,4.5723
5/24/2016,HOUSEHOLD_1_494,3.3441
5/25/2016,HOUSEHOLD_1_494,2.8617
5/26/2016,HOUSEHOLD_1_494,2.8718
5/27/2016,HOUSEHOLD_1_494,2.9676
5/28/2016,HOUSEHOLD_1_494,3.4349
5/29/2016,HOUSEHOLD_1_494,3.386
5/23/2016,HOUSEHOLD_1_497,1.9138
5/24/2016,HOUSEHOLD_1_497,1.4839
5/25/2016,HOUSEHOLD_1_497,1.372
5/26/2016,HOUSEHOLD_1_497,1.3739
5/27/2016,HOUSEHOLD_1_497,1.3565
5/28/2016,HOUSEHOLD_1_497,1.6345
5/29/2016,HOUSEHOLD_1_497,1.5536
5/23/2016,HOUSEHOLD_1_498,2.8354
5/24/2016,HOUSEHOLD_1_498,2.0817
5/25/2016,HOUSEHOLD_1_498,1.7444
5/26/2016,HOUSEHOLD_1_498,1.7221
5/27/2016,HOUSEHOLD_1_498,1.7224
5/28/2016,HOUSEHOLD_1_498,1.966
5/29/2016,HOUSEHOLD_1_498,1.9054
5/23/2016,HOUSEHOLD_1_503,1.3045
5/24/2016,HOUSEHOLD_1_503,1.1465
5/25/2016,HOUSEHOLD_1_503,1.0729
5/26/2016,HOUSEHOLD_1_503,1.0076
5/27/2016,HOUSEHOLD_1_503,1.0111
5/28/2016,HOUSEHOLD_1_503,1.1223
5/29/2016,HOUSEHOLD_1_503,1.0849
5/23/2016,HOUSEHOLD_1_505,2.7143
5/24/2016,HOUSEHOLD_1_505,2.1743
5/25/2016,HOUSEHOLD_1_505,1.7646
5/26/2016,HOUSEHOLD_1_505,1.8333
5/27/2016,HOUSEHOLD_1_505,1.7126
5/28/2016,HOUSEHOLD_1_505,2.121
5/29/2016,HOUSEHOLD_1_505,2.002
5/23/2016,HOUSEHOLD_1_506,1.3219
5/24/2016,HOUSEHOLD_1_506,0.9894
5/25/2016,HOUSEHOLD_1_506,0.9122
5/26/2016,HOUSEHOLD_1_506,0.8698
5/27/2016,HOUSEHOLD_1_506,0.8887
5/28/2016,HOUSEHOLD_1_506,1.0093
5/29/2016,HOUSEHOLD_1_506,0.9864
5/23/2016,HOUSEHOLD_1_508,0.9038
5/24/2016,HOUSEHOLD_1_508,0.695
5/25/2016,HOUSEHOLD_1_508,0.586
5/26/2016,HOUSEHOLD_1_508,0.6397
5/27/2016,HOUSEHOLD_1_508,0.5147
5/28/2016,HOUSEHOLD_1_508,0.5901
5/29/2016,HOUSEHOLD_1_508,0.5595
5/23/2016,HOUSEHOLD_1_510,1.7472
5/24/2016,HOUSEHOLD_1_510,1.2672
5/25/2016,HOUSEHOLD_1_510,1.1348
5/26/2016,HOUSEHOLD_1_510,1.0834
5/27/2016,HOUSEHOLD_1_510,1.082
5/28/2016,HOUSEHOLD_1_510,1.214
5/29/2016,HOUSEHOLD_1_510,1.2207
5/23/2016,HOUSEHOLD_1_514,10.0504
5/24/2016,HOUSEHOLD_1_514,7.3954
5/25/2016,HOUSEHOLD_1_514,6.17
5/26/2016,HOUSEHOLD_1_514,6.3822
5/27/2016,HOUSEHOLD_1_514,6.5896
5/28/2016,HOUSEHOLD_1_514,7.4667
5/29/2016,HOUSEHOLD_1_514,8.0581
5/23/2016,HOUSEHOLD_1_516,2.1396
5/24/2016,HOUSEHOLD_1_516,1.7697
5/25/2016,HOUSEHOLD_1_516,1.5315
5/26/2016,HOUSEHOLD_1_516,1.477
5/27/2016,HOUSEHOLD_1_516,1.512
5/28/2016,HOUSEHOLD_1_516,1.7735
5/29/2016,HOUSEHOLD_1_516,1.7418
5/23/2016,HOUSEHOLD_1_517,10.5335
5/24/2016,HOUSEHOLD_1_517,8.2796
5/25/2016,HOUSEHOLD_1_517,7.3418
5/26/2016,HOUSEHOLD_1_517,6.8507
5/27/2016,HOUSEHOLD_1_517,7.3284
5/28/2016,HOUSEHOLD_1_517,7.1516
5/29/2016,HOUSEHOLD_1_517,7.1721
5/23/2016,HOUSEHOLD_1_518,1.1734
5/24/2016,HOUSEHOLD_1_518,1.0712
5/25/2016,HOUSEHOLD_1_518,0.9535
5/26/2016,HOUSEHOLD_1_518,0.9413
5/27/2016,HOUSEHOLD_1_518,0.9467
5/28/2016,HOUSEHOLD_1_518,1.0505
5/29/2016,HOUSEHOLD_1_518,0.9498
5/23/2016,HOUSEHOLD_1_521,5.8728
5/24/2016,HOUSEHOLD_1_521,5.1198
5/25/2016,HOUSEHOLD_1_521,4.3089
5/26/2016,HOUSEHOLD_1_521,4.1892
5/27/2016,HOUSEHOLD_1_521,4.4939
5/28/2016,HOUSEHOLD_1_521,5.555
5/29/2016,HOUSEHOLD_1_521,5.666
5/23/2016,HOUSEHOLD_1_522,1.524
5/24/2016,HOUSEHOLD_1_522,1.1505
5/25/2016,HOUSEHOLD_1_522,1.0844
5/26/2016,HOUSEHOLD_1_522,1.1182
5/27/2016,HOUSEHOLD_1_522,1.1595
5/28/2016,HOUSEHOLD_1_522,1.2135
5/29/2016,HOUSEHOLD_1_522,1.2489
5/23/2016,HOUSEHOLD_1_528,0.8626
5/24/2016,HOUSEHOLD_1_528,0.7049
5/25/2016,HOUSEHOLD_1_528,0.595
5/26/2016,HOUSEHOLD_1_528,0.591
5/27/2016,HOUSEHOLD_1_528,0.6117
5/28/2016,HOUSEHOLD_1_528,0.6706
5/29/2016,HOUSEHOLD_1_528,0.7063
5/23/2016,HOUSEHOLD_1_535,8.7934
5/24/2016,HOUSEHOLD_1_535,6.6705
5/25/2016,HOUSEHOLD_1_535,5.8889
5/26/2016,HOUSEHOLD_1_535,5.6303
5/27/2016,HOUSEHOLD_1_535,5.8699
5/28/2016,HOUSEHOLD_1_535,6.8154
5/29/2016,HOUSEHOLD_1_535,6.8959
5/23/2016,HOUSEHOLD_1_538,1.8618
5/24/2016,HOUSEHOLD_1_538,1.5014
5/25/2016,HOUSEHOLD_1_538,1.3375
5/26/2016,HOUSEHOLD_1_538,1.3256
5/27/2016,HOUSEHOLD_1_538,1.3338
5/28/2016,HOUSEHOLD_1_538,1.5229
5/29/2016,HOUSEHOLD_1_538,1.3139
5/23/2016,HOUSEHOLD_1_539,3.8627
5/24/2016,HOUSEHOLD_1_539,2.7343
5/25/2016,HOUSEHOLD_1_539,2.3987
5/26/2016,HOUSEHOLD_1_539,2.4574
5/27/2016,HOUSEHOLD_1_539,2.4611
5/28/2016,HOUSEHOLD_1_539,2.5781
5/29/2016,HOUSEHOLD_1_539,2.4947
5/23/2016,HOUSEHOLD_1_540,3.4037
5/24/2016,HOUSEHOLD_1_540,2.4995
5/25/2016,HOUSEHOLD_1_540,2.2661
5/26/2016,HOUSEHOLD_1_540,2.202
5/27/2016,HOUSEHOLD_1_540,2.2222
5/28/2016,HOUSEHOLD_1_540,2.6672
5/29/2016,HOUSEHOLD_1_540,2.5817
5/23/2016,HOUSEHOLD_1_541,0.0025
5/24/2016,HOUSEHOLD_1_541,0.4586
5/25/2016,HOUSEHOLD_1_541,0.4317
5/26/2016,HOUSEHOLD_1_541,0.4893
5/27/2016,HOUSEHOLD_1_541,0.478
5/28/2016,HOUSEHOLD_1_541,0.7692
5/29/2016,HOUSEHOLD_1_541,0.7642
