item_id,abc_class,xyz_class,abc_xyz,avg_daily_demand,safety_stock_95,reorder_point_lt_med,procurement_risk_tier,stockout_risk_score,target_coverage_days,current_inventory,reserved_inventory,available_inventory,days_of_cover,inventory_value,inventory_health,inventory_status
FOODS_2_197,A,X,AX,18.594520547945205,40.538,170.7,LOW,0.0117,30,556,48,508,27.3,1702.48,94.6,Healthy
FOODS_2_019,A,X,AX,15.687671232876712,31.265,141.079,LOW,0.0088,30,386,30,356,22.7,1193.35,85.4,Healthy
HOUSEHOLD_1_032,A,Y,AY,4.587671232876712,23.917,56.031,MEDIUM,0.3125,25,135,11,124,27.0,1328.43,94.0,Healthy
HOUSEHOLD_1_535,A,X,AX,6.278082191780822,18.686,62.633,LOW,0.0965,30,204,15,189,30.1,1317.33,100.0,Healthy
FOODS_2_244,A,X,AX,6.083561643835616,20.144,62.729,LOW,0.1167,30,173,9,164,27.0,970.2,94.0,Healthy
HOUSEHOLD_1_110,A,X,AX,9.58082191780822,23.393,90.459,LOW,0.0438,30,176,9,167,17.4,625.73,74.8,Monitor
FOODS_2_276,A,X,AX,10.689041095890412,26.603,101.426,LOW,0.0118,30,290,43,247,23.1,827.97,86.2,Healthy
FOODS_2_052,A,X,AX,2.647945205479452,9.833,28.369,LOW,0.1999,30,94,9,85,32.1,1145.25,100.0,Healthy
HOUSEHOLD_1_053,A,X,AX,2.3589041095890413,9.069,25.581,LOW,0.2033,30,48,4,44,18.7,658.68,77.4,Monitor
HOUSEHOLD_1_106,A,X,AX,3.864383561643836,14.443,41.494,LOW,0.1388,30,131,15,116,30.0,1055.94,100.0,Healthy
HOUSEHOLD_1_272,A,Y,AY,3.182191780821918,18.289,40.564,MEDIUM,0.4735,25,76,5,71,22.3,707.87,84.6,Healthy
HOUSEHOLD_1_096,A,X,AX,8.391780821917807,22.273,81.015,LOW,0.0485,30,176,26,150,17.9,562.03,75.8,Monitor
HOUSEHOLD_1_514,A,X,AX,8.058904109589042,20.261,76.673,LOW,0.0435,30,277,36,241,29.9,902.99,99.8,Healthy
HOUSEHOLD_1_494,A,X,AX,3.541095890410959,9.869,34.657,LOW,0.043,30,102,6,96,27.1,765.12,94.2,Healthy
FOODS_2_131,A,X,AX,4.228767123287671,14.794,44.395,LOW,0.1178,30,121,11,110,26.0,656.49,92.0,Healthy
FOODS_2_347,A,X,AX,11.912328767123288,29.454,112.84,LOW,0.0451,30,101,14,87,7.3,178.66,35.2,Low Stock
HOUSEHOLD_1_497,A,Y,AY,1.5520547945205478,7.773,18.637,MEDIUM,0.2851,25,40,6,34,21.9,516.11,83.8,Healthy
FOODS_2_349,A,X,AX,3.836986301369863,12.618,39.477,LOW,0.09,30,122,12,110,28.7,656.49,97.4,Healthy
FOODS_2_183,A,X,AX,2.468493150684932,9.439,26.718,LOW,0.1805,30,77,9,68,27.5,610.64,95.0,Healthy
HOUSEHOLD_1_066,A,X,AX,6.949315068493151,20.317,68.962,LOW,0.0893,30,205,14,191,27.5,581.37,95.0,Healthy
HOUSEHOLD_1_409,A,X,AX,7.135616438356164,16.857,66.806,LOW,0.0097,30,230,34,196,27.5,577.41,95.0,Healthy
FOODS_2_029,A,Z,AZ,1.9452054794520548,17.267,30.883,HIGH,1.1953,20,20,1,19,9.8,203.1,36.0,Low Stock
HOUSEHOLD_1_165,A,Y,AY,1.1616438356164382,6.783,14.915,MEDIUM,0.4683,25,13,2,11,9.5,195.99,38.7,Low Stock
HOUSEHOLD_1_140,A,Y,AY,1.3547945205479452,6.993,16.477,MEDIUM,0.3617,25,11,1,10,7.4,149.7,31.0,Low Stock
FOODS_1_170,A,Y,AY,3.6506849315068495,19.779,45.334,MEDIUM,0.4137,25,100,11,89,24.4,490.54,88.8,Healthy
FOODS_2_293,A,X,AX,4.861643835616438,19.08,53.112,LOW,0.0635,30,98,10,88,18.1,362.08,76.2,Monitor
FOODS_1_012,A,X,AX,3.532876712328767,11.36,36.09,LOW,0.0769,30,102,7,95,26.9,524.0,93.8,Healthy
HOUSEHOLD_1_338,A,X,AX,4.93972602739726,16.376,50.954,LOW,0.073,30,157,11,146,29.6,575.63,99.2,Healthy
HOUSEHOLD_1_072,A,X,AX,2.378082191780822,7.596,24.243,LOW,0.1036,30,77,6,71,29.9,566.58,99.8,Healthy
FOODS_1_004,A,X,AX,9.645205479452056,36.529,104.045,LOW,0.1693,30,126,9,117,12.1,226.9,54.2,Monitor
FOODS_2_222,A,X,AX,7.131506849315069,24.84,74.761,LOW,0.0778,30,56,7,49,6.9,124.77,31.3,Low Stock
HOUSEHOLD_1_469,A,Y,AY,0.9657534246575342,5.716,12.476,MEDIUM,0.5394,25,24,2,22,22.8,395.34,85.6,Healthy
HOUSEHOLD_1_027,A,X,AX,2.9616438356164383,9.965,30.697,LOW,0.0741,30,82,5,77,26.0,450.43,92.0,Healthy
FOODS_2_371,A,X,AX,8.53013698630137,19.164,78.875,LOW,0.0219,30,301,44,257,30.1,514.0,100.0,Healthy
FOODS_2_030,A,X,AX,3.745205479452055,9.884,36.1,LOW,0.0349,30,134,19,115,30.7,515.2,100.0,Healthy
HOUSEHOLD_1_347,A,X,AX,2.0575342465753423,7.16,21.563,LOW,0.1544,30,50,7,43,20.9,342.71,81.8,Healthy
HOUSEHOLD_1_429,A,X,AX,5.517808219178082,14.926,53.551,LOW,0.0536,30,163,24,139,25.2,412.32,90.4,Healthy
HOUSEHOLD_1_440,A,Y,AY,1.0726027397260274,6.029,13.537,MEDIUM,0.4677,25,26,2,24,22.4,359.28,84.8,Healthy
HOUSEHOLD_1_310,A,X,AX,2.247945205479452,8.515,24.251,LOW,0.2098,30,76,7,69,30.7,482.68,100.0,Healthy
FOODS_1_087,A,X,AX,2.83013698630137,10.358,30.169,LOW,0.1325,30,88,11,77,27.2,424.34,94.4,Healthy
HOUSEHOLD_1_177,A,Y,AY,2.149315068493151,8.661,23.706,LOW,0.2308,25,51,6,45,20.9,314.79,81.8,Healthy
HOUSEHOLD_1_191,A,Y,AY,4.864383561643836,25.764,59.815,MEDIUM,0.4175,25,134,9,125,25.7,386.11,91.4,Healthy
FOODS_2_082,A,X,AX,2.463013698630137,9.469,26.71,LOW,0.2045,30,68,9,59,24.0,352.82,88.0,Healthy
FOODS_2_060,A,X,AX,1.7438356164383562,5.895,18.102,LOW,0.1532,30,62,4,58,33.3,453.27,100.0,Healthy
FOODS_1_043,A,X,AX,6.989041095890411,25.29,74.213,LOW,0.1412,30,206,15,191,27.3,370.4,94.6,Healthy
HOUSEHOLD_1_410,A,Z,AZ,3.1767123287671235,20.025,42.262,HIGH,0.873,20,77,8,69,21.7,293.45,83.4,Healthy
FOODS_2_101,A,X,AX,2.221917808219178,8.469,24.022,LOW,0.1871,30,41,4,37,16.7,221.26,73.4,Monitor
HOUSEHOLD_1_457,A,Y,AY,1.3123287671232875,6.788,15.974,MEDIUM,0.3369,25,20,2,18,13.7,181.81,57.4,Monitor
HOUSEHOLD_1_373,A,X,AX,3.850684931506849,12.145,39.1,LOW,0.0754,30,123,7,116,30.1,396.72,100.0,Healthy
FOODS_2_181,A,X,AX,6.472602739726027,16.089,61.397,LOW,0.0211,30,183,25,158,24.4,316.0,88.8,Healthy
HOUSEHOLD_1_304,A,X,AX,5.826027397260274,12.713,53.495,LOW,0.0117,30,128,10,118,20.3,256.8,80.6,Healthy
FOODS_2_056,A,Y,AY,1.7904109589041095,7.74,20.273,LOW,0.2858,25,53,3,50,27.9,351.82,95.8,Healthy
FOODS_2_342,A,Y,AY,2.0821917808219177,9.653,24.228,MEDIUM,0.2284,25,64,9,55,26.4,328.9,92.8,Healthy
HOUSEHOLD_1_100,A,Y,AY,1.556164383561644,7.886,18.779,MEDIUM,0.3148,25,48,7,41,26.3,326.77,92.6,Healthy
FOODS_2_194,A,Z,AZ,1.8027397260273967,11.884,24.503,HIGH,0.6513,20,30,4,26,14.4,178.41,57.1,Monitor
HOUSEHOLD_1_068,A,Y,AY,1.6767123287671233,8.419,20.156,MEDIUM,0.3202,25,52,7,45,26.8,313.65,93.6,Healthy
FOODS_1_055,A,Z,AZ,2.782191780821918,26.219,45.694,HIGH,0.5818,20,60,7,53,19.0,220.96,68.9,Monitor
FOODS_1_218,A,X,AX,11.717808219178082,35.485,117.51,LOW,0.0038,30,336,35,301,25.7,294.98,91.4,Healthy
HOUSEHOLD_1_040,A,X,AX,2.372602739726027,7.965,24.573,LOW,0.1099,30,28,2,26,11.0,123.34,50.2,Monitor
HOUSEHOLD_1_473,A,X,AX,5.093150684931507,10.913,46.565,LOW,0.0115,30,50,5,45,8.8,97.93,43.4,Low Stock
FOODS_1_110,A,Y,AY,5.7095890410958905,24.441,64.408,LOW,0.1591,25,150,13,137,24.0,265.68,88.0,Healthy
FOODS_2_233,A,X,AX,2.46027397260274,8.4,25.622,LOW,0.1139,30,47,4,43,17.5,192.64,75.0,Monitor
HOUSEHOLD_1_038,A,X,AX,2.102739726027397,7.031,21.75,LOW,0.1242,30,73,9,64,30.4,334.08,100.0,Healthy
FOODS_2_184,A,X,AX,2.1931506849315068,7.772,23.124,LOW,0.1327,30,67,7,60,27.4,297.01,94.8,Healthy
FOODS_1_099,A,X,AX,11.02191780821918,31.744,108.897,LOW,0.0091,30,193,11,182,16.5,178.36,73.0,Monitor
FOODS_2_241,A,Y,AY,4.517808219178082,26.825,58.45,MEDIUM,0.5233,25,128,9,119,26.3,283.22,92.6,Healthy
FOODS_2_173,A,Y,AY,1.1876712328767125,6.351,14.665,MEDIUM,0.401,25,29,3,26,21.9,233.48,83.8,Healthy
FOODS_2_299,A,X,AX,5.184931506849315,16.588,52.883,LOW,0.0886,30,114,7,107,20.6,219.73,81.2,Healthy
HOUSEHOLD_1_249,A,Y,AY,1.295890410958904,6.492,15.563,MEDIUM,0.34,25,31,4,27,20.8,215.19,81.6,Healthy
HOUSEHOLD_1_539,A,X,AX,2.6,8.409,26.609,LOW,0.1089,30,43,4,39,15.0,154.83,69.1,Monitor
HOUSEHOLD_1_169,A,X,AX,3.495890410958904,10.94,35.411,LOW,0.068,30,36,4,32,9.2,94.27,42.5,Low Stock
FOODS_1_085,A,X,AX,10.454794520547946,27.197,100.381,LOW,0.0041,30,298,33,265,25.3,259.7,90.6,Healthy
HOUSEHOLD_1_292,A,Y,AY,1.5698630136986302,8.03,19.019,MEDIUM,0.3276,25,37,5,32,20.4,207.36,80.8,Healthy
HOUSEHOLD_1_294,A,X,AX,4.997260273972603,13.731,48.712,LOW,0.0424,30,172,15,157,31.4,316.19,100.0,Healthy
HOUSEHOLD_1_541,A,Y,AY,1.4301369863013698,8.132,18.143,MEDIUM,0.428,25,26,3,23,16.1,160.89,66.0,Monitor
FOODS_2_078,A,Z,AZ,1.0,6.46,13.46,HIGH,0.6365,20,25,3,22,22.0,218.73,84.0,Healthy
HOUSEHOLD_1_050,A,X,AX,2.650684931506849,8.914,27.469,LOW,0.1249,30,20,2,18,6.8,67.44,31.1,Low Stock
HOUSEHOLD_1_086,A,Y,AY,1.9616438356164383,12.06,25.792,MEDIUM,0.3379,25,48,7,41,20.9,205.57,81.8,Healthy
HOUSEHOLD_1_051,A,X,AX,3.2643835616438355,10.165,33.016,LOW,0.0755,30,58,8,50,15.3,148.0,70.6,Monitor
HOUSEHOLD_1_130,A,Y,AY,1.5,7.9,18.4,MEDIUM,0.3762,25,37,4,33,22.0,212.01,84.0,Healthy
FOODS_2_112,A,Y,AY,2.875342465753425,12.7,32.827,LOW,0.2145,25,87,12,75,26.1,251.35,92.2,Healthy
FOODS_2_346,A,Y,AY,4.079452054794521,22.588,51.144,MEDIUM,0.4167,25,117,16,101,24.8,236.79,89.6,Healthy
FOODS_2_380,A,X,AX,1.887671232876712,7.151,20.365,LOW,0.18,30,36,4,32,17.0,159.04,74.0,Monitor
FOODS_1_183,A,X,AX,3.1246575342465754,10.088,31.961,LOW,0.0915,30,86,11,75,24.0,223.5,88.0,Healthy
HOUSEHOLD_1_418,A,X,AX,9.476712328767125,27.181,93.518,LOW,0.0262,30,187,22,165,17.4,161.2,74.8,Monitor
HOUSEHOLD_1_079,A,X,AX,1.908219178082192,6.216,19.574,LOW,0.1282,30,40,5,35,18.3,169.66,76.6,Monitor
FOODS_1_086,A,X,AX,5.156164383561644,21.812,57.905,MEDIUM,0.2119,30,177,20,157,30.4,280.16,100.0,Healthy
HOUSEHOLD_1_334,A,X,AX,9.4013698630137,28.758,94.568,LOW,0.0356,30,173,22,151,16.1,147.53,72.2,Monitor
FOODS_1_217,A,Y,AY,2.6095890410958904,13.524,31.791,LOW,0.3604,25,80,5,75,28.7,263.26,97.4,Healthy
FOODS_1_173,A,Y,AY,4.583561643835616,22.442,54.527,LOW,0.226,25,125,17,108,23.6,215.6,87.2,Healthy
FOODS_2_036,A,Y,AY,2.521917808219178,13.175,30.828,MEDIUM,0.3231,25,35,5,30,11.9,108.01,49.8,Low Stock
HOUSEHOLD_1_387,A,X,AX,3.06027397260274,9.989,31.411,LOW,0.1007,30,103,5,98,32.0,289.85,100.0,Healthy
FOODS_1_161,A,X,AX,9.157534246575343,28.162,92.265,LOW,0.0136,30,311,41,270,29.5,264.6,99.0,Healthy
FOODS_2_359,A,X,AX,4.36027397260274,13.709,44.231,LOW,0.0653,30,140,9,131,30.0,269.02,100.0,Healthy
FOODS_2_074,A,Y,AY,3.515068493150685,14.745,39.35,LOW,0.1547,25,103,9,94,26.7,239.35,93.4,Healthy
FOODS_2_274,A,Y,AY,1.2684931506849315,7.101,15.98,MEDIUM,0.4413,25,35,4,31,24.4,218.13,88.8,Healthy
FOODS_1_162,A,X,AX,4.619178082191781,17.45,49.784,LOW,0.0781,30,148,10,138,29.9,266.43,99.8,Healthy
FOODS_2_150,A,X,AX,2.9904109589041097,11.69,32.623,LOW,0.2104,30,93,12,81,27.1,239.76,94.2,Healthy
HOUSEHOLD_1_197,A,X,AX,1.7616438356164383,6.261,18.593,LOW,0.1801,30,48,6,42,23.8,208.74,87.6,Healthy
HOUSEHOLD_1_328,A,X,AX,1.836986301369863,7.174,20.033,LOW,0.1954,30,52,5,47,25.6,222.96,91.2,Healthy
HOUSEHOLD_1_361,A,X,AX,4.626027397260274,17.986,50.368,LOW,0.2093,30,22,1,21,4.5,39.48,20.1,Low Stock
FOODS_1_023,A,Z,AZ,1.5616438356164384,11.256,22.188,HIGH,0.7535,20,38,3,35,22.4,193.1,84.8,Healthy
FOODS_1_018,A,X,AX,8.772602739726027,24.655,86.063,LOW,0.008,30,158,18,140,16.0,137.2,72.0,Monitor
HOUSEHOLD_1_437,A,Y,AY,2.746575342465753,14.084,33.31,MEDIUM,0.3607,25,76,11,65,23.7,200.78,87.4,Healthy
HOUSEHOLD_1_118,A,X,AX,8.745205479452055,27.152,88.368,LOW,0.0381,30,310,35,275,31.4,266.75,100.0,Healthy
FOODS_2_054,A,X,AX,2.9068493150684933,11.358,31.706,LOW,0.1808,30,86,7,79,27.2,229.45,94.4,Healthy
HOUSEHOLD_1_376,A,Y,AY,1.5452054794520549,7.11,17.926,MEDIUM,0.277,25,11,1,10,6.5,53.34,27.9,Low Stock
HOUSEHOLD_1_370,A,Y,AY,1.1273972602739726,6.415,14.307,MEDIUM,0.4547,25,34,4,30,26.6,216.1,93.2,Healthy
FOODS_1_194,A,Y,AY,1.6767123287671233,9.146,20.883,MEDIUM,0.3643,25,43,6,37,22.1,179.05,84.2,Healthy
HOUSEHOLD_1_408,A,Y,AY,1.443835616438356,7.557,17.664,MEDIUM,0.3782,25,35,2,33,22.9,180.84,85.8,Healthy
HOUSEHOLD_1_517,A,X,AX,8.178082191780822,19.946,77.193,LOW,0.0223,30,239,30,209,25.6,201.96,91.2,Healthy
FOODS_1_200,A,X,AX,8.016438356164384,30.876,86.991,LOW,0.0289,30,230,24,206,25.7,201.88,91.4,Healthy
HOUSEHOLD_1_014,A,Z,AZ,0.4356164383561643,3.803,6.852,HIGH,1.1995,20,12,2,10,23.0,179.7,84.9,Healthy
FOODS_1_104,A,Y,AY,2.197260273972603,11.471,26.852,LOW,0.3412,25,66,6,60,27.3,210.6,94.6,Healthy
HOUSEHOLD_1_318,A,X,AX,2.5972602739726027,9.945,28.126,LOW,0.1615,30,86,10,76,29.3,225.44,98.6,Healthy
HOUSEHOLD_1_498,A,X,AX,2.347945205479452,7.861,24.297,LOW,0.1128,30,83,12,71,30.2,232.88,100.0,Healthy
HOUSEHOLD_1_119,A,X,AX,2.147945205479452,8.006,23.042,LOW,0.1971,30,75,5,70,32.6,250.66,100.0,Healthy
HOUSEHOLD_1_204,A,Y,AY,4.065753424657534,18.155,46.615,LOW,0.1098,25,100,14,86,21.2,161.68,82.4,Healthy
FOODS_2_304,A,Y,AY,1.9191780821917808,8.061,21.495,LOW,0.2908,25,58,7,51,26.6,202.47,93.2,Healthy
HOUSEHOLD_1_465,A,X,AX,7.771232876712329,29.438,83.837,LOW,0.042,30,42,2,40,5.1,39.08,22.9,Low Stock
FOODS_1_152,A,Z,AZ,0.915068493150685,5.942,12.347,HIGH,0.6291,20,11,1,10,10.9,82.95,43.4,Low Stock
HOUSEHOLD_1_055,A,X,AX,1.908219178082192,6.923,20.281,LOW,0.1838,30,68,8,60,31.4,237.71,100.0,Healthy
HOUSEHOLD_1_214,A,X,AX,3.994520547945205,11.368,39.33,LOW,0.0528,30,119,7,112,28.0,209.44,96.0,Healthy
HOUSEHOLD_1_291,A,Y,AY,1.96027397260274,8.012,21.734,LOW,0.2058,25,47,5,42,21.4,156.77,82.8,Healthy
HOUSEHOLD_1_071,A,X,AX,3.3534246575342466,9.002,32.476,LOW,0.0456,30,18,2,16,4.8,34.82,22.7,Low Stock
FOODS_2_307,A,Y,AY,2.8493150684931505,12.936,32.881,LOW,0.2259,25,76,9,67,23.5,170.6,87.0,Healthy
HOUSEHOLD_1_048,A,X,AX,2.552054794520548,9.021,26.885,LOW,0.1402,30,89,5,84,32.9,238.56,100.0,Healthy
FOODS_2_014,A,X,AX,2.419178082191781,9.439,26.373,LOW,0.1621,30,86,12,74,30.6,219.04,100.0,Healthy
FOODS_2_013,A,X,AX,3.5671232876712327,10.846,35.816,LOW,0.067,30,96,14,82,23.0,164.0,86.0,Healthy
HOUSEHOLD_1_369,A,X,AX,1.904109589041096,7.416,20.745,LOW,0.2059,30,61,9,52,27.3,194.1,94.6,Healthy
HOUSEHOLD_1_282,A,X,AX,1.7767123287671234,6.127,18.564,LOW,0.1661,30,55,7,48,27.0,191.04,94.0,Healthy
FOODS_1_080,A,Z,AZ,0.9205479452054794,5.732,12.176,HIGH,0.5896,20,20,1,19,20.6,144.02,81.2,Healthy
FOODS_2_164,A,X,AX,2.223287671232877,8.6,24.163,LOW,0.1887,30,63,8,55,24.7,171.84,89.4,Healthy
HOUSEHOLD_1_510,A,X,AX,1.3876712328767122,6.351,16.065,MEDIUM,0.2618,30,21,1,20,14.4,98.85,62.0,Monitor
HOUSEHOLD_1_447,A,X,AX,7.010958904109589,18.57,67.647,LOW,0.025,30,249,13,236,33.7,230.57,100.0,Healthy
FOODS_2_360,A,Y,AY,7.280821917808219,42.037,93.003,MEDIUM,0.4946,25,95,8,87,11.9,81.35,48.7,Low Stock
HOUSEHOLD_1_180,A,X,AX,2.293150684931507,8.269,24.321,LOW,0.1441,30,73,7,66,28.8,195.78,97.6,Healthy
HOUSEHOLD_1_453,A,X,AX,3.117808219178082,8.623,30.448,LOW,0.0488,30,104,13,91,29.2,198.04,98.4,Healthy
FOODS_2_325,A,X,AX,5.443835616438356,17.309,55.416,LOW,0.057,30,81,10,71,13.0,88.45,60.2,Monitor
FOODS_2_315,A,Z,AZ,2.712328767123288,16.194,35.18,HIGH,0.4968,20,71,7,64,23.6,160.0,87.2,Healthy
HOUSEHOLD_1_090,A,X,AX,2.289041095890411,8.125,24.148,LOW,0.1508,30,83,6,77,33.6,227.92,100.0,Healthy
FOODS_2_139,A,Y,AY,2.258904109589041,11.426,27.238,MEDIUM,0.2879,25,58,9,49,21.7,146.02,83.4,Healthy
HOUSEHOLD_1_434,A,Y,AY,1.6931506849315068,8.241,20.093,MEDIUM,0.2704,25,46,4,42,24.8,166.74,89.6,Healthy
HOUSEHOLD_1_518,A,Y,AY,0.952054794520548,5.592,12.256,MEDIUM,0.5161,25,25,2,23,24.2,160.31,88.4,Healthy
FOODS_1_021,A,Z,AZ,6.617808219178082,37.291,83.616,HIGH,0.2247,20,141,9,132,19.9,129.36,79.8,Monitor
FOODS_1_172,A,X,AX,3.272602739726028,9.884,32.792,LOW,0.058,30,89,12,77,23.5,151.12,87.0,Healthy
FOODS_1_046,A,X,AX,6.435616438356164,19.414,64.463,LOW,0.0199,30,209,25,184,28.6,180.32,97.2,Healthy
HOUSEHOLD_1_093,A,Y,AY,1.5890410958904109,7.948,19.071,MEDIUM,0.2943,25,44,3,41,25.8,161.65,91.6,Healthy
HOUSEHOLD_1_246,A,Z,AZ,1.5671232876712329,10.074,21.044,HIGH,0.6404,20,31,2,29,18.5,115.42,73.7,Monitor
FOODS_1_103,A,Y,AY,1.4602739726027398,7.062,17.284,MEDIUM,0.2872,25,12,1,11,7.5,46.52,32.0,Low Stock
HOUSEHOLD_1_345,A,Y,AY,1.4904109589041097,8.277,18.71,MEDIUM,0.3724,25,46,5,41,27.5,169.81,95.0,Healthy
HOUSEHOLD_1_399,B,X,BX,6.165753424657535,18.346,61.506,LOW,0.0946,25,37,3,34,5.5,34.02,25.7,Low Stock
FOODS_1_058,B,Y,BY,3.116438356164384,19.01,40.825,MEDIUM,0.2924,20,64,9,55,17.6,106.66,71.1,Monitor
FOODS_1_067,B,Y,BY,3.016438356164384,20.092,41.207,MEDIUM,0.3177,20,70,5,65,21.5,129.76,83.0,Healthy
FOODS_2_016,B,Y,BY,4.817808219178082,22.709,56.434,LOW,0.2303,20,123,11,112,23.2,139.53,86.4,Healthy
HOUSEHOLD_1_087,B,Y,BY,1.332876712328767,6.664,15.994,MEDIUM,0.3161,20,15,2,13,9.8,58.11,41.3,Low Stock
HOUSEHOLD_1_386,B,X,BX,2.0054794520547947,6.495,20.533,LOW,0.1142,25,56,5,51,25.4,150.96,90.8,Healthy
HOUSEHOLD_1_538,B,X,BX,1.6986301369863013,6.116,18.006,LOW,0.1621,25,32,4,28,16.5,97.44,73.0,Monitor
FOODS_2_255,B,Z,BZ,2.2013698630136984,36.025,51.435,MEDIUM,1.2719,15,19,2,17,7.7,45.56,24.2,Critical
HOUSEHOLD_1_045,B,Y,BY,2.2794520547945205,9.55,25.506,LOW,0.2281,20,54,4,50,21.9,129.15,83.8,Healthy
HOUSEHOLD_1_129,B,X,BX,1.478082191780822,5.415,15.762,LOW,0.1926,25,38,6,32,21.6,126.92,83.2,Healthy
FOODS_2_388,B,Y,BY,1.9328767123287671,11.145,24.675,MEDIUM,0.4182,20,46,4,42,21.7,125.16,83.4,Healthy
FOODS_2_153,B,Y,BY,1.9397260273972603,10.66,24.238,MEDIUM,0.3775,20,46,6,40,20.6,118.4,81.2,Healthy
HOUSEHOLD_1_416,B,Y,BY,1.4958904109589042,8.286,18.757,MEDIUM,0.3729,20,34,2,32,21.4,122.61,82.8,Healthy
HOUSEHOLD_1_235,B,Y,BY,1.491780821917808,8.558,19.0,MEDIUM,0.4177,20,30,2,28,18.8,107.34,76.9,Monitor
FOODS_2_396,B,X,BX,1.910958904109589,8.532,21.909,MEDIUM,0.2175,25,57,3,54,28.3,160.92,96.6,Healthy
HOUSEHOLD_1_016,B,Z,BZ,1.1657534246575345,7.866,16.026,MEDIUM,0.663,15,20,2,18,15.4,87.84,60.8,Monitor
HOUSEHOLD_1_321,B,Y,BY,1.9027397260273973,9.207,22.526,MEDIUM,0.249,20,39,3,36,18.9,106.92,77.8,Monitor
HOUSEHOLD_1_459,B,X,BX,5.776712328767124,22.125,62.562,LOW,0.0861,25,42,6,36,6.2,35.17,27.7,Low Stock
FOODS_2_175,B,Y,BY,2.2753424657534245,11.971,27.898,MEDIUM,0.3254,20,53,5,48,21.1,119.04,82.2,Healthy
FOODS_2_047,B,X,BX,1.9027397260273973,7.272,20.591,LOW,0.2021,25,33,5,28,14.7,82.88,65.7,Monitor
HOUSEHOLD_1_082,B,Y,BY,1.6178082191780825,8.003,19.328,MEDIUM,0.3019,20,31,2,29,17.9,100.92,75.8,Monitor
FOODS_1_050,B,Z,BZ,0.9397260273972604,6.28,12.858,MEDIUM,0.6658,15,8,1,7,7.4,41.86,29.3,Low Stock
FOODS_1_088,B,Z,BZ,1.0712328767123287,18.058,25.557,MEDIUM,1.6693,15,23,3,20,18.7,104.25,58.3,Low Stock
HOUSEHOLD_1_427,B,Z,BZ,0.9328767123287672,7.297,13.827,MEDIUM,0.9356,15,3,0,3,3.2,17.88,12.2,Critical
HOUSEHOLD_1_058,B,Z,BZ,0.8575342465753425,5.58,11.583,MEDIUM,0.6571,15,14,2,12,14.0,77.76,55.6,Monitor
HOUSEHOLD_1_411,B,X,BX,1.6753424657534246,6.618,18.345,LOW,0.2201,25,23,3,20,11.9,65.6,52.9,Monitor
HOUSEHOLD_1_285,B,X,BX,2.006849315068493,7.324,21.372,LOW,0.1757,25,52,6,46,22.9,125.6,85.8,Healthy
HOUSEHOLD_1_236,B,X,BX,2.210958904109589,8.373,23.85,LOW,0.1836,25,67,4,63,28.5,155.71,97.0,Healthy
HOUSEHOLD_1_351,B,X,BX,5.563013698630137,16.874,55.815,LOW,0.0458,25,85,5,80,14.4,78.16,67.0,Monitor
HOUSEHOLD_1_506,B,Y,BY,1.4136986301369865,7.518,17.414,MEDIUM,0.3755,20,31,4,27,19.1,103.45,78.2,Monitor
HOUSEHOLD_1_243,B,X,BX,2.738356164383561,7.991,27.159,LOW,0.0661,25,64,7,57,20.8,112.29,81.6,Healthy
HOUSEHOLD_1_188,B,Y,BY,1.3534246575342466,6.435,15.909,MEDIUM,0.2759,20,34,4,30,22.2,119.4,84.4,Healthy
FOODS_2_374,B,X,BX,2.6835616438356165,9.481,28.266,LOW,0.129,25,80,8,72,26.8,144.0,93.6,Healthy
HOUSEHOLD_1_383,B,Y,BY,1.53013698630137,7.112,17.823,MEDIUM,0.2417,20,32,2,30,19.6,104.4,79.2,Monitor
FOODS_1_219,B,Y,BY,2.361643835616438,12.744,29.276,MEDIUM,0.4313,20,56,4,52,22.0,116.48,84.0,Healthy
HOUSEHOLD_1_203,B,Y,BY,1.0698630136986302,6.215,13.704,MEDIUM,0.504,20,27,3,24,22.4,118.62,84.8,Healthy
HOUSEHOLD_1_254,B,Y,BY,5.410958904109589,23.416,61.293,LOW,0.1245,20,84,8,76,14.0,73.95,61.1,Monitor
FOODS_2_212,B,Z,BZ,1.0904109589041096,7.497,15.13,MEDIUM,0.7358,15,20,1,19,17.4,90.6,68.3,Monitor
HOUSEHOLD_1_151,B,X,BX,5.623287671232877,17.262,56.625,LOW,0.0454,25,138,14,124,22.1,114.47,84.2,Healthy
FOODS_2_119,B,Y,BY,1.9301369863013695,9.43,22.941,MEDIUM,0.2688,20,38,2,36,18.7,96.81,77.4,Monitor
FOODS_2_204,B,X,BX,5.18082191780822,21.547,57.813,LOW,0.1571,25,157,17,140,27.0,140.0,94.0,Healthy
HOUSEHOLD_1_153,B,X,BX,2.606849315068493,8.318,26.566,LOW,0.0874,25,78,6,72,27.6,141.84,95.2,Healthy
FOODS_1_154,B,Y,BY,3.4178082191780823,17.423,41.348,LOW,0.2644,20,54,7,47,13.8,70.39,57.9,Monitor
HOUSEHOLD_1_202,B,X,BX,2.5835616438356164,7.946,26.031,LOW,0.0716,25,65,5,60,23.2,118.8,86.4,Healthy
HOUSEHOLD_1_477,B,Z,BZ,0.3780821917808219,4.032,6.679,MEDIUM,1.6227,15,7,1,6,15.9,80.88,55.8,Low Stock
HOUSEHOLD_1_186,B,Z,BZ,1.6123287671232878,9.054,20.34,MEDIUM,0.6186,15,31,2,29,18.0,91.41,74.0,Monitor
HOUSEHOLD_1_303,B,X,BX,5.223287671232876,19.803,56.366,LOW,0.1504,25,53,3,50,9.6,48.6,42.9,Low Stock
HOUSEHOLD_1_521,B,X,BX,5.217808219178083,19.868,56.393,LOW,0.145,25,32,3,29,5.6,28.19,24.9,Low Stock
HOUSEHOLD_1_225,B,X,BX,2.967123287671233,8.124,28.894,LOW,0.0371,25,85,8,77,26.0,131.12,92.0,Healthy
FOODS_1_045,B,Y,BY,2.824657534246575,12.521,32.294,LOW,0.3167,20,27,3,24,8.5,42.72,36.8,Low Stock
FOODS_2_152,B,Y,BY,2.0767123287671234,8.484,23.021,LOW,0.2173,20,40,3,37,17.8,89.54,75.6,Monitor
FOODS_2_357,B,X,BX,2.506849315068493,8.909,26.457,LOW,0.1476,25,60,7,53,21.1,106.0,82.2,Healthy
FOODS_1_137,B,Z,BZ,2.5054794520547947,19.968,37.506,MEDIUM,0.5885,15,53,7,46,18.4,91.83,69.5,Monitor
FOODS_2_063,B,Y,BY,1.6876712328767125,9.574,21.388,MEDIUM,0.4813,20,40,5,35,20.7,103.6,81.4,Healthy
HOUSEHOLD_1_505,B,X,BX,2.012328767123288,9.077,23.163,MEDIUM,0.2494,25,47,3,44,21.9,108.75,83.8,Healthy
HOUSEHOLD_1_339,B,X,BX,5.021917808219178,17.685,52.838,LOW,0.0842,25,118,12,106,21.1,103.56,82.2,Healthy
FOODS_1_163,B,Z,BZ,5.004109589041096,27.582,62.611,MEDIUM,0.2743,15,93,6,87,17.4,85.26,71.9,Monitor
FOODS_2_311,B,Z,BZ,1.6493150684931508,10.052,21.597,MEDIUM,0.5421,15,25,2,23,13.9,68.08,56.2,Monitor
HOUSEHOLD_1_262,B,X,BX,5.012328767123288,15.002,50.088,LOW,0.0405,25,80,12,68,13.6,65.96,63.4,Monitor
FOODS_1_207,B,Y,BY,1.4602739726027398,7.695,17.917,MEDIUM,0.3346,20,10,1,9,6.2,29.88,25.8,Low Stock
FOODS_1_206,B,Y,BY,2.280821917808219,14.04,30.006,MEDIUM,0.2921,20,56,6,50,21.9,106.06,83.8,Healthy
FOODS_2_247,B,Y,BY,2.132876712328767,11.377,26.307,MEDIUM,0.3504,20,51,6,45,21.1,101.25,82.2,Healthy
FOODS_2_285,B,Z,BZ,1.202739726027397,8.87,17.289,MEDIUM,0.5803,15,11,1,10,8.3,39.8,32.0,Low Stock
HOUSEHOLD_1_223,B,Z,BZ,0.5013698630136987,4.346,7.856,MEDIUM,1.1816,15,10,1,9,18.0,85.23,66.5,Monitor
HOUSEHOLD_1_438,B,Z,BZ,0.6328767123287671,4.215,8.645,MEDIUM,0.74,15,5,0,5,7.9,37.29,31.2,Low Stock
HOUSEHOLD_1_196,B,Y,BY,2.3958904109589043,14.734,31.505,MEDIUM,0.3023,20,52,4,48,20.0,94.56,80.0,Healthy
HOUSEHOLD_1_385,B,X,BX,2.384931506849315,7.922,24.617,LOW,0.114,25,68,7,61,25.6,120.17,91.2,Healthy
HOUSEHOLD_1_109,B,Y,BY,1.1684931506849314,5.94,14.119,MEDIUM,0.3325,20,28,2,26,22.3,102.48,84.6,Healthy
FOODS_2_309,B,Y,BY,1.710958904109589,8.736,20.713,MEDIUM,0.2935,20,43,4,39,22.8,104.88,85.6,Healthy
FOODS_2_109,B,Y,BY,1.5438356164383562,7.459,18.266,MEDIUM,0.2909,20,36,2,34,22.0,101.32,84.0,Healthy
FOODS_1_040,B,Y,BY,2.573972602739726,11.842,29.86,LOW,0.3229,20,36,2,34,13.2,60.52,56.8,Monitor
HOUSEHOLD_1_359,B,Z,BZ,0.6575342465753424,5.26,9.863,MEDIUM,1.0138,15,11,1,10,15.2,68.9,57.4,Monitor
HOUSEHOLD_1_327,B,X,BX,4.657534246575342,17.931,50.534,LOW,0.149,25,120,8,112,24.0,108.86,88.0,Healthy
FOODS_1_153,B,X,BX,2.3013698630136985,9.12,25.23,LOW,0.222,25,13,1,12,5.2,23.51,23.1,Low Stock
HOUSEHOLD_1_346,B,Y,BY,1.1424657534246576,6.774,14.771,MEDIUM,0.4755,20,24,3,21,18.4,82.79,74.7,Monitor
FOODS_2_128,B,Z,BZ,4.795890410958904,36.317,69.888,MEDIUM,0.6215,15,103,13,90,18.8,84.15,71.9,Monitor
FOODS_2_126,B,Z,BZ,0.9356164383561644,6.347,12.896,MEDIUM,0.713,15,17,1,16,17.1,76.29,67.3,Monitor
FOODS_1_130,B,X,BX,2.4986301369863013,9.024,26.514,LOW,0.1603,25,47,3,44,17.6,78.32,75.2,Monitor
HOUSEHOLD_1_414,B,Y,BY,4.542465753424658,21.541,53.338,LOW,0.2417,20,106,6,100,22.0,97.19,84.0,Healthy
FOODS_1_061,B,Y,BY,1.9616438356164383,7.955,21.687,LOW,0.2183,20,14,2,12,6.1,26.88,27.0,Low Stock
HOUSEHOLD_1_047,B,Y,BY,1.047945205479452,5.844,13.18,MEDIUM,0.4503,20,24,3,21,20.0,87.44,80.0,Healthy
FOODS_2_326,B,Y,BY,4.361643835616438,20.243,50.775,LOW,0.2198,20,66,4,62,14.2,62.0,61.0,Monitor
HOUSEHOLD_1_205,B,Z,BZ,0.7328767123287672,4.953,10.083,MEDIUM,0.7158,15,9,1,8,10.9,47.55,43.0,Low Stock
FOODS_2_232,B,Z,BZ,1.689041095890411,12.749,24.572,MEDIUM,0.5245,15,29,2,27,16.0,69.12,61.3,Monitor
FOODS_1_115,B,Z,BZ,1.204109589041096,7.843,16.272,MEDIUM,0.583,15,23,2,21,17.4,75.18,69.2,Monitor
HOUSEHOLD_1_540,B,X,BX,2.521917808219178,7.297,24.95,LOW,0.0592,25,62,7,55,21.8,93.65,83.6,Healthy
FOODS_1_166,B,Y,BY,1.8917808219178085,11.013,24.255,MEDIUM,0.4907,20,37,5,32,16.9,71.68,69.0,Monitor
HOUSEHOLD_1_132,B,Y,BY,2.150684931506849,13.067,28.122,MEDIUM,0.3192,20,26,3,23,10.7,45.31,43.2,Low Stock
FOODS_1_074,B,Y,BY,1.8904109589041096,10.259,23.492,MEDIUM,0.3684,20,39,5,34,18.0,76.16,74.6,Monitor
HOUSEHOLD_1_122,B,X,BX,1.847945205479452,6.403,19.339,LOW,0.1505,25,15,1,14,7.6,31.64,34.5,Low Stock
HOUSEHOLD_1_173,B,Y,BY,4.273972602739726,18.528,48.446,LOW,0.1468,20,44,6,38,8.9,36.86,38.7,Low Stock
HOUSEHOLD_1_443,B,Y,BY,1.6917808219178083,8.201,20.043,MEDIUM,0.2852,20,43,2,41,24.2,100.37,88.4,Healthy
FOODS_2_081,B,Z,BZ,1.6712328767123288,9.961,21.66,MEDIUM,0.4845,15,29,4,25,15.0,61.86,60.8,Monitor
HOUSEHOLD_1_094,B,Z,BZ,1.173972602739726,7.914,16.132,MEDIUM,0.7269,15,6,1,5,4.3,17.4,16.9,Critical
FOODS_2_004,B,Z,BZ,1.0424657534246575,6.601,13.898,MEDIUM,0.6239,15,6,1,5,4.8,19.48,19.2,Critical
HOUSEHOLD_1_478,B,Y,BY,1.515068493150685,8.164,18.769,MEDIUM,0.3407,20,34,3,31,20.5,82.77,81.0,Healthy
HOUSEHOLD_1_019,B,X,BX,4.135616438356164,14.192,43.141,LOW,0.1102,25,52,6,46,11.1,44.94,50.6,Monitor
FOODS_1_036,B,Y,BY,2.267123287671233,11.822,27.692,MEDIUM,0.3611,20,16,2,14,6.2,24.92,25.9,Low Stock
FOODS_2_376,B,Y,BY,2.0506849315068494,12.767,27.122,MEDIUM,0.3512,20,17,2,15,7.3,29.31,29.3,Low Stock
HOUSEHOLD_1_261,B,Z,BZ,0.6698630136986301,4.318,9.007,MEDIUM,0.6722,15,6,0,6,9.0,35.82,35.8,Low Stock
FOODS_1_082,B,Y,BY,4.064383561643836,26.117,54.568,MEDIUM,0.3812,20,91,5,86,21.2,84.28,82.4,Healthy
FOODS_1_181,B,Y,BY,2.9287671232876717,12.966,33.467,LOW,0.1977,20,72,5,67,22.9,90.79,85.8,Healthy
HOUSEHOLD_1_482,B,Y,BY,1.2780821917808218,7.152,16.099,MEDIUM,0.461,20,19,1,18,14.1,55.6,58.0,Monitor
HOUSEHOLD_1_389,B,Y,BY,4.06027397260274,20.364,48.786,LOW,0.2601,20,82,11,71,17.5,69.01,73.8,Monitor
HOUSEHOLD_1_275,B,Y,BY,1.319178082191781,6.696,15.93,MEDIUM,0.339,20,14,1,13,9.9,38.61,41.6,Low Stock
HOUSEHOLD_1_112,B,Y,BY,1.2931506849315069,6.925,15.977,MEDIUM,0.381,20,20,3,17,13.1,50.49,54.6,Monitor
HOUSEHOLD_1_448,B,X,BX,3.9178082191780814,16.221,43.646,LOW,0.1502,25,112,9,103,26.3,100.63,92.6,Healthy
HOUSEHOLD_1_516,B,X,BX,1.9657534246575343,7.033,20.793,LOW,0.1565,25,54,4,50,25.4,97.15,90.8,Healthy
HOUSEHOLD_1_348,B,Y,BY,1.995890410958904,10.05,24.021,MEDIUM,0.2742,20,40,5,35,17.5,66.67,73.9,Monitor
FOODS_1_042,B,Y,BY,3.845205479452055,19.25,46.166,LOW,0.1756,20,90,10,80,20.8,78.4,81.6,Healthy
FOODS_2_075,B,Z,BZ,1.582191780821918,10.718,21.793,MEDIUM,0.6971,15,11,1,10,6.3,23.8,24.8,Critical
FOODS_1_054,B,Y,BY,1.917808219178082,9.175,22.6,MEDIUM,0.254,20,38,4,34,17.7,66.6,75.4,Monitor
HOUSEHOLD_1_179,B,Y,BY,3.864383561643836,17.381,44.432,LOW,0.2265,20,46,6,40,10.4,38.88,44.8,Low Stock
FOODS_1_064,B,Y,BY,1.3972602739726028,7.729,17.51,MEDIUM,0.3724,20,18,1,17,12.2,45.56,50.3,Low Stock
HOUSEHOLD_1_445,B,Y,BY,1.9,10.051,23.351,MEDIUM,0.3475,20,25,4,21,11.1,41.37,46.2,Low Stock
HOUSEHOLD_1_380,B,Z,BZ,0.8178082191780822,5.189,10.914,MEDIUM,0.6165,15,10,1,9,11.0,41.13,44.0,Low Stock
FOODS_1_006,B,Y,BY,1.632876712328767,8.968,20.398,MEDIUM,0.3863,20,39,4,35,21.4,79.95,82.8,Healthy
FOODS_2_170,B,Z,BZ,1.1452054794520548,8.156,16.172,MEDIUM,0.7797,15,20,1,19,16.6,61.82,64.5,Monitor
FOODS_2_145,B,Z,BZ,1.5876712328767124,10.049,21.163,MEDIUM,0.589,15,9,1,8,5.0,18.76,20.1,Critical
FOODS_2_061,B,Y,BY,1.8575342465753424,10.053,23.056,MEDIUM,0.3481,20,24,1,23,12.4,46.0,51.4,Low Stock
HOUSEHOLD_1_283,B,X,BX,2.489041095890411,8.797,26.22,LOW,0.1213,25,73,4,69,27.7,102.12,95.4,Healthy
HOUSEHOLD_1_175,B,Z,BZ,0.7534246575342466,7.572,12.846,MEDIUM,1.1267,15,9,1,8,10.6,39.04,37.8,Low Stock
FOODS_2_267,B,Z,BZ,1.8753424657534248,11.331,24.458,MEDIUM,0.4845,15,38,4,34,18.1,66.61,73.3,Monitor
HOUSEHOLD_1_124,B,Z,BZ,0.910958904109589,7.385,13.762,MEDIUM,1.0184,15,17,2,15,16.5,59.7,62.1,Monitor
FOODS_2_024,C,Z,CZ,1.4465753424657537,8.992,19.118,MEDIUM,0.5478,7,7,1,6,4.1,15.0,16.6,Critical
FOODS_2_327,C,Z,CZ,1.8095890410958904,12.422,25.089,HIGH,0.4404,7,13,2,11,6.1,21.98,23.9,Critical
FOODS_1_083,C,Y,CY,1.8095890410958904,11.383,24.05,HIGH,0.3381,10,6,1,5,2.8,9.98,11.1,Critical
FOODS_1_112,C,Z,CZ,1.804109589041096,12.788,25.417,HIGH,0.4839,7,20,2,18,10.0,35.64,38.9,Low Stock
HOUSEHOLD_1_319,C,X,CX,1.8315068493150688,6.634,19.455,LOW,0.1744,15,34,3,31,16.9,60.24,73.8,Monitor
FOODS_2_192,C,Y,CY,1.8164383561643835,10.04,22.755,MEDIUM,0.3933,10,6,1,5,2.8,9.79,11.5,Critical
HOUSEHOLD_1_007,C,X,CX,2.356164383561644,8.68,25.173,LOW,0.1322,15,38,2,36,15.3,53.28,68.7,Monitor
FOODS_2_116,C,Z,CZ,1.7684931506849315,11.975,24.354,HIGH,0.4049,7,10,1,9,5.1,17.59,20.1,Critical
HOUSEHOLD_1_404,C,Y,CY,1.3342465753424655,6.977,16.317,MEDIUM,0.3678,10,10,1,9,6.7,23.25,28.1,Low Stock
HOUSEHOLD_1_426,C,Z,CZ,1.3424657534246576,9.066,18.463,HIGH,0.4415,7,4,0,4,3.0,10.2,11.8,Critical
HOUSEHOLD_1_004,C,Z,CZ,1.4479452054794522,10.866,21.002,HIGH,0.5578,7,13,2,11,7.6,25.98,29.2,Low Stock
HOUSEHOLD_1_278,C,Z,CZ,0.563013698630137,3.928,7.869,MEDIUM,0.8192,7,3,0,3,5.3,17.91,20.8,Critical
HOUSEHOLD_1_277,C,Y,CY,3.415068493150685,15.697,39.602,LOW,0.248,10,43,6,37,10.8,36.15,46.5,Low Stock
HOUSEHOLD_1_350,C,Y,CY,1.2164383561643837,6.811,15.326,MEDIUM,0.4352,10,3,0,3,2.5,8.22,10.2,Critical
FOODS_2_053,C,Z,CZ,0.4520547945205479,3.548,6.712,MEDIUM,1.0246,7,5,0,5,11.1,36.38,42.1,Low Stock
FOODS_1_201,C,Z,CZ,1.4671232876712328,8.884,19.154,MEDIUM,0.5386,7,13,1,12,8.2,26.88,33.1,Low Stock
FOODS_2_391,C,Y,CY,1.6054794520547946,10.76,21.998,HIGH,0.4284,10,18,2,16,10.0,32.5,39.4,Low Stock
HOUSEHOLD_1_028,C,Y,CY,1.1315068493150684,6.621,14.542,MEDIUM,0.4612,10,16,2,14,12.4,40.09,50.5,Low Stock
HOUSEHOLD_1_234,C,X,CX,3.313698630136986,12.445,35.641,LOW,0.1478,15,54,4,50,15.1,48.5,67.6,Monitor
HOUSEHOLD_1_458,C,Y,CY,1.304109589041096,8.63,17.759,HIGH,0.3926,10,6,1,5,3.8,12.3,15.1,Critical
HOUSEHOLD_1_479,C,Z,CZ,0.4205479452054794,3.334,6.278,MEDIUM,1.0588,7,5,1,4,9.5,30.17,36.0,Low Stock
HOUSEHOLD_1_232,C,Z,CZ,0.7616438356164383,4.896,10.228,MEDIUM,0.6721,7,8,1,7,9.2,29.14,36.7,Low Stock
HOUSEHOLD_1_439,C,Y,CY,3.243835616438356,15.885,38.592,LOW,0.3083,10,37,2,35,10.8,34.02,45.8,Low Stock
HOUSEHOLD_1_397,C,Z,CZ,1.1356164383561644,9.108,17.057,HIGH,0.6602,7,13,2,11,9.7,30.49,36.6,Low Stock
HOUSEHOLD_1_425,C,Y,CY,1.5890410958904109,7.711,18.834,MEDIUM,0.3002,10,17,2,15,9.4,29.55,40.0,Low Stock
HOUSEHOLD_1_198,C,Y,CY,3.186301369863014,12.926,35.23,LOW,0.2145,10,33,2,31,9.7,30.16,42.9,Low Stock
FOODS_2_399,C,Y,CY,1.5178082191780822,8.546,19.171,MEDIUM,0.396,10,20,1,19,12.5,38.6,51.4,Low Stock
FOODS_1_037,C,Z,CZ,0.8876712328767123,8.737,14.951,HIGH,1.0271,7,11,2,9,10.1,30.84,36.3,Low Stock
FOODS_1_139,C,X,CX,3.0945205479452054,11.648,33.31,LOW,0.1528,15,54,4,50,16.2,49.0,72.4,Monitor
HOUSEHOLD_1_508,C,Z,CZ,0.6191780821917808,5.047,9.381,MEDIUM,1.0127,7,2,0,2,3.2,9.76,12.1,Critical
FOODS_1_044,C,Z,CZ,1.0328767123287672,7.893,15.123,MEDIUM,0.8491,7,13,1,12,11.6,35.09,44.4,Low Stock
FOODS_2_021,C,Z,CZ,3.198630136986301,25.203,47.593,HIGH,0.6791,7,35,3,32,10.0,29.92,37.9,Low Stock
FOODS_1_120,C,Z,CZ,1.5273972602739727,10.475,21.167,HIGH,0.4284,7,3,0,3,2.0,5.82,7.8,Critical
FOODS_2_051,C,Z,CZ,1.178082191780822,8.199,16.446,MEDIUM,0.6971,7,13,1,12,10.2,30.0,39.9,Low Stock
FOODS_2_138,C,Z,CZ,1.5383561643835617,9.585,20.353,MEDIUM,0.5406,7,4,0,4,2.6,7.65,10.4,Critical
HOUSEHOLD_1_522,C,Y,CY,1.6315068493150684,9.15,20.571,MEDIUM,0.3914,10,14,1,13,8.0,23.35,32.9,Low Stock
FOODS_1_127,C,Y,CY,1.3917808219178085,7.584,17.326,MEDIUM,0.3564,10,7,1,6,4.3,12.59,17.8,Critical
HOUSEHOLD_1_083,C,Y,CY,3.0,16.207,37.207,MEDIUM,0.3726,10,33,2,31,10.3,30.16,42.8,Low Stock
FOODS_2_283,C,Z,CZ,1.9931506849315068,17.783,31.735,HIGH,0.6891,7,26,2,24,12.0,35.04,44.2,Low Stock
FOODS_2_189,C,Z,CZ,1.1506849315068493,8.145,16.2,MEDIUM,0.7401,7,5,1,4,3.5,10.0,13.6,Critical
FOODS_2_294,C,Z,CZ,2.738356164383561,20.181,39.349,HIGH,0.5656,7,21,2,19,6.9,19.91,26.7,Critical
HOUSEHOLD_1_337,C,Z,CZ,0.5767123287671233,4.11,8.147,MEDIUM,0.8387,7,6,1,5,8.7,24.85,33.8,Low Stock
FOODS_1_167,C,Z,CZ,0.5876712328767123,4.646,8.76,MEDIUM,0.9671,7,6,0,6,10.2,29.04,38.7,Low Stock
FOODS_2_220,C,Z,CZ,1.4,10.54,20.34,HIGH,0.5815,7,14,2,12,8.6,24.38,32.9,Low Stock
FOODS_1_208,C,Z,CZ,1.4616438356164383,11.036,21.268,HIGH,0.457,7,15,1,14,9.6,27.03,36.8,Low Stock
HOUSEHOLD_1_528,C,Z,CZ,0.9287671232876712,5.806,12.307,MEDIUM,0.58,7,10,1,9,9.7,26.73,38.9,Low Stock
HOUSEHOLD_1_017,C,Z,CZ,0.5575342465753425,5.019,8.922,MEDIUM,1.2122,7,7,1,6,10.8,29.65,39.5,Low Stock
FOODS_1_027,C,Z,CZ,1.4205479452054794,13.148,23.092,HIGH,0.8784,7,17,1,16,11.3,30.86,41.1,Low Stock
FOODS_2_146,C,Z,CZ,1.3863013698630138,8.515,18.219,MEDIUM,0.5262,7,13,1,12,8.7,23.43,35.0,Low Stock
FOODS_2_340,C,Z,CZ,0.8794520547945206,6.631,12.787,MEDIUM,0.8667,7,11,1,10,11.4,29.8,43.7,Low Stock
HOUSEHOLD_1_251,C,X,CX,1.3232876712328767,5.898,15.161,MEDIUM,0.2537,15,24,2,22,16.6,43.56,71.9,Monitor
FOODS_1_184,C,Z,CZ,2.606849315068493,15.393,33.641,MEDIUM,0.2319,7,26,2,24,9.2,24.0,37.4,Low Stock
FOODS_2_356,C,Z,CZ,1.0383561643835617,7.22,14.488,MEDIUM,0.7327,7,5,1,4,3.9,10.0,15.2,Critical
FOODS_2_174,C,Z,CZ,0.9287671232876712,8.471,14.972,HIGH,0.9429,7,10,1,9,9.7,25.06,35.4,Low Stock
FOODS_2_297,C,Z,CZ,0.7,5.604,10.504,MEDIUM,0.9795,7,7,1,6,8.6,21.6,32.4,Low Stock
HOUSEHOLD_1_353,C,Z,CZ,0.7287671232876712,4.867,9.968,MEDIUM,0.7074,7,7,1,6,8.2,20.64,32.5,Low Stock
FOODS_2_003,C,Z,CZ,1.1027397260273972,11.488,19.207,HIGH,1.1552,7,6,1,5,4.5,11.32,15.9,Critical
FOODS_2_218,C,Z,CZ,0.636986301369863,4.726,9.185,MEDIUM,0.863,7,6,0,6,9.4,23.51,36.2,Low Stock
FOODS_1_013,C,Y,CY,1.6657534246575345,9.842,21.502,MEDIUM,0.4495,10,19,1,18,10.8,26.96,43.9,Low Stock
FOODS_1_134,C,Z,CZ,1.252054794520548,7.718,16.482,MEDIUM,0.528,7,11,1,10,8.0,19.8,32.2,Low Stock
FOODS_1_028,C,Z,CZ,0.8465753424657534,7.725,13.651,MEDIUM,1.2062,7,8,1,7,8.3,20.47,30.3,Critical
FOODS_2_092,C,Z,CZ,0.6753424657534246,5.595,10.322,MEDIUM,1.0339,7,8,1,7,10.4,25.19,38.9,Low Stock
FOODS_2_245,C,Z,CZ,0.8123287671232877,5.809,11.495,MEDIUM,0.7731,7,9,1,8,9.8,23.84,38.2,Low Stock
HOUSEHOLD_1_372,C,Y,CY,1.2164383561643837,6.227,14.742,MEDIUM,0.3643,10,15,2,13,10.7,25.61,44.9,Low Stock
HOUSEHOLD_1_101,C,Y,CY,1.0027397260273974,5.916,12.935,MEDIUM,0.528,10,5,1,4,4.0,9.48,16.2,Critical
FOODS_1_158,C,Z,CZ,0.5095890410958904,4.018,7.585,MEDIUM,1.0121,7,6,1,5,9.8,23.24,37.2,Low Stock
HOUSEHOLD_1_147,C,Y,CY,2.363013698630137,11.501,28.042,MEDIUM,0.2491,10,29,4,25,10.6,24.9,45.0,Low Stock
HOUSEHOLD_1_008,C,Z,CZ,0.4301369863013699,3.4,6.411,MEDIUM,1.0429,7,4,0,4,9.3,21.88,35.2,Low Stock
FOODS_2_289,C,Z,CZ,0.9397260273972604,7.216,13.794,MEDIUM,0.9226,7,10,1,9,9.6,22.5,36.6,Low Stock
FOODS_2_237,C,Z,CZ,0.9342465753424658,6.141,12.681,MEDIUM,0.6602,7,9,1,8,8.6,20.0,34.0,Low Stock
FOODS_2_225,C,Z,CZ,0.93013698630137,6.527,13.038,MEDIUM,0.7644,7,4,0,4,4.3,10.0,16.8,Critical
FOODS_1_146,C,Y,CY,1.0342465753424657,6.116,13.356,MEDIUM,0.5131,10,14,1,13,12.6,29.12,51.2,Low Stock
FOODS_2_177,C,Z,CZ,0.6986301369863014,8.206,13.096,HIGH,1.3537,7,3,0,3,4.3,9.87,14.7,Critical
HOUSEHOLD_1_215,C,Y,CY,1.0136986301369864,5.781,12.877,MEDIUM,0.4667,10,13,1,12,11.8,26.88,48.5,Low Stock
FOODS_1_113,C,Z,CZ,2.208219178082192,21.173,36.631,HIGH,0.8961,7,27,2,25,11.3,24.5,40.8,Low Stock
FOODS_2_058,C,Z,CZ,0.4273972602739726,3.826,6.818,MEDIUM,1.2521,7,5,0,5,11.7,25.31,43.0,Low Stock
FOODS_2_257,C,Z,CZ,2.1410958904109587,14.882,29.87,HIGH,0.4645,7,25,4,21,9.8,21.0,38.3,Low Stock
HOUSEHOLD_1_430,C,Z,CZ,2.198630136986301,22.363,37.753,HIGH,1.0983,7,4,0,4,1.8,3.89,6.4,Critical
FOODS_2_385,C,Z,CZ,0.8575342465753425,6.426,12.429,MEDIUM,0.8613,7,8,1,7,8.2,17.35,31.4,Low Stock
HOUSEHOLD_1_247,C,X,CX,2.1904109589041094,8.252,23.585,LOW,0.1767,15,32,2,30,13.7,29.1,61.3,Monitor
FOODS_2_125,C,Z,CZ,0.8027397260273973,5.507,11.126,MEDIUM,0.7378,7,9,1,8,10.0,20.9,39.2,Low Stock
FOODS_2_107,C,Z,CZ,1.0136986301369864,6.643,13.739,MEDIUM,0.6313,7,9,1,8,7.9,16.24,31.3,Low Stock
FOODS_2_108,C,Z,CZ,0.6356164383561644,4.756,9.205,MEDIUM,0.8785,7,7,1,6,9.4,19.08,36.2,Low Stock
HOUSEHOLD_1_114,C,Y,CY,2.0821917808219177,13.365,27.94,HIGH,0.317,10,5,0,5,2.4,4.85,9.6,Critical
FOODS_1_066,C,Z,CZ,1.46986301369863,10.512,20.801,HIGH,0.4796,7,16,2,14,9.5,19.04,36.9,Low Stock
FOODS_1_032,C,Z,CZ,2.0397260273972604,18.518,32.796,HIGH,0.8441,7,23,3,20,9.8,19.6,35.9,Low Stock
HOUSEHOLD_1_295,C,Z,CZ,0.6698630136986301,4.757,9.446,MEDIUM,0.7988,7,7,1,6,9.0,17.88,34.9,Low Stock
HOUSEHOLD_1_025,C,Z,CZ,0.6616438356164384,4.497,9.129,MEDIUM,0.7497,7,7,1,6,9.1,17.88,35.7,Low Stock
FOODS_2_330,C,Z,CZ,0.4671232876712329,3.998,7.268,MEDIUM,1.1688,7,5,1,4,8.6,16.7,31.9,Low Stock
HOUSEHOLD_1_305,C,Z,CZ,0.6109589041095891,6.446,10.723,HIGH,1.2287,7,6,1,5,8.2,14.85,28.8,Critical
FOODS_1_017,C,Z,CZ,0.821917808219178,9.46,15.213,HIGH,1.2094,7,10,1,9,11.0,19.86,37.8,Critical
FOODS_2_199,C,Y,CY,1.804109589041096,10.276,22.905,MEDIUM,0.4131,10,26,2,24,13.3,24.0,54.5,Monitor
HOUSEHOLD_1_170,C,Z,CZ,0.9068493150684932,5.612,11.96,MEDIUM,0.5945,7,10,1,9,9.9,17.68,39.9,Low Stock
HOUSEHOLD_1_393,C,Z,CZ,0.8931506849315068,5.904,12.156,MEDIUM,0.6368,7,8,1,7,7.8,13.83,31.0,Low Stock
HOUSEHOLD_1_403,C,Z,CZ,0.4465753424657534,3.507,6.633,MEDIUM,1.0274,7,4,0,4,9.0,15.73,34.1,Low Stock
HOUSEHOLD_1_065,C,Z,CZ,1.7397260273972603,13.694,25.872,HIGH,0.5946,7,17,1,16,9.2,15.68,34.9,Low Stock
FOODS_2_072,C,Z,CZ,0.626027397260274,5.461,9.843,MEDIUM,1.1435,7,4,0,4,6.4,10.88,23.6,Critical
FOODS_2_319,C,Z,CZ,0.5945205479452055,5.226,9.388,MEDIUM,1.1693,7,6,1,5,8.4,13.93,31.0,Critical
FOODS_1_132,C,Z,CZ,0.8547945205479452,7.639,13.623,HIGH,0.8308,7,10,1,9,10.5,17.38,38.6,Low Stock
HOUSEHOLD_1_474,C,Y,CY,1.6712328767123288,10.992,22.691,HIGH,0.4076,10,19,2,17,10.2,16.49,40.4,Low Stock
HOUSEHOLD_1_149,C,Z,CZ,1.6452054794520548,13.534,25.05,HIGH,0.5338,7,17,2,15,9.1,14.55,34.2,Low Stock
HOUSEHOLD_1_097,C,Z,CZ,0.4013698630136986,3.248,6.058,MEDIUM,1.0941,7,3,0,3,7.5,11.91,28.2,Critical
FOODS_1_019,C,Z,CZ,1.5123287671232877,22.706,33.292,HIGH,2.0865,7,10,1,9,6.0,9.43,19.2,Critical
FOODS_2_273,C,Z,CZ,0.5767123287671233,6.695,10.732,HIGH,1.4335,7,8,1,7,12.1,19.09,41.6,Low Stock
HOUSEHOLD_1_503,C,Y,CY,1.4301369863013698,7.698,17.709,MEDIUM,0.358,10,17,2,15,10.5,16.3,43.6,Low Stock
FOODS_2_394,C,Z,CZ,0.5260273972602739,4.901,8.583,MEDIUM,1.3082,7,4,1,3,5.7,8.71,20.7,Critical
HOUSEHOLD_1_279,C,Z,CZ,1.536986301369863,12.508,23.267,HIGH,0.6541,7,18,2,16,10.4,15.52,39.1,Low Stock
HOUSEHOLD_1_461,C,Y,CY,1.5356164383561643,7.574,18.323,MEDIUM,0.2808,10,20,2,18,11.7,17.46,49.6,Low Stock
HOUSEHOLD_1_360,C,Z,CZ,0.3726027397260274,3.255,5.863,MEDIUM,1.2335,7,5,1,4,10.7,15.84,39.6,Low Stock
FOODS_2_132,C,Z,CZ,0.5356164383561643,4.559,8.308,MEDIUM,1.1344,7,4,1,3,5.6,8.18,20.8,Critical
FOODS_2_358,C,Z,CZ,0.5767123287671233,5.305,9.342,MEDIUM,1.2236,7,7,1,6,10.4,15.0,37.9,Low Stock
FOODS_2_240,C,Z,CZ,0.6534246575342466,6.9,11.474,MEDIUM,1.552,7,7,0,7,10.7,15.26,37.7,Low Stock
FOODS_2_188,C,Z,CZ,0.5205479452054794,4.672,8.316,MEDIUM,1.2087,7,1,0,1,1.9,2.72,7.0,Critical
FOODS_2_196,C,Z,CZ,0.3547945205479452,3.236,5.72,MEDIUM,1.3204,7,4,0,4,11.3,15.67,41.2,Low Stock
FOODS_2_260,C,Z,CZ,0.4972602739726027,4.409,7.89,MEDIUM,1.2158,7,6,1,5,10.1,13.62,37.1,Low Stock
FOODS_2_156,C,Z,CZ,0.921917808219178,7.089,13.542,MEDIUM,0.8692,7,11,1,10,10.8,14.65,41.3,Low Stock
FOODS_1_138,C,Z,CZ,0.5150684931506849,5.83,9.435,MEDIUM,1.7316,7,4,0,4,7.8,10.47,26.9,Critical
FOODS_1_204,C,Z,CZ,1.3616438356164384,14.207,23.739,HIGH,1.114,7,16,1,15,11.0,14.7,38.8,Low Stock
HOUSEHOLD_1_379,C,Z,CZ,1.36986301369863,11.289,20.878,HIGH,0.6145,7,10,1,9,6.6,8.73,24.7,Critical
FOODS_1_052,C,Y,CY,1.284931506849315,7.195,16.19,MEDIUM,0.4567,10,16,1,15,11.7,14.7,48.1,Low Stock
HOUSEHOLD_1_230,C,Z,CZ,0.3383561643835616,3.342,5.71,MEDIUM,1.4543,7,1,0,1,3.0,3.28,10.7,Critical
HOUSEHOLD_1_475,C,Z,CZ,0.4150684931506849,3.462,6.367,MEDIUM,1.1322,7,5,1,4,9.6,10.68,36.0,Low Stock
FOODS_1_176,C,Z,CZ,0.3164383561643835,3.514,5.729,MEDIUM,1.7204,7,4,0,4,12.6,13.71,43.8,Low Stock
FOODS_1_102,C,Z,CZ,0.5931506849315068,6.116,10.268,MEDIUM,1.476,7,8,1,7,11.8,12.46,41.8,Low Stock
HOUSEHOLD_1_424,C,Z,CZ,0.3315068493150685,2.88,5.201,MEDIUM,1.2509,7,4,0,4,12.1,11.88,44.7,Low Stock
