item_id,available_inventory,forecast_7d,forecast_30d,gap_7d,gap_30d,shortage_quantity,days_until_stockout,projected_stockout_date,inventory_risk_score,procurement_priority,procurement_alert,procurement_trigger,procurement_category,procurement_reason,recommended_po_qty,revenue_at_risk
FOODS_2_197,508,125.44839999999999,518.5907,-342.0136,51.12869999999998,51,29.4,2026-07-07,34.9,Low,NO,NO,Planned,Forecast Shortage,51,170.92
FOODS_2_019,356,92.0201,409.2445,-232.7149,84.5095,85,26.1,2026-07-04,39.3,Low,NO,NO,Planned,Forecast Shortage,85,284.93
HOUSEHOLD_1_032,124,63.244600000000005,252.2073,-36.83839999999999,152.1243,152,14.7,2026-06-22,61.1,High,NO,YES,Planned,Forecast Shortage,152,1628.4
HOUSEHOLD_1_535,189,47.353699999999996,205.7132,-122.9603,35.39920000000001,35,27.6,2026-07-05,37.8,Low,NO,NO,Planned,Forecast Shortage,35,243.95
FOODS_2_244,164,38.9778,161.3322,-104.87819999999999,17.476200000000006,17,30.5,2026-07-08,35.2,Low,NO,NO,Monitor,Forecast Shortage,17,100.57
HOUSEHOLD_1_110,167,62.4466,249.7018,-81.16040000000001,106.09479999999996,106,20.1,2026-06-28,47.9,Medium,NO,YES,Planned,Forecast Shortage,106,397.17
FOODS_2_276,247,61.4296,252.1623,-158.9674,31.765299999999968,32,29.4,2026-07-07,36.1,Low,NO,NO,Planned,Forecast Shortage,32,107.27
FOODS_2_052,85,16.8819,70.3051,-58.2851,-4.861900000000006,0,36.3,2026-07-14,31.0,Low,NO,NO,Monitor,Inventory Healthy,0,0.0
HOUSEHOLD_1_053,44,19.288,77.3441,-15.643,42.4131,42,17.1,2026-06-25,52.5,Medium,NO,YES,Planned,Forecast Shortage,42,628.74
HOUSEHOLD_1_106,116,25.7723,105.6542,-75.7847,4.097200000000001,4,32.9,2026-07-10,32.5,Low,NO,NO,Monitor,Forecast Shortage,4,36.41
HOUSEHOLD_1_272,71,54.1234,214.1491,1.412399999999991,161.43810000000002,161,9.9,2026-06-17,67.0,High,NO,YES,Urgent,Forecast Shortage; Impending Stockout,161,1605.17
HOUSEHOLD_1_096,150,57.0616,237.9497,-70.6654,110.22270000000003,110,18.9,2026-06-26,49.4,Medium,NO,YES,Planned,Forecast Shortage,110,412.15
HOUSEHOLD_1_514,241,52.8166,223.4521,-167.92239999999998,2.713099999999997,3,32.4,2026-07-10,31.5,Low,NO,NO,Monitor,Forecast Shortage,3,11.24
HOUSEHOLD_1_494,96,23.523799999999998,96.3756,-62.607200000000006,10.244600000000005,10,29.9,2026-07-07,35.1,Low,NO,NO,Planned,Forecast Shortage,10,79.7
FOODS_2_131,110,37.6859,145.2202,-57.5201,50.01420000000002,50,22.7,2026-06-30,44.7,Medium,NO,NO,Planned,Forecast Shortage,50,298.41
FOODS_2_347,87,68.8244,273.5006,11.278400000000005,215.95460000000003,216,9.5,2026-06-17,62.5,High,YES,YES,Urgent,Forecast Shortage; Below Reorder Point; Impending Stockout,216,443.58
HOUSEHOLD_1_497,34,10.576,38.6954,-15.651,12.468400000000003,12,26.4,2026-07-04,49.1,Medium,NO,NO,Planned,Forecast Shortage,12,182.16
FOODS_2_349,110,25.741,106.08330000000001,-71.64099999999999,8.701300000000003,9,31.1,2026-07-09,34.4,Low,NO,NO,Monitor,Forecast Shortage,9,53.71
FOODS_2_183,68,19.8386,78.8085,-38.7224,20.247500000000002,20,25.9,2026-07-03,41.1,Medium,NO,NO,Planned,Forecast Shortage,20,179.6
HOUSEHOLD_1_066,191,45.6577,187.8082,-125.0253,17.125200000000007,17,30.5,2026-07-08,34.6,Low,NO,NO,Monitor,Forecast Shortage,17,51.74
HOUSEHOLD_1_409,196,43.8381,176.634,-135.3049,-2.5090000000000146,0,33.3,2026-07-11,31.0,Low,NO,NO,Monitor,Inventory Healthy,0,0.0
FOODS_2_029,19,33.1017,136.5625,31.368700000000004,134.8295,135,4.2,2026-06-12,84.4,Critical,YES,YES,Emergency,Forecast Shortage; Below Reorder Point; Impending Stockout; High Risk SKU,135,1443.09
HOUSEHOLD_1_165,11,3.5892999999999997,14.641399999999999,-0.6277000000000008,10.424399999999999,10,22.5,2026-06-30,62.6,High,YES,NO,Planned,Forecast Shortage; Below Reorder Point,10,178.17
HOUSEHOLD_1_140,10,10.483,38.3417,7.475999999999999,35.334700000000005,35,7.8,2026-06-15,72.6,High,YES,YES,Urgent,Forecast Shortage; Below Reorder Point; Impending Stockout,35,523.95
FOODS_1_170,89,20.6568,72.4429,-48.5642,3.221899999999991,3,36.9,2026-07-14,38.7,Low,NO,NO,Monitor,Forecast Shortage,3,16.54
FOODS_2_293,88,18.9579,90.0559,-49.96210000000001,21.135899999999992,21,29.3,2026-07-07,40.2,Medium,NO,NO,Planned,Forecast Shortage,21,86.4
FOODS_1_012,95,21.6103,82.4707,-62.029700000000005,-1.169300000000007,0,34.6,2026-07-12,31.0,Low,NO,NO,Monitor,Inventory Healthy,0,0.0
HOUSEHOLD_1_338,146,33.9995,144.0025,-95.6245,14.378500000000003,14,30.4,2026-07-08,34.9,Low,NO,NO,Monitor,Forecast Shortage,14,55.2
HOUSEHOLD_1_072,71,11.5937,42.5314,-51.8103,-20.872600000000006,0,50.1,2026-07-28,31.0,Low,NO,NO,Monitor,Inventory Healthy,0,0.0
FOODS_1_004,117,22.8817,97.345,-57.589299999999994,16.873999999999995,17,36.1,2026-07-14,37.9,Low,NO,NO,Monitor,Forecast Shortage,17,32.97
FOODS_2_222,49,37.7528,158.7971,13.592799999999997,134.6371,135,9.3,2026-06-17,64.8,High,YES,YES,Urgent,Forecast Shortage; Below Reorder Point; Impending Stockout,135,343.75
HOUSEHOLD_1_469,22,10.584,36.6293,-5.699999999999999,20.3453,20,18.0,2026-06-26,58.3,Medium,NO,YES,Planned,Forecast Shortage,20,359.4
HOUSEHOLD_1_027,77,16.6791,66.163,-50.355900000000005,-0.8719999999999999,0,34.9,2026-07-12,31.0,Low,NO,NO,Monitor,Inventory Healthy,0,0.0
FOODS_2_371,257,51.5506,226.3736,-186.28539999999998,-11.462400000000002,0,34.1,2026-07-12,31.0,Low,NO,NO,Monitor,Inventory Healthy,0,0.0
FOODS_2_030,115,20.6116,80.1621,-84.5044,-24.953900000000004,0,43.0,2026-07-21,31.0,Low,NO,NO,Monitor,Inventory Healthy,0,0.0
HOUSEHOLD_1_347,43,9.7886,39.1066,-26.0514,3.266599999999997,3,33.0,2026-07-11,34.0,Low,NO,NO,Monitor,Forecast Shortage,3,23.91
HOUSEHOLD_1_429,139,36.659099999999995,156.5467,-87.4149,32.472699999999975,32,26.6,2026-07-04,39.1,Low,NO,NO,Planned,Forecast Shortage,32,94.92
HOUSEHOLD_1_440,24,12.263,43.9278,-5.707999999999998,25.9568,26,16.4,2026-06-24,60.2,High,NO,YES,Planned,Forecast Shortage,26,389.22
HOUSEHOLD_1_310,69,3.8574,23.8388,-56.6276,-36.6462,0,86.8,2026-09-02,31.0,Low,NO,NO,Monitor,Inventory Healthy,0,0.0
FOODS_1_087,77,19.3082,72.3784,-47.3338,5.736400000000003,6,31.9,2026-07-09,34.3,Low,NO,NO,Monitor,Forecast Shortage,6,33.07
HOUSEHOLD_1_177,45,3.292,24.2347,-33.047,-12.104300000000002,0,55.7,2026-08-02,37.0,Low,NO,NO,Monitor,Inventory Healthy,0,0.0
HOUSEHOLD_1_191,125,64.3598,254.8434,-34.8762,155.60739999999998,156,14.7,2026-06-22,61.5,High,NO,YES,Planned,Forecast Shortage,156,481.86
FOODS_2_082,59,15.7664,61.2995,-33.7646,11.768500000000003,12,28.9,2026-07-06,38.7,Low,NO,NO,Planned,Forecast Shortage,12,71.76
FOODS_2_060,58,15.7122,57.4103,-36.3928,5.305300000000003,5,30.3,2026-07-08,34.4,Low,NO,NO,Monitor,Forecast Shortage,5,39.07
FOODS_1_043,191,44.7675,183.2668,-120.9425,17.55679999999998,18,31.3,2026-07-09,34.9,Low,NO,NO,Monitor,Forecast Shortage,18,34.91
HOUSEHOLD_1_410,69,56.2884,232.4815,7.3134000000000015,183.50650000000002,184,8.9,2026-06-16,76.7,High,NO,YES,Urgent,Forecast Shortage; Impending Stockout,184,782.53
FOODS_2_101,37,15.7843,65.841,-12.7467,37.30999999999999,37,16.9,2026-06-24,53.2,Medium,NO,YES,Planned,Forecast Shortage,37,221.26
HOUSEHOLD_1_457,18,11.642,42.7299,0.4299999999999997,31.517899999999997,32,12.6,2026-06-20,66.3,High,NO,YES,Urgent,Forecast Shortage; Impending Stockout,32,323.23
HOUSEHOLD_1_373,116,18.6286,70.0083,-85.2264,-33.8467,0,49.7,2026-07-27,31.0,Low,NO,NO,Monitor,Inventory Healthy,0,0.0
FOODS_2_181,158,31.1659,132.8573,-110.74510000000001,-9.053699999999992,0,35.7,2026-07-13,31.0,Low,NO,NO,Monitor,Inventory Healthy,0,0.0
HOUSEHOLD_1_304,118,31.7497,136.2767,-73.5373,30.9897,31,26.0,2026-07-04,40.0,Medium,NO,NO,Planned,Forecast Shortage,31,67.46
FOODS_2_056,50,10.9673,41.949,-31.2927,-0.31099999999999994,0,35.8,2026-07-13,37.0,Low,NO,NO,Monitor,Inventory Healthy,0,0.0
FOODS_2_342,55,14.244299999999999,55.8325,-31.1027,10.485500000000002,10,29.6,2026-07-07,44.1,Medium,NO,NO,Planned,Forecast Shortage,10,59.8
HOUSEHOLD_1_100,41,11.1966,42.6773,-21.9174,9.563300000000005,10,28.8,2026-07-06,46.2,Medium,NO,NO,Planned,Forecast Shortage,10,79.7
FOODS_2_194,26,23.1081,85.0351,8.9921,70.9191,71,9.2,2026-06-17,78.1,High,NO,YES,Urgent,Forecast Shortage; Impending Stockout,71,487.21
HOUSEHOLD_1_068,45,13.528799999999999,51.7789,-23.0522,15.197900000000004,15,26.1,2026-07-04,48.4,Medium,NO,NO,Planned,Forecast Shortage,15,104.55
FOODS_1_055,53,24.4985,86.56700000000001,-2.282499999999999,59.786,60,18.4,2026-06-26,72.5,High,NO,YES,Planned,Forecast Shortage,60,250.14
FOODS_1_218,301,50.1228,245.3952,-215.3922,-20.119799999999998,0,36.8,2026-07-14,31.0,Low,NO,NO,Monitor,Inventory Healthy,0,0.0
HOUSEHOLD_1_040,26,15.4872,64.0596,-2.5478000000000023,46.02460000000001,46,12.2,2026-06-20,59.3,Medium,NO,YES,Urgent,Forecast Shortage; Impending Stockout,46,218.22
HOUSEHOLD_1_473,45,32.5383,136.724,-1.5486999999999966,102.637,103,9.9,2026-06-17,60.9,High,YES,YES,Urgent,Forecast Shortage; Below Reorder Point; Impending Stockout,103,224.16
FOODS_1_110,137,38.6671,157.5362,-73.8919,44.97720000000001,45,26.1,2026-07-04,48.4,Medium,NO,NO,Planned,Forecast Shortage,45,87.27
FOODS_2_233,43,12.902,51.730199999999996,-21.698,17.130199999999995,17,24.9,2026-07-02,43.9,Medium,NO,NO,Planned,Forecast Shortage,17,76.16
HOUSEHOLD_1_038,64,13.5238,53.9099,-43.4452,-3.059100000000001,0,35.6,2026-07-13,31.0,Low,NO,NO,Monitor,Inventory Healthy,0,0.0
FOODS_2_184,60,9.830400000000001,38.1538,-42.3976,-14.074200000000005,0,47.2,2026-07-25,31.0,Low,NO,NO,Monitor,Inventory Healthy,0,0.0
FOODS_1_099,182,50.4101,230.3413,-99.8459,80.08529999999996,80,23.7,2026-07-01,44.8,Medium,NO,NO,Planned,Forecast Shortage,80,78.4
FOODS_2_241,119,46.2064,180.4938,-45.968599999999995,88.31879999999998,88,19.8,2026-06-27,56.5,Medium,NO,YES,Planned,Forecast Shortage,88,209.44
FOODS_2_173,26,8.843,32.4958,-10.806000000000001,12.846800000000002,13,24.0,2026-07-02,52.6,Medium,NO,NO,Planned,Forecast Shortage,13,116.74
FOODS_2_299,107,23.482100000000003,88.732,-66.9299,-1.6800000000000068,0,36.2,2026-07-14,31.0,Low,NO,NO,Monitor,Inventory Healthy,0,0.0
HOUSEHOLD_1_249,27,6.0201,22.3685,-14.4879,1.8605000000000018,2,36.2,2026-07-14,40.5,Medium,NO,NO,Monitor,Forecast Shortage,2,15.94
HOUSEHOLD_1_539,39,18.821,73.9683,-11.769999999999996,43.377300000000005,43,15.8,2026-06-23,54.0,Medium,NO,YES,Planned,Forecast Shortage,43,170.71
HOUSEHOLD_1_169,32,16.919900000000002,65.132,-4.140099999999997,44.072,44,14.7,2026-06-22,57.6,Medium,YES,YES,Planned,Forecast Shortage; Below Reorder Point,44,129.62
FOODS_1_085,265,47.190400000000004,210.4078,-190.6126,-27.39519999999999,0,37.8,2026-07-15,31.0,Low,NO,NO,Monitor,Inventory Healthy,0,0.0
HOUSEHOLD_1_292,32,11.8911,45.1756,-12.0789,21.205600000000004,21,21.3,2026-06-29,55.2,Medium,NO,NO,Planned,Forecast Shortage,21,136.08
HOUSEHOLD_1_294,157,45.8242,183.797,-97.4448,40.52799999999999,41,25.6,2026-07-03,39.9,Low,NO,NO,Planned,Forecast Shortage,41,82.57
HOUSEHOLD_1_541,23,3.0095,18.7587,-11.8585,3.8907000000000025,4,36.8,2026-07-14,45.2,Medium,NO,NO,Monitor,Forecast Shortage,4,27.98
FOODS_2_078,22,4.1328,18.5001,-11.4072,2.9601000000000006,3,35.7,2026-07-13,51.2,Medium,NO,NO,Monitor,Forecast Shortage,3,29.83
HOUSEHOLD_1_050,18,14.513,58.7902,5.427,49.7042,50,9.2,2026-06-17,64.5,High,YES,YES,Urgent,Forecast Shortage; Below Reorder Point; Impending Stockout,50,187.34
HOUSEHOLD_1_086,41,10.3869,39.6822,-18.5531,10.742200000000004,11,31.0,2026-07-09,47.9,Medium,NO,NO,Monitor,Forecast Shortage,11,55.15
HOUSEHOLD_1_051,50,24.2502,93.67099999999999,-15.584800000000001,53.835999999999984,54,16.0,2026-06-24,53.8,Medium,NO,YES,Planned,Forecast Shortage,54,159.84
HOUSEHOLD_1_130,33,14.5381,56.5954,-10.561900000000001,31.495400000000004,31,17.5,2026-06-25,58.6,Medium,NO,YES,Planned,Forecast Shortage,31,199.16
FOODS_2_112,75,13.0611,48.9221,-49.2389,-13.377899999999997,0,46.0,2026-07-24,37.0,Low,NO,NO,Monitor,Inventory Healthy,0,0.0
FOODS_2_346,101,36.2909,146.5942,-42.1211,68.1822,68,20.7,2026-06-28,55.5,Medium,NO,YES,Planned,Forecast Shortage,68,159.42
FOODS_2_380,32,11.0081,45.7962,-13.840899999999998,20.947199999999995,21,21.0,2026-06-29,49.0,Medium,NO,NO,Planned,Forecast Shortage,21,104.37
FOODS_1_183,75,16.7653,66.2041,-48.1467,1.2920999999999907,1,34.0,2026-07-12,31.6,Low,NO,NO,Monitor,Forecast Shortage,1,2.98
HOUSEHOLD_1_418,165,83.9237,360.7552,-53.895300000000006,222.93619999999999,223,13.7,2026-06-21,55.7,Medium,NO,YES,Urgent,Forecast Shortage; Impending Stockout,223,217.87
HOUSEHOLD_1_079,35,13.0154,48.3034,-15.7686,19.519400000000005,20,21.7,2026-06-29,47.2,Medium,NO,NO,Planned,Forecast Shortage,20,96.95
FOODS_1_086,157,35.8661,156.3679,-99.3219,21.179900000000004,21,30.1,2026-07-08,36.4,Low,NO,NO,Monitor,Forecast Shortage,21,37.47
HOUSEHOLD_1_334,151,44.5389,200.5213,-77.7031,78.2793,78,22.6,2026-06-30,46.5,Medium,NO,NO,Planned,Forecast Shortage,78,76.21
FOODS_1_217,75,18.820999999999998,72.7168,-42.655,11.240800000000007,11,30.9,2026-07-08,43.0,Medium,NO,NO,Monitor,Forecast Shortage,11,38.61
FOODS_1_173,108,23.6541,100.3801,-61.9039,14.822100000000006,15,32.3,2026-07-10,43.0,Medium,NO,NO,Monitor,Forecast Shortage,15,29.94
FOODS_2_036,30,18.5042,63.8886,1.6792000000000016,47.063599999999994,47,14.1,2026-06-22,66.0,High,YES,YES,Planned,Forecast Shortage; Below Reorder Point,47,169.22
HOUSEHOLD_1_387,98,17.4966,69.6684,-70.5144,-18.34259999999999,0,42.2,2026-07-20,31.0,Low,NO,NO,Monitor,Inventory Healthy,0,0.0
FOODS_1_161,270,23.3408,115.1257,-218.4972,-126.7123,0,70.4,2026-08-17,31.0,Low,NO,NO,Monitor,Inventory Healthy,0,0.0
FOODS_2_359,131,20.9629,83.4867,-96.3281,-33.8043,0,47.1,2026-07-25,31.0,Low,NO,NO,Monitor,Inventory Healthy,0,0.0
FOODS_2_074,94,19.5378,75.4497,-59.7172,-3.8052999999999884,0,37.4,2026-07-15,37.0,Low,NO,NO,Monitor,Inventory Healthy,0,0.0
FOODS_2_274,31,9.1431,31.7639,-14.7559,7.864899999999999,8,29.3,2026-07-07,46.8,Medium,NO,NO,Planned,Forecast Shortage,8,56.29
FOODS_1_162,138,19.9464,77.6696,-100.6036,-42.880399999999995,0,53.3,2026-07-31,31.0,Low,NO,NO,Monitor,Inventory Healthy,0,0.0
FOODS_2_150,81,17.0795,69.1345,-52.2305,-0.17549999999999955,0,35.1,2026-07-13,31.0,Low,NO,NO,Monitor,Inventory Healthy,0,0.0
HOUSEHOLD_1_197,42,11.2964,44.7109,-24.4426,8.971900000000005,9,28.2,2026-07-06,38.9,Low,NO,NO,Planned,Forecast Shortage,9,44.73
HOUSEHOLD_1_328,47,11.0052,43.9611,-28.8208,4.135100000000001,4,32.1,2026-07-10,34.6,Low,NO,NO,Monitor,Forecast Shortage,4,18.98
HOUSEHOLD_1_361,21,34.6965,150.0769,31.682500000000005,147.06289999999998,147,4.2,2026-06-12,70.0,High,YES,YES,Emergency,Forecast Shortage; Below Reorder Point; Impending Stockout,147,276.36
FOODS_1_023,35,14.925899999999999,54.6625,-8.818100000000001,30.918499999999995,31,19.2,2026-06-27,67.4,High,NO,YES,Planned,Forecast Shortage,31,171.04
FOODS_1_018,140,64.51989999999999,279.4763,-50.825100000000006,164.1313,164,15.0,2026-06-23,54.4,Medium,NO,YES,Planned,Forecast Shortage,164,160.72
HOUSEHOLD_1_437,65,26.5533,100.4136,-24.362700000000004,49.497600000000006,49,19.4,2026-06-27,56.4,Medium,NO,YES,Planned,Forecast Shortage,49,151.35
HOUSEHOLD_1_118,275,63.2606,250.5725,-184.5874,2.7244999999999777,3,32.9,2026-07-10,31.5,Low,NO,NO,Monitor,Forecast Shortage,3,2.91
FOODS_2_054,79,19.0094,70.3061,-48.6326,2.664100000000005,3,33.7,2026-07-11,32.7,Low,NO,NO,Monitor,Forecast Shortage,3,8.71
HOUSEHOLD_1_376,10,12.420300000000001,43.6634,9.5303,40.7734,41,6.9,2026-06-14,73.8,High,YES,YES,Emergency,Forecast Shortage; Below Reorder Point; Impending Stockout,41,218.7
HOUSEHOLD_1_370,30,7.7214,29.2378,-15.8636,5.652799999999999,6,30.8,2026-07-08,45.0,Medium,NO,NO,Monitor,Forecast Shortage,6,43.22
FOODS_1_194,37,15.7879,60.5473,-12.066099999999999,32.693299999999994,33,18.3,2026-06-26,58.5,Medium,NO,YES,Planned,Forecast Shortage,33,159.7
HOUSEHOLD_1_408,33,12.2499,44.7697,-13.193100000000001,19.326700000000002,19,22.1,2026-06-30,53.7,Medium,NO,NO,Planned,Forecast Shortage,19,104.12
HOUSEHOLD_1_517,209,56.0286,238.7485,-133.0254,49.694500000000005,50,26.3,2026-07-04,39.3,Low,NO,NO,Planned,Forecast Shortage,50,48.32
FOODS_1_200,206,55.5509,240.7497,-119.5731,65.6257,66,25.7,2026-07-03,41.9,Medium,NO,NO,Planned,Forecast Shortage,66,64.68
HOUSEHOLD_1_014,10,2.443,10.4093,-3.7539999999999996,4.212299999999999,4,28.8,2026-07-06,59.2,Medium,NO,NO,Planned,Forecast Shortage,4,71.88
FOODS_1_104,60,11.9916,44.6228,-36.5374,-3.9061999999999983,0,40.3,2026-07-18,37.1,Low,NO,NO,Monitor,Inventory Healthy,0,0.0
HOUSEHOLD_1_318,76,23.0462,87.6421,-43.0088,21.587099999999992,22,26.0,2026-07-04,41.0,Medium,NO,NO,Planned,Forecast Shortage,22,65.26
HOUSEHOLD_1_498,71,14.1363,57.0078,-49.002700000000004,-6.131199999999993,0,37.4,2026-07-15,31.0,Low,NO,NO,Monitor,Inventory Healthy,0,0.0
HOUSEHOLD_1_119,70,12.9983,51.429899999999996,-48.9957,-10.564100000000003,0,40.8,2026-07-18,31.0,Low,NO,NO,Monitor,Inventory Healthy,0,0.0
HOUSEHOLD_1_204,86,27.4478,114.386,-40.3972,46.541,47,22.6,2026-06-30,53.3,Medium,NO,NO,Planned,Forecast Shortage,47,88.36
FOODS_2_304,51,15.4739,60.3008,-27.4651,17.361800000000002,17,25.4,2026-07-03,48.1,Medium,NO,NO,Planned,Forecast Shortage,17,67.49
HOUSEHOLD_1_465,40,80.2236,348.1887,69.6616,337.62669999999997,338,3.4,2026-06-11,69.7,High,YES,YES,Emergency,Forecast Shortage; Below Reorder Point; Impending Stockout,338,330.23
FOODS_1_152,10,6.663600000000001,23.4942,2.605600000000001,19.4362,19,12.8,2026-06-20,76.1,High,YES,YES,Urgent,Forecast Shortage; Below Reorder Point; Impending Stockout,19,157.6
HOUSEHOLD_1_055,60,11.8973,45.5495,-41.1797,-7.527499999999996,0,39.5,2026-07-17,31.0,Low,NO,NO,Monitor,Inventory Healthy,0,0.0
HOUSEHOLD_1_214,112,27.7651,113.5286,-72.8669,12.896599999999992,13,29.6,2026-07-07,35.5,Low,NO,NO,Planned,Forecast Shortage,13,24.31
HOUSEHOLD_1_291,42,13.2677,51.1413,-20.7203,17.1533,17,24.6,2026-07-02,50.1,Medium,NO,NO,Planned,Forecast Shortage,17,63.46
HOUSEHOLD_1_071,16,21.9023,86.5658,14.9043,79.56779999999999,80,5.5,2026-06-13,67.6,High,YES,YES,Emergency,Forecast Shortage; Below Reorder Point; Impending Stockout,80,174.09
FOODS_2_307,67,18.4879,75.8841,-35.5761,21.820099999999996,22,26.5,2026-07-04,48.5,Medium,NO,NO,Planned,Forecast Shortage,22,56.02
HOUSEHOLD_1_048,84,16.7456,64.8159,-58.2334,-10.1631,0,38.9,2026-07-16,31.0,Low,NO,NO,Monitor,Inventory Healthy,0,0.0
FOODS_2_014,74,14.375,55.9445,-50.186,-8.616500000000002,0,39.7,2026-07-17,31.0,Low,NO,NO,Monitor,Inventory Healthy,0,0.0
FOODS_2_013,82,24.2459,94.9388,-46.908100000000005,23.784800000000004,24,25.9,2026-07-03,41.0,Medium,NO,NO,Planned,Forecast Shortage,24,48.0
HOUSEHOLD_1_369,52,10.7186,41.622299999999996,-33.8654,-2.9617000000000075,0,37.5,2026-07-15,31.0,Low,NO,NO,Monitor,Inventory Healthy,0,0.0
HOUSEHOLD_1_282,48,13.522,55.2303,-28.351,13.357300000000002,13,26.1,2026-07-04,40.3,Medium,NO,NO,Planned,Forecast Shortage,13,51.74
FOODS_1_080,19,7.593999999999999,28.7852,-5.6739999999999995,15.517200000000003,16,19.8,2026-06-27,66.6,High,NO,YES,Planned,Forecast Shortage,16,121.28
FOODS_2_164,55,12.953199999999999,49.8581,-33.4468,3.4581000000000017,3,33.1,2026-07-11,33.4,Low,NO,NO,Monitor,Forecast Shortage,3,9.37
HOUSEHOLD_1_510,20,9.225,34.9627,-4.4239999999999995,21.313699999999997,21,17.2,2026-06-25,54.4,Medium,NO,YES,Planned,Forecast Shortage,21,103.79
HOUSEHOLD_1_447,236,39.9474,171.6658,-177.4826,-45.76420000000002,0,41.2,2026-07-19,31.0,Low,NO,NO,Monitor,Inventory Healthy,0,0.0
FOODS_2_360,87,68.5264,271.2892,23.5634,226.32619999999997,226,9.6,2026-06-17,70.3,High,YES,YES,Urgent,Forecast Shortage; Below Reorder Point; Impending Stockout,226,211.31
HOUSEHOLD_1_180,66,16.5464,61.5752,-41.1846,3.8442000000000007,4,32.2,2026-07-10,33.6,Low,NO,NO,Monitor,Forecast Shortage,4,11.87
HOUSEHOLD_1_453,91,16.1085,62.9975,-66.2685,-19.379499999999993,0,43.3,2026-07-21,31.0,Low,NO,NO,Monitor,Inventory Healthy,0,0.0
FOODS_2_325,71,33.0625,135.3518,-20.628500000000003,81.6608,82,15.7,2026-06-23,55.1,Medium,NO,YES,Planned,Forecast Shortage,82,102.15
FOODS_2_315,64,19.355,66.92,-28.451,19.114000000000004,19,28.7,2026-07-06,56.3,Medium,NO,NO,Planned,Forecast Shortage,19,47.5
HOUSEHOLD_1_090,77,10.427900000000001,40.8691,-58.4471,-28.005899999999997,0,56.5,2026-08-03,31.0,Low,NO,NO,Monitor,Inventory Healthy,0,0.0
FOODS_2_139,49,14.149000000000001,48.1922,-23.424999999999997,10.618200000000002,11,30.5,2026-07-08,46.0,Medium,NO,NO,Monitor,Forecast Shortage,11,32.78
HOUSEHOLD_1_434,42,17.6307,69.85679999999999,-16.1283,36.09779999999999,36,18.0,2026-06-26,57.4,Medium,NO,YES,Planned,Forecast Shortage,36,142.92
HOUSEHOLD_1_518,23,7.1768,26.8844,-10.231200000000001,9.476399999999998,9,25.7,2026-07-03,50.0,Medium,NO,NO,Planned,Forecast Shortage,9,62.73
FOODS_1_021,132,9.9261,47.271100000000004,-84.78290000000001,-47.4379,0,83.8,2026-08-30,45.0,Medium,NO,NO,Monitor,Inventory Healthy,0,0.0
FOODS_1_172,77,16.2895,62.6776,-50.826499999999996,-4.4384000000000015,0,36.9,2026-07-14,31.0,Low,NO,NO,Monitor,Inventory Healthy,0,0.0
FOODS_1_046,184,52.040099999999995,219.3759,-112.5459,54.78989999999999,55,25.2,2026-07-03,41.0,Medium,NO,NO,Planned,Forecast Shortage,55,53.9
HOUSEHOLD_1_093,41,12.3254,44.1401,-20.726599999999998,11.088099999999997,11,27.9,2026-07-05,46.8,Medium,NO,NO,Planned,Forecast Shortage,11,43.37
HOUSEHOLD_1_246,29,15.5648,60.595,-3.3612,41.669,42,14.4,2026-06-22,72.4,High,NO,YES,Planned,Forecast Shortage,42,167.16
FOODS_1_103,11,10.4853,37.8567,6.5473,33.918699999999994,34,8.7,2026-06-16,72.0,High,YES,YES,Urgent,Forecast Shortage; Below Reorder Point; Impending Stockout,34,143.78
HOUSEHOLD_1_345,41,6.468,27.04,-26.255000000000003,-5.683,0,45.5,2026-07-23,37.1,Low,NO,NO,Monitor,Inventory Healthy,0,0.0
HOUSEHOLD_1_399,34,60.2455,240.9903,44.591499999999996,225.3363,225,4.2,2026-06-12,60.7,High,YES,YES,Emergency,Forecast Shortage; Below Reorder Point; Impending Stockout,225,225.15
FOODS_1_058,55,19.7612,69.6337,-16.2288,33.64370000000001,34,23.7,2026-07-01,48.8,Medium,NO,NO,Planned,Forecast Shortage,34,65.94
FOODS_1_067,65,22.224,71.82600000000001,-22.683999999999997,26.918000000000006,27,27.1,2026-07-05,44.4,Medium,NO,NO,Planned,Forecast Shortage,27,53.9
FOODS_2_016,112,33.6282,148.2098,-55.662800000000004,58.918800000000005,59,22.7,2026-06-30,45.4,Medium,NO,NO,Planned,Forecast Shortage,59,73.5
HOUSEHOLD_1_087,13,7.7546,28.8195,1.4185999999999996,22.4835,22,13.5,2026-06-21,59.1,Medium,YES,YES,Urgent,Forecast Shortage; Below Reorder Point; Impending Stockout,22,98.34
HOUSEHOLD_1_386,51,11.706,44.7043,-32.799,0.19930000000000092,0,34.2,2026-07-12,23.5,Low,NO,NO,Monitor,Forecast Shortage,0,0.0
HOUSEHOLD_1_538,28,10.5792,42.4749,-11.3048,20.590899999999998,21,19.8,2026-06-27,42.8,Medium,NO,YES,Planned,Forecast Shortage,21,73.08
FOODS_2_255,17,7.4645,28.1201,26.4895,47.1451,47,18.1,2026-06-26,77.7,High,YES,YES,Planned,Forecast Shortage; Below Reorder Point,47,125.96
HOUSEHOLD_1_045,50,12.9427,48.0542,-27.5073,7.604200000000006,8,31.2,2026-07-09,36.1,Low,NO,NO,Monitor,Forecast Shortage,8,20.66
HOUSEHOLD_1_129,32,9.700099999999999,39.7182,-16.884900000000002,13.133200000000002,13,24.2,2026-07-02,36.3,Low,NO,NO,Planned,Forecast Shortage,13,51.56
FOODS_2_388,42,14.034099999999999,51.5335,-16.8209,20.6785,21,24.5,2026-07-02,45.6,Medium,NO,NO,Planned,Forecast Shortage,21,62.58
FOODS_2_153,40,22.654899999999998,90.80199999999999,-6.685100000000006,61.46199999999999,61,13.2,2026-06-21,56.1,Medium,NO,YES,Urgent,Forecast Shortage; Impending Stockout,61,180.56
HOUSEHOLD_1_416,32,10.2265,38.8848,-13.4875,15.1708,15,24.7,2026-07-02,44.6,Medium,NO,NO,Planned,Forecast Shortage,15,57.47
HOUSEHOLD_1_235,28,9.9827,37.4269,-9.459299999999999,17.984900000000003,18,22.4,2026-06-30,48.3,Medium,NO,NO,Planned,Forecast Shortage,18,69.0
FOODS_2_396,54,15.6158,60.9406,-29.8522,15.4726,15,26.6,2026-07-04,33.2,Low,NO,NO,Planned,Forecast Shortage,15,44.7
HOUSEHOLD_1_016,18,10.5994,36.3608,0.4653999999999989,26.226799999999997,26,14.9,2026-06-22,65.4,High,NO,YES,Planned,Forecast Shortage,26,126.88
HOUSEHOLD_1_321,36,11.135200000000001,44.6786,-15.657799999999998,17.885600000000004,18,24.2,2026-07-02,45.3,Medium,NO,NO,Planned,Forecast Shortage,18,53.46
HOUSEHOLD_1_459,36,33.4937,129.6689,19.618699999999997,115.79390000000001,116,8.3,2026-06-16,59.0,Medium,YES,YES,Urgent,Forecast Shortage; Below Reorder Point; Impending Stockout,116,113.33
FOODS_2_175,48,16.0254,58.5124,-20.0036,22.483400000000003,22,24.6,2026-07-02,44.3,Medium,NO,NO,Planned,Forecast Shortage,22,54.56
FOODS_2_047,28,15.1209,60.9589,-5.607099999999999,40.230900000000005,40,13.8,2026-06-21,49.4,Medium,NO,YES,Urgent,Forecast Shortage; Impending Stockout,40,118.4
HOUSEHOLD_1_082,29,8.4053,35.173,-12.5917,14.176000000000002,14,24.7,2026-07-02,45.0,Medium,NO,NO,Planned,Forecast Shortage,14,48.72
FOODS_1_050,7,7.0403,27.9234,6.3203,27.203400000000002,27,7.5,2026-06-15,74.9,High,YES,YES,Urgent,Forecast Shortage; Below Reorder Point; Impending Stockout,27,161.46
FOODS_1_088,20,20.017,77.0355,18.075000000000003,75.0935,75,7.8,2026-06-15,76.2,High,YES,YES,Urgent,Forecast Shortage; Below Reorder Point; Impending Stockout,75,390.95
HOUSEHOLD_1_427,3,2.2292,14.4357,6.526199999999999,18.7327,19,6.2,2026-06-14,77.6,High,YES,YES,Emergency,Forecast Shortage; Below Reorder Point; Impending Stockout,19,113.24
HOUSEHOLD_1_058,12,5.9202,21.6494,-0.49980000000000047,15.229399999999998,15,16.6,2026-06-24,64.1,High,NO,YES,Planned,Forecast Shortage,15,97.2
HOUSEHOLD_1_411,20,12.9854,51.0353,-0.3965999999999994,37.6533,38,11.8,2026-06-19,52.7,Medium,NO,YES,Urgent,Forecast Shortage; Impending Stockout,38,124.64
HOUSEHOLD_1_285,46,11.8762,47.9878,-26.799799999999998,9.311799999999998,9,28.8,2026-07-06,30.9,Low,NO,NO,Planned,Forecast Shortage,9,24.57
HOUSEHOLD_1_236,63,12.857,50.8489,-41.77,-3.778100000000002,0,37.2,2026-07-15,23.5,Low,NO,NO,Monitor,Inventory Healthy,0,0.0
HOUSEHOLD_1_351,80,33.887299999999996,146.9778,-29.23870000000001,83.8518,84,16.3,2026-06-24,46.2,Medium,NO,YES,Planned,Forecast Shortage,84,82.07
HOUSEHOLD_1_506,27,7.4823,28.8175,-11.9997,9.335499999999996,9,28.1,2026-07-06,41.6,Medium,NO,NO,Planned,Forecast Shortage,9,34.48
HOUSEHOLD_1_243,57,17.7272,69.2666,-31.2818,20.257599999999996,20,24.7,2026-07-02,34.9,Low,NO,NO,Planned,Forecast Shortage,20,39.4
HOUSEHOLD_1_188,30,8.1161,30.3612,-15.448900000000002,6.796199999999999,7,29.6,2026-07-07,38.5,Low,NO,NO,Planned,Forecast Shortage,7,27.86
FOODS_2_374,72,17.1103,67.4363,-45.4087,4.917299999999997,5,32.0,2026-07-10,26.4,Low,NO,NO,Monitor,Forecast Shortage,5,10.0
HOUSEHOLD_1_383,30,11.4027,46.1382,-11.485300000000002,23.2502,23,19.5,2026-06-27,49.1,Medium,NO,YES,Planned,Forecast Shortage,23,80.04
FOODS_1_219,52,20.0182,77.27289999999999,-19.2378,38.01689999999999,38,20.2,2026-06-28,49.0,Medium,NO,YES,Planned,Forecast Shortage,38,85.12
HOUSEHOLD_1_203,24,3.9392,17.7263,-13.8458,-0.05870000000000175,0,40.6,2026-07-18,29.6,Low,NO,NO,Monitor,Inventory Healthy,0,0.0
HOUSEHOLD_1_254,76,53.4444,225.0498,0.8603999999999985,172.4658,172,10.1,2026-06-18,60.0,High,NO,YES,Urgent,Forecast Shortage; Impending Stockout,172,167.35
FOODS_2_212,19,10.038499999999999,35.0134,-1.464500000000001,23.510399999999997,24,16.3,2026-06-24,64.3,High,NO,YES,Planned,Forecast Shortage,24,114.44
HOUSEHOLD_1_151,124,43.3789,175.2689,-63.3591,68.5309,69,21.2,2026-06-29,39.2,Low,NO,NO,Planned,Forecast Shortage,69,63.7
FOODS_2_119,36,16.7906,59.5963,-9.779399999999999,33.02629999999999,33,18.1,2026-06-26,51.3,Medium,NO,YES,Planned,Forecast Shortage,33,88.74
FOODS_2_204,140,34.9888,144.9058,-83.4642,26.452799999999996,26,29.0,2026-07-07,30.7,Low,NO,NO,Planned,Forecast Shortage,26,26.0
HOUSEHOLD_1_153,72,16.606,66.3244,-47.076,2.642399999999995,3,32.6,2026-07-10,25.3,Low,NO,NO,Monitor,Forecast Shortage,3,5.91
FOODS_1_154,47,18.8617,82.796,-10.7153,53.21900000000001,53,17.0,2026-06-25,54.8,Medium,NO,YES,Planned,Forecast Shortage,53,79.38
HOUSEHOLD_1_202,60,16.4984,66.1602,-35.5556,14.106200000000001,14,27.2,2026-07-05,31.8,Low,NO,NO,Planned,Forecast Shortage,14,27.72
HOUSEHOLD_1_477,6,2.4975,10.1273,0.5295000000000005,8.1593,8,17.8,2026-06-25,66.5,High,YES,YES,Planned,Forecast Shortage; Below Reorder Point,8,107.84
HOUSEHOLD_1_186,29,13.6724,52.6703,-6.273600000000002,32.7243,33,16.5,2026-06-24,62.2,High,NO,YES,Planned,Forecast Shortage,33,104.02
HOUSEHOLD_1_303,50,26.7789,128.5859,-3.4180999999999955,98.3889,98,11.7,2026-06-19,53.8,Medium,YES,YES,Urgent,Forecast Shortage; Below Reorder Point; Impending Stockout,98,95.25
HOUSEHOLD_1_521,29,35.5407,152.1914,26.408699999999996,143.05939999999998,143,5.7,2026-06-13,60.9,High,YES,YES,Emergency,Forecast Shortage; Below Reorder Point; Impending Stockout,143,138.99
HOUSEHOLD_1_225,77,16.8585,67.5971,-52.0175,-1.2789000000000073,0,34.2,2026-07-12,23.5,Low,NO,NO,Monitor,Inventory Healthy,0,0.0
FOODS_1_045,24,18.0163,67.3461,6.537300000000002,55.86710000000001,56,10.7,2026-06-18,62.3,High,YES,YES,Urgent,Forecast Shortage; Below Reorder Point; Impending Stockout,56,99.68
FOODS_2_152,37,12.1423,49.2825,-16.3737,20.7665,21,22.5,2026-06-30,46.2,Medium,NO,NO,Planned,Forecast Shortage,21,50.82
FOODS_2_357,53,17.9581,73.91460000000001,-26.1329,29.823600000000013,30,21.5,2026-06-29,39.5,Low,NO,NO,Planned,Forecast Shortage,30,60.0
FOODS_1_137,46,14.2589,54.1166,-11.7731,28.084599999999995,28,25.5,2026-07-03,57.9,Medium,NO,NO,Planned,Forecast Shortage,28,55.9
FOODS_2_063,35,13.572,53.1726,-11.854,27.7466,28,19.7,2026-06-27,50.2,Medium,NO,YES,Planned,Forecast Shortage,28,82.88
HOUSEHOLD_1_505,44,13.3539,51.9883,-21.5691,17.0653,17,25.4,2026-07-03,36.4,Low,NO,NO,Planned,Forecast Shortage,17,42.02
HOUSEHOLD_1_339,106,39.2784,162.043,-49.03660000000001,73.72800000000001,74,19.6,2026-06-27,41.7,Medium,NO,YES,Planned,Forecast Shortage,74,72.3
FOODS_1_163,87,6.850899999999999,29.4169,-52.567099999999996,-30.0011,0,88.7,2026-09-04,37.5,Low,NO,NO,Monitor,Inventory Healthy,0,0.0
FOODS_2_311,23,12.506499999999999,39.2472,-0.44150000000000134,26.2992,26,17.6,2026-06-25,63.4,High,NO,YES,Planned,Forecast Shortage,26,76.96
HOUSEHOLD_1_262,68,40.9209,161.9639,-12.077099999999994,108.9659,109,12.6,2026-06-20,50.3,Medium,NO,YES,Urgent,Forecast Shortage; Impending Stockout,109,105.73
FOODS_1_207,9,10.9297,43.8609,9.6247,42.5559,43,6.2,2026-06-14,67.9,High,YES,YES,Emergency,Forecast Shortage; Below Reorder Point; Impending Stockout,43,142.76
FOODS_1_206,50,17.7286,68.1599,-18.2314,32.199899999999985,32,22.0,2026-06-30,48.1,Medium,NO,NO,Planned,Forecast Shortage,32,67.88
FOODS_2_247,45,15.2696,61.3873,-18.3534,27.764300000000006,28,22.0,2026-06-30,47.5,Medium,NO,NO,Planned,Forecast Shortage,28,63.0
FOODS_2_285,10,12.5769,50.601,11.4469,49.471,49,5.9,2026-06-13,75.6,High,YES,YES,Emergency,Forecast Shortage; Below Reorder Point; Impending Stockout,49,195.02
HOUSEHOLD_1_223,9,5.1145,16.8862,0.4604999999999997,12.232199999999999,12,16.0,2026-06-24,64.5,High,NO,YES,Planned,Forecast Shortage,12,113.64
HOUSEHOLD_1_438,5,3.2791,15.0723,2.4940999999999995,14.287300000000002,14,10.0,2026-06-18,72.5,High,YES,YES,Urgent,Forecast Shortage; Below Reorder Point; Impending Stockout,14,104.41
HOUSEHOLD_1_196,48,12.3881,49.9515,-20.8779,16.685500000000005,17,28.8,2026-07-06,42.9,Medium,NO,NO,Planned,Forecast Shortage,17,33.49
HOUSEHOLD_1_385,61,13.099499999999999,49.3034,-39.9785,-3.7745999999999995,0,37.1,2026-07-15,23.5,Low,NO,NO,Monitor,Inventory Healthy,0,0.0
HOUSEHOLD_1_109,26,8.9042,33.266799999999996,-11.1558,13.206799999999994,13,23.4,2026-07-01,44.7,Medium,NO,NO,Planned,Forecast Shortage,13,51.24
FOODS_2_309,39,14.1731,51.7986,-16.090899999999998,21.534599999999998,22,22.6,2026-06-30,46.2,Medium,NO,NO,Planned,Forecast Shortage,22,59.16
FOODS_2_109,34,11.229099999999999,44.0199,-15.311900000000001,17.478899999999996,17,23.2,2026-07-01,44.6,Medium,NO,NO,Planned,Forecast Shortage,17,50.66
FOODS_1_040,34,14.515699999999999,54.2925,-7.642299999999999,32.1345,32,18.8,2026-06-26,52.7,Medium,NO,YES,Planned,Forecast Shortage,32,56.96
HOUSEHOLD_1_359,10,7.3719,26.2114,2.6319,21.471400000000003,21,11.4,2026-06-19,68.5,High,NO,YES,Urgent,Forecast Shortage; Impending Stockout,21,144.68
HOUSEHOLD_1_327,112,33.6954,148.7668,-60.373599999999996,54.6978,55,22.6,2026-06-30,38.2,Low,NO,NO,Planned,Forecast Shortage,55,53.46
FOODS_1_153,12,16.7417,67.9978,13.861699999999999,65.1178,65,5.3,2026-06-13,61.2,High,YES,YES,Emergency,Forecast Shortage; Below Reorder Point; Impending Stockout,65,127.33
HOUSEHOLD_1_346,21,6.8297,25.7383,-7.3963,11.512299999999996,12,24.5,2026-07-02,47.5,Medium,NO,NO,Planned,Forecast Shortage,12,47.31
FOODS_2_128,90,57.9418,232.69400000000002,4.258800000000008,179.01100000000002,179,11.6,2026-06-19,68.2,High,NO,YES,Urgent,Forecast Shortage; Impending Stockout,179,167.37
FOODS_2_126,16,5.6106,21.318,-4.042400000000001,11.665000000000003,12,22.5,2026-06-30,59.1,Medium,NO,NO,Planned,Forecast Shortage,12,57.22
FOODS_1_130,44,16.7222,67.1305,-18.2538,32.1545,32,19.7,2026-06-27,42.3,Medium,NO,YES,Planned,Forecast Shortage,32,56.96
HOUSEHOLD_1_414,100,39.0149,165.3045,-39.444100000000006,86.84549999999999,87,18.1,2026-06-26,50.5,Medium,NO,YES,Planned,Forecast Shortage,87,84.56
FOODS_1_061,12,12.7694,52.0614,8.7244,48.0164,48,6.9,2026-06-14,65.7,High,YES,YES,Emergency,Forecast Shortage; Below Reorder Point; Impending Stockout,48,107.52
HOUSEHOLD_1_047,21,6.4961,24.2383,-8.6599,9.0823,9,26.0,2026-07-04,43.8,Medium,NO,NO,Planned,Forecast Shortage,9,37.47
FOODS_2_326,62,44.1898,182.1438,2.4328000000000003,140.3868,140,10.2,2026-06-18,60.1,High,NO,YES,Urgent,Forecast Shortage; Impending Stockout,140,140.0
HOUSEHOLD_1_205,8,5.2964,19.6953,2.2494000000000014,16.6483,17,12.2,2026-06-20,70.5,High,YES,YES,Urgent,Forecast Shortage; Below Reorder Point; Impending Stockout,17,101.05
FOODS_2_232,27,10.4979,41.7764,-3.7531,27.525400000000005,28,19.4,2026-06-27,63.8,High,NO,YES,Planned,Forecast Shortage,28,71.68
FOODS_1_115,21,4.858,18.7996,-8.299,5.642600000000002,6,33.5,2026-07-11,49.7,Medium,NO,NO,Monitor,Forecast Shortage,6,21.48
HOUSEHOLD_1_540,55,17.8274,68.9825,-29.8756,21.2795,21,23.9,2026-07-01,35.5,Low,NO,NO,Planned,Forecast Shortage,21,35.76
FOODS_1_166,32,14.4832,54.5066,-6.503799999999998,33.5196,34,17.6,2026-06-25,54.1,Medium,NO,YES,Planned,Forecast Shortage,34,76.16
HOUSEHOLD_1_132,23,9.9968,40.2842,0.06380000000000052,30.3512,30,17.1,2026-06-25,58.6,Medium,YES,YES,Planned,Forecast Shortage; Below Reorder Point,30,59.1
FOODS_1_074,34,11.8141,45.1316,-11.9269,21.3906,21,22.6,2026-06-30,47.8,Medium,NO,NO,Planned,Forecast Shortage,21,47.04
HOUSEHOLD_1_122,14,10.185599999999999,39.3731,2.5885999999999996,31.7761,32,10.7,2026-06-18,55.2,Medium,YES,YES,Urgent,Forecast Shortage; Below Reorder Point; Impending Stockout,32,72.32
HOUSEHOLD_1_173,38,26.0783,105.2998,6.606299999999997,85.8278,86,10.8,2026-06-18,61.9,High,YES,YES,Urgent,Forecast Shortage; Below Reorder Point; Impending Stockout,86,83.42
HOUSEHOLD_1_443,41,12.1851,46.7772,-20.6139,13.978200000000001,14,26.3,2026-07-04,41.3,Medium,NO,NO,Planned,Forecast Shortage,14,34.27
FOODS_2_081,25,17.7181,66.6978,2.6790999999999983,51.6588,52,11.2,2026-06-19,68.3,High,NO,YES,Urgent,Forecast Shortage; Impending Stockout,52,128.67
HOUSEHOLD_1_094,5,9.7737,34.5473,12.6877,37.4613,37,4.3,2026-06-12,77.6,High,YES,YES,Emergency,Forecast Shortage; Below Reorder Point; Impending Stockout,37,128.76
FOODS_2_004,5,7.4638,27.9441,9.0648,29.545099999999998,30,5.4,2026-06-13,77.6,High,YES,YES,Emergency,Forecast Shortage; Below Reorder Point; Impending Stockout,30,116.89
HOUSEHOLD_1_478,31,9.8642,39.744,-12.971800000000002,16.908,17,23.4,2026-07-01,46.2,Medium,NO,NO,Planned,Forecast Shortage,17,45.39
HOUSEHOLD_1_019,46,11.7378,54.257,-20.0702,22.448999999999998,22,25.4,2026-07-03,39.4,Low,NO,NO,Planned,Forecast Shortage,22,21.49
FOODS_1_036,14,15.1626,58.8084,12.9846,56.630399999999995,57,7.1,2026-06-15,67.7,High,YES,YES,Urgent,Forecast Shortage; Below Reorder Point; Impending Stockout,57,101.46
FOODS_2_376,15,9.7448,36.5365,7.511800000000001,34.3035,34,12.3,2026-06-20,65.8,High,YES,YES,Urgent,Forecast Shortage; Below Reorder Point; Impending Stockout,34,66.44
HOUSEHOLD_1_261,6,4.922,17.9395,3.2399999999999984,16.2575,16,10.0,2026-06-18,71.4,High,YES,YES,Urgent,Forecast Shortage; Below Reorder Point; Impending Stockout,16,95.52
FOODS_1_082,86,51.832,221.37890000000002,-8.051000000000002,161.4959,161,11.7,2026-06-19,58.5,Medium,NO,YES,Urgent,Forecast Shortage; Impending Stockout,161,157.78
FOODS_1_181,67,26.244799999999998,112.7598,-27.7892,58.72579999999999,59,17.8,2026-06-25,50.3,Medium,NO,YES,Planned,Forecast Shortage,59,79.95
HOUSEHOLD_1_482,18,12.615499999999999,44.4223,1.7674999999999983,33.5743,34,12.2,2026-06-20,59.5,Medium,NO,YES,Urgent,Forecast Shortage; Impending Stockout,34,105.02
HOUSEHOLD_1_389,71,25.6696,108.6922,-24.9664,58.05619999999999,58,19.6,2026-06-27,50.7,Medium,NO,YES,Planned,Forecast Shortage,58,56.37
HOUSEHOLD_1_275,13,14.507200000000001,52.4596,8.203200000000002,46.1556,46,7.4,2026-06-15,64.0,High,YES,YES,Urgent,Forecast Shortage; Below Reorder Point; Impending Stockout,46,136.62
HOUSEHOLD_1_112,17,8.7569,32.6201,-1.3181000000000012,22.545099999999998,23,15.6,2026-06-23,56.9,Medium,NO,YES,Planned,Forecast Shortage,23,68.31
HOUSEHOLD_1_448,103,30.318,144.5325,-56.461,57.7535,58,21.4,2026-06-29,39.5,Low,NO,NO,Planned,Forecast Shortage,58,56.67
HOUSEHOLD_1_516,50,11.690000000000001,47.4121,-31.276999999999997,4.445100000000004,4,31.6,2026-07-09,26.8,Low,NO,NO,Monitor,Forecast Shortage,4,7.77
HOUSEHOLD_1_348,35,14.723600000000001,53.4114,-10.226399999999998,28.461399999999998,28,19.7,2026-06-27,50.1,Medium,NO,YES,Planned,Forecast Shortage,28,53.34
FOODS_1_042,80,25.3938,112.664,-35.3562,51.91399999999999,52,21.3,2026-06-29,47.8,Medium,NO,NO,Planned,Forecast Shortage,52,50.96
FOODS_2_075,10,16.139,63.1958,16.857,63.913799999999995,64,4.7,2026-06-12,77.5,High,YES,YES,Emergency,Forecast Shortage; Below Reorder Point; Impending Stockout,64,152.32
FOODS_1_054,34,17.3185,64.1445,-7.506499999999999,39.31949999999999,39,15.9,2026-06-23,53.5,Medium,NO,YES,Planned,Forecast Shortage,39,76.4
HOUSEHOLD_1_179,40,21.3686,80.9112,-1.250399999999999,58.292199999999994,58,14.8,2026-06-22,57.9,Medium,YES,YES,Planned,Forecast Shortage; Below Reorder Point,58,56.37
FOODS_1_064,17,5.5504999999999995,24.0331,-3.7205000000000013,14.7621,15,21.2,2026-06-29,53.5,Medium,YES,NO,Planned,Forecast Shortage; Below Reorder Point,15,40.2
HOUSEHOLD_1_445,21,16.0513,66.5703,5.1023,55.621300000000005,56,9.5,2026-06-17,62.7,High,YES,YES,Urgent,Forecast Shortage; Below Reorder Point; Impending Stockout,56,110.32
HOUSEHOLD_1_380,9,4.7738,18.1099,0.9627999999999997,14.2989,14,14.9,2026-06-22,66.9,High,YES,YES,Planned,Forecast Shortage; Below Reorder Point,14,63.98
FOODS_1_006,35,13.574,51.3411,-12.457999999999998,25.3091,25,20.5,2026-06-28,48.7,Medium,NO,YES,Planned,Forecast Shortage,25,57.11
FOODS_2_170,19,11.0017,40.4495,0.1576999999999984,29.6055,30,14.1,2026-06-22,66.6,High,NO,YES,Planned,Forecast Shortage,30,97.61
FOODS_2_145,8,11.5844,41.2845,13.633400000000002,43.3335,43,5.8,2026-06-13,77.6,High,YES,YES,Emergency,Forecast Shortage; Below Reorder Point; Impending Stockout,43,100.81
FOODS_2_061,23,12.8586,53.459,-0.08840000000000003,40.512,41,12.9,2026-06-20,59.7,Medium,YES,YES,Urgent,Forecast Shortage; Below Reorder Point; Impending Stockout,41,82.0
HOUSEHOLD_1_283,69,17.7744,65.9522,-42.4286,5.749200000000002,6,31.4,2026-07-09,27.1,Low,NO,NO,Monitor,Forecast Shortage,6,8.88
HOUSEHOLD_1_175,8,9.9843,40.6542,9.5563,40.226200000000006,40,5.9,2026-06-13,76.1,High,YES,YES,Emergency,Forecast Shortage; Below Reorder Point; Impending Stockout,40,195.2
FOODS_2_267,34,15.0362,59.7813,-7.632800000000003,37.112300000000005,37,17.1,2026-06-25,61.9,High,NO,YES,Planned,Forecast Shortage,37,72.49
HOUSEHOLD_1_124,15,5.9662,21.8224,-1.6488000000000014,14.2074,14,20.6,2026-06-28,62.2,High,NO,YES,Planned,Forecast Shortage,14,55.72
FOODS_2_024,6,9.8471,38.6528,12.839100000000002,41.644800000000004,42,4.7,2026-06-12,70.1,High,YES,YES,Emergency,Forecast Shortage; Below Reorder Point; Impending Stockout,42,105.0
FOODS_2_327,11,15.1873,56.7185,16.6093,58.1405,58,5.8,2026-06-13,70.1,High,YES,YES,Emergency,Forecast Shortage; Below Reorder Point; Impending Stockout,58,115.9
FOODS_1_083,5,13.2549,50.6116,19.6379,56.994600000000005,57,3.0,2026-06-11,62.1,High,YES,YES,Emergency,Forecast Shortage; Below Reorder Point; Impending Stockout,57,113.79
FOODS_1_112,18,12.1901,47.775,6.978099999999998,42.563,43,11.3,2026-06-19,65.3,High,YES,YES,Urgent,Forecast Shortage; Below Reorder Point; Impending Stockout,43,85.14
HOUSEHOLD_1_319,31,12.9616,49.605000000000004,-11.404399999999999,25.239000000000004,25,18.7,2026-06-26,35.8,Low,NO,YES,Planned,Forecast Shortage,25,48.58
FOODS_2_192,5,14.6676,56.2672,19.7076,61.307199999999995,61,2.7,2026-06-10,62.1,High,YES,YES,Emergency,Forecast Shortage; Below Reorder Point; Impending Stockout,61,119.39
HOUSEHOLD_1_007,36,14.7669,57.1801,-12.5531,29.860100000000003,30,18.9,2026-06-26,36.6,Low,NO,YES,Planned,Forecast Shortage,30,44.4
FOODS_2_116,9,8.9507,35.7649,11.925699999999999,38.7399,39,7.5,2026-06-15,70.1,High,YES,YES,Urgent,Forecast Shortage; Below Reorder Point; Impending Stockout,39,76.2
HOUSEHOLD_1_404,9,7.7114,27.3222,5.6884000000000015,25.2992,25,9.9,2026-06-17,57.4,Medium,YES,YES,Urgent,Forecast Shortage; Below Reorder Point; Impending Stockout,25,64.57
HOUSEHOLD_1_426,4,7.0131,28.1931,12.0791,33.259100000000004,33,4.3,2026-06-12,70.1,High,YES,YES,Emergency,Forecast Shortage; Below Reorder Point; Impending Stockout,33,84.16
HOUSEHOLD_1_004,11,13.7171,50.7666,13.583100000000002,50.6326,51,6.5,2026-06-14,69.5,High,YES,YES,Emergency,Forecast Shortage; Below Reorder Point; Impending Stockout,51,120.43
HOUSEHOLD_1_278,3,3.1083,12.6802,4.0363,13.6082,14,7.1,2026-06-15,70.1,High,YES,YES,Urgent,Forecast Shortage; Below Reorder Point; Impending Stockout,14,83.58
HOUSEHOLD_1_277,37,5.4424,22.5585,-15.860600000000002,1.2554999999999978,1,49.2,2026-07-27,23.7,Low,YES,NO,Monitor,Forecast Shortage; Below Reorder Point,1,0.98
HOUSEHOLD_1_350,3,9.897499999999999,37.4811,13.7085,41.2921,41,2.4,2026-06-10,62.1,High,YES,YES,Emergency,Forecast Shortage; Below Reorder Point; Impending Stockout,41,112.34
FOODS_2_053,5,3.9516999999999998,13.7677,2.4997,12.3157,12,10.9,2026-06-18,62.7,High,YES,YES,Urgent,Forecast Shortage; Below Reorder Point; Impending Stockout,12,87.31
FOODS_1_201,12,14.1138,47.9678,10.997799999999998,44.8518,45,7.5,2026-06-15,66.8,High,YES,YES,Urgent,Forecast Shortage; Below Reorder Point; Impending Stockout,45,100.8
FOODS_2_391,16,11.5147,42.6606,6.274699999999999,37.4206,37,11.3,2026-06-19,56.0,Medium,YES,YES,Urgent,Forecast Shortage; Below Reorder Point; Impending Stockout,37,75.16
HOUSEHOLD_1_028,14,8.5725,31.9192,1.1935000000000002,24.5402,25,13.2,2026-06-21,52.4,Medium,YES,YES,Urgent,Forecast Shortage; Below Reorder Point; Impending Stockout,25,71.59
HOUSEHOLD_1_234,50,21.961,82.41629999999999,-15.594000000000001,44.8613,45,18.2,2026-06-26,37.6,Low,NO,YES,Planned,Forecast Shortage,45,43.65
HOUSEHOLD_1_458,5,26.6674,90.0963,30.297400000000003,93.7263,94,1.7,2026-06-09,62.1,High,YES,YES,Emergency,Forecast Shortage; Below Reorder Point; Impending Stockout,94,231.17
HOUSEHOLD_1_479,4,2.8717,12.1784,2.2057,11.5124,12,9.9,2026-06-17,66.6,High,YES,YES,Urgent,Forecast Shortage; Below Reorder Point; Impending Stockout,12,90.52
HOUSEHOLD_1_232,7,5.445,18.9376,3.341000000000001,16.8336,17,11.1,2026-06-19,64.2,High,YES,YES,Urgent,Forecast Shortage; Below Reorder Point; Impending Stockout,17,70.78
HOUSEHOLD_1_439,35,18.4208,67.0382,-0.6942000000000021,47.92320000000001,48,15.7,2026-06-23,50.3,Medium,YES,YES,Planned,Forecast Shortage; Below Reorder Point,48,46.65
HOUSEHOLD_1_397,11,10.1542,41.1597,8.2622,39.267700000000005,39,8.0,2026-06-16,67.1,High,YES,YES,Urgent,Forecast Shortage; Below Reorder Point; Impending Stockout,39,108.09
HOUSEHOLD_1_425,15,14.8141,55.4142,7.525100000000002,48.1252,48,8.1,2026-06-16,56.1,Medium,YES,YES,Urgent,Forecast Shortage; Below Reorder Point; Impending Stockout,48,94.56
HOUSEHOLD_1_198,31,22.801199999999998,83.9533,4.727199999999996,65.8793,66,11.1,2026-06-19,53.1,Medium,YES,YES,Urgent,Forecast Shortage; Below Reorder Point; Impending Stockout,66,64.22
FOODS_2_399,19,13.0155,45.4539,2.5614999999999988,34.9999,35,12.5,2026-06-20,52.2,Medium,YES,YES,Urgent,Forecast Shortage; Below Reorder Point; Impending Stockout,35,71.1
FOODS_1_037,9,9.4374,32.4646,9.174399999999999,32.2016,32,8.3,2026-06-16,68.4,High,YES,YES,Urgent,Forecast Shortage; Below Reorder Point; Impending Stockout,32,109.67
FOODS_1_139,50,27.9068,110.701,-10.4452,72.34899999999999,72,13.6,2026-06-21,41.8,Medium,NO,YES,Urgent,Forecast Shortage; Impending Stockout,72,70.56
HOUSEHOLD_1_508,2,3.7407,12.9968,6.787699999999999,16.0438,16,4.6,2026-06-12,70.2,High,YES,YES,Emergency,Forecast Shortage; Below Reorder Point; Impending Stockout,16,78.08
FOODS_1_044,12,9.8753,33.6575,5.7683,29.5505,30,10.7,2026-06-18,64.8,High,YES,YES,Urgent,Forecast Shortage; Below Reorder Point; Impending Stockout,30,87.73
FOODS_2_021,32,44.1947,169.2985,37.3977,162.5015,163,5.7,2026-06-13,68.4,High,YES,YES,Emergency,Forecast Shortage; Below Reorder Point; Impending Stockout,163,152.41
FOODS_1_120,3,10.3433,40.5203,17.8183,47.9953,48,2.2,2026-06-10,70.1,High,YES,YES,Emergency,Forecast Shortage; Below Reorder Point; Impending Stockout,48,93.09
FOODS_2_051,12,11.3144,42.6401,7.513399999999997,38.839099999999995,39,8.4,2026-06-16,65.9,High,YES,YES,Urgent,Forecast Shortage; Below Reorder Point; Impending Stockout,39,97.5
FOODS_2_138,4,14.1086,50.9292,19.6936,56.5142,57,2.4,2026-06-10,70.1,High,YES,YES,Emergency,Forecast Shortage; Below Reorder Point; Impending Stockout,57,108.98
HOUSEHOLD_1_522,13,7.8263,29.5484,3.976300000000002,25.6984,26,13.2,2026-06-21,56.1,Medium,YES,YES,Urgent,Forecast Shortage; Below Reorder Point; Impending Stockout,26,46.71
FOODS_1_127,6,8.1537,29.9007,9.7377,31.484700000000004,31,6.0,2026-06-14,62.1,High,YES,YES,Emergency,Forecast Shortage; Below Reorder Point; Impending Stockout,31,65.02
HOUSEHOLD_1_083,31,21.2618,72.93599999999999,6.468800000000002,58.143,58,12.8,2026-06-20,53.4,Medium,YES,YES,Urgent,Forecast Shortage; Below Reorder Point; Impending Stockout,58,56.43
FOODS_2_283,24,11.1914,37.7152,4.974400000000003,31.498200000000004,31,19.1,2026-06-27,62.1,High,YES,YES,Planned,Forecast Shortage; Below Reorder Point,31,45.26
FOODS_2_189,4,10.0531,36.4932,14.1981,40.6382,41,3.3,2026-06-11,70.1,High,YES,YES,Emergency,Forecast Shortage; Below Reorder Point; Impending Stockout,41,102.5
FOODS_2_294,19,20.5505,71.0762,21.731499999999997,72.2572,72,8.0,2026-06-16,70.0,High,YES,YES,Urgent,Forecast Shortage; Below Reorder Point; Impending Stockout,72,75.45
HOUSEHOLD_1_337,5,3.2331,13.0212,2.3430999999999997,12.1312,12,11.5,2026-06-19,64.4,High,YES,YES,Urgent,Forecast Shortage; Below Reorder Point; Impending Stockout,12,59.64
FOODS_1_167,6,3.804,14.4076,2.4499999999999993,13.0536,13,12.5,2026-06-20,63.9,High,YES,YES,Urgent,Forecast Shortage; Below Reorder Point; Impending Stockout,13,62.93
FOODS_2_220,12,12.2823,43.5409,10.822299999999998,42.0809,42,8.3,2026-06-16,67.8,High,YES,YES,Urgent,Forecast Shortage; Below Reorder Point; Impending Stockout,42,85.34
FOODS_1_208,14,10.9971,42.3784,8.033099999999997,39.4144,39,9.9,2026-06-17,66.0,High,YES,YES,Urgent,Forecast Shortage; Below Reorder Point; Impending Stockout,39,75.3
HOUSEHOLD_1_528,9,5.444599999999999,20.3506,2.2505999999999986,17.1566,17,13.3,2026-06-21,61.9,High,YES,YES,Urgent,Forecast Shortage; Below Reorder Point; Impending Stockout,17,50.49
HOUSEHOLD_1_017,6,5.9946,19.0607,5.0136,18.079700000000003,18,9.4,2026-06-17,66.1,High,YES,YES,Urgent,Forecast Shortage; Below Reorder Point; Impending Stockout,18,88.96
FOODS_1_027,16,11.1526,38.4086,8.3006,35.5566,36,12.5,2026-06-20,66.7,High,YES,YES,Urgent,Forecast Shortage; Below Reorder Point; Impending Stockout,36,69.44
FOODS_2_146,12,9.4582,34.7153,5.9731999999999985,31.2303,31,10.4,2026-06-18,64.8,High,YES,YES,Urgent,Forecast Shortage; Below Reorder Point; Impending Stockout,31,60.54
FOODS_2_340,10,5.4584,20.0096,2.0894000000000013,16.6406,17,15.0,2026-06-23,62.5,High,YES,YES,Planned,Forecast Shortage; Below Reorder Point,17,50.66
HOUSEHOLD_1_251,22,7.5126,27.8162,-8.589400000000001,11.714199999999998,12,23.7,2026-07-01,32.7,Low,NO,NO,Planned,Forecast Shortage,12,23.76
FOODS_1_184,24,11.9131,46.8324,3.3061000000000007,38.2254,38,15.4,2026-06-23,61.8,High,YES,YES,Planned,Forecast Shortage; Below Reorder Point,38,38.0
FOODS_2_356,4,8.2182,30.1866,11.438199999999998,33.4066,33,4.0,2026-06-12,70.1,High,YES,YES,Emergency,Forecast Shortage; Below Reorder Point; Impending Stockout,33,82.5
FOODS_2_174,9,7.5672999999999995,31.025199999999998,7.0383,30.4962,30,8.7,2026-06-16,67.6,High,YES,YES,Urgent,Forecast Shortage; Below Reorder Point; Impending Stockout,30,83.54
FOODS_2_297,6,4.1800999999999995,14.9276,3.7840999999999987,14.531600000000001,15,12.1,2026-06-20,67.8,High,YES,YES,Urgent,Forecast Shortage; Below Reorder Point; Impending Stockout,15,54.01
HOUSEHOLD_1_353,6,5.257499999999999,19.2135,4.124499999999999,18.0805,18,9.4,2026-06-17,65.7,High,YES,YES,Urgent,Forecast Shortage; Below Reorder Point; Impending Stockout,18,61.92
FOODS_2_003,5,5.6104,20.1982,12.098399999999998,26.6862,27,7.4,2026-06-15,70.2,High,YES,YES,Urgent,Forecast Shortage; Below Reorder Point; Impending Stockout,27,61.15
FOODS_2_218,6,4.905,17.72,3.6310000000000002,16.445999999999998,16,10.2,2026-06-18,64.3,High,YES,YES,Urgent,Forecast Shortage; Below Reorder Point; Impending Stockout,16,62.7
FOODS_1_013,18,10.1415,36.3974,1.9834999999999994,28.239399999999996,28,14.8,2026-06-22,52.0,Medium,YES,YES,Planned,Forecast Shortage; Below Reorder Point,28,41.94
FOODS_1_134,10,8.278,34.3667,5.996,32.0847,32,8.7,2026-06-16,66.3,High,YES,YES,Urgent,Forecast Shortage; Below Reorder Point; Impending Stockout,32,63.36
FOODS_1_028,7,8.408999999999999,26.9649,9.134,27.6899,28,7.8,2026-06-15,70.2,High,YES,YES,Urgent,Forecast Shortage; Below Reorder Point; Impending Stockout,28,81.88
FOODS_2_092,7,3.0559,12.5518,1.6509,11.146799999999999,11,16.7,2026-06-24,62.6,High,YES,YES,Planned,Forecast Shortage; Below Reorder Point,11,39.58
FOODS_2_245,8,5.0769,19.4166,2.8858999999999995,17.2256,17,12.4,2026-06-20,63.4,High,YES,YES,Urgent,Forecast Shortage; Below Reorder Point; Impending Stockout,17,50.66
HOUSEHOLD_1_372,13,7.6791,28.974,0.9061000000000003,22.201,22,13.5,2026-06-21,51.4,Medium,YES,YES,Urgent,Forecast Shortage; Below Reorder Point; Impending Stockout,22,43.34
HOUSEHOLD_1_101,4,8.2482,29.687,10.164200000000001,31.603,32,4.0,2026-06-12,62.1,High,YES,YES,Emergency,Forecast Shortage; Below Reorder Point; Impending Stockout,32,75.84
FOODS_1_158,5,3.6799,12.7659,2.6978999999999997,11.7839,12,11.8,2026-06-19,65.0,High,YES,YES,Urgent,Forecast Shortage; Below Reorder Point; Impending Stockout,12,55.78
HOUSEHOLD_1_147,25,16.0456,61.5054,2.546599999999998,48.0064,48,12.2,2026-06-20,52.8,Medium,YES,YES,Urgent,Forecast Shortage; Below Reorder Point; Impending Stockout,48,47.81
HOUSEHOLD_1_008,4,2.7004,11.3489,2.1004000000000005,10.7489,11,10.6,2026-06-18,65.8,High,YES,YES,Urgent,Forecast Shortage; Below Reorder Point; Impending Stockout,11,60.17
FOODS_2_289,9,8.7273,29.0766,6.943300000000001,27.2926,27,9.3,2026-06-17,66.0,High,YES,YES,Urgent,Forecast Shortage; Below Reorder Point; Impending Stockout,27,67.5
FOODS_2_237,8,8.8418,32.5559,6.982799999999999,30.6969,31,7.4,2026-06-15,67.1,High,YES,YES,Urgent,Forecast Shortage; Below Reorder Point; Impending Stockout,31,77.5
FOODS_2_225,4,11.4423,41.7839,13.9693,44.310900000000004,44,2.9,2026-06-10,70.1,High,YES,YES,Emergency,Forecast Shortage; Below Reorder Point; Impending Stockout,44,110.0
FOODS_1_146,13,8.544599999999999,30.7297,1.6605999999999987,23.8457,24,12.7,2026-06-20,52.3,Medium,YES,YES,Urgent,Forecast Shortage; Below Reorder Point; Impending Stockout,24,53.76
FOODS_2_177,3,5.4005,20.2623,10.6065,25.4683,25,4.4,2026-06-12,70.2,High,YES,YES,Emergency,Forecast Shortage; Below Reorder Point; Impending Stockout,25,82.25
HOUSEHOLD_1_215,12,6.3168,24.0715,0.09779999999999944,17.8525,18,15.0,2026-06-23,50.8,Medium,YES,YES,Planned,Forecast Shortage; Below Reorder Point,18,40.32
FOODS_1_113,25,17.5233,60.8214,13.696299999999994,56.9944,57,12.3,2026-06-20,67.0,High,YES,YES,Urgent,Forecast Shortage; Below Reorder Point; Impending Stockout,57,55.86
FOODS_2_058,5,2.4077,10.6649,1.2337000000000007,9.4909,9,14.1,2026-06-22,61.0,High,YES,YES,Planned,Forecast Shortage; Below Reorder Point,9,45.56
FOODS_2_257,21,11.2177,41.3044,5.099699999999999,35.1864,35,15.3,2026-06-23,63.2,High,YES,YES,Planned,Forecast Shortage; Below Reorder Point,35,35.0
HOUSEHOLD_1_430,4,24.356,103.0353,42.719,121.3983,121,1.2,2026-06-09,70.2,High,YES,YES,Emergency,Forecast Shortage; Below Reorder Point; Impending Stockout,121,117.56
FOODS_2_385,7,11.2982,39.825,10.7242,39.251000000000005,39,5.3,2026-06-13,68.3,High,YES,YES,Emergency,Forecast Shortage; Below Reorder Point; Impending Stockout,39,96.68
HOUSEHOLD_1_247,30,14.4498,57.244,-7.298200000000001,35.495999999999995,35,15.7,2026-06-23,40.1,Medium,NO,YES,Planned,Forecast Shortage,35,33.95
FOODS_2_125,8,5.1798,19.8078,2.6868,17.314799999999998,17,12.1,2026-06-20,62.8,High,YES,YES,Urgent,Forecast Shortage; Below Reorder Point; Impending Stockout,17,44.41
FOODS_2_107,8,7.284800000000001,27.1483,5.927800000000001,25.7913,26,8.8,2026-06-16,67.0,High,YES,YES,Urgent,Forecast Shortage; Below Reorder Point; Impending Stockout,26,52.79
FOODS_2_108,6,4.9961,16.417,3.7521000000000004,15.173000000000002,15,11.0,2026-06-19,64.6,High,YES,YES,Urgent,Forecast Shortage; Below Reorder Point; Impending Stockout,15,47.7
HOUSEHOLD_1_114,5,15.800699999999999,59.2579,24.1657,67.6229,68,2.5,2026-06-10,62.0,High,YES,YES,Emergency,Forecast Shortage; Below Reorder Point; Impending Stockout,68,65.96
FOODS_1_066,14,12.7326,47.7789,9.244599999999998,44.2909,44,8.8,2026-06-16,66.2,High,YES,YES,Urgent,Forecast Shortage; Below Reorder Point; Impending Stockout,44,59.84
FOODS_1_032,20,25.180799999999998,105.6448,23.6988,104.1628,104,5.7,2026-06-13,69.1,High,YES,YES,Emergency,Forecast Shortage; Below Reorder Point; Impending Stockout,104,101.92
HOUSEHOLD_1_295,6,4.7761,16.7884,3.5330999999999992,15.5454,16,10.7,2026-06-18,66.1,High,YES,YES,Urgent,Forecast Shortage; Below Reorder Point; Impending Stockout,16,47.68
HOUSEHOLD_1_025,6,4.1564,15.27,2.6533999999999995,13.767,14,11.8,2026-06-19,64.5,High,YES,YES,Urgent,Forecast Shortage; Below Reorder Point; Impending Stockout,14,41.72
FOODS_2_330,4,3.1053,11.1682,3.103300000000001,11.1662,11,10.7,2026-06-18,66.3,High,YES,YES,Urgent,Forecast Shortage; Below Reorder Point; Impending Stockout,11,45.92
HOUSEHOLD_1_305,5,4.2318999999999996,15.5716,5.677899999999999,17.0176,17,9.6,2026-06-17,70.2,High,YES,YES,Urgent,Forecast Shortage; Below Reorder Point; Impending Stockout,17,50.49
FOODS_1_017,9,8.7599,35.4641,9.219900000000003,35.9241,36,7.6,2026-06-15,69.7,High,YES,YES,Urgent,Forecast Shortage; Below Reorder Point; Impending Stockout,36,79.42
FOODS_2_199,24,11.544,45.6469,-2.1799999999999997,31.9229,32,15.8,2026-06-23,49.5,Medium,NO,YES,Planned,Forecast Shortage,32,32.0
HOUSEHOLD_1_170,9,7.2293,27.65,3.8413000000000004,24.262,24,9.8,2026-06-17,63.6,High,YES,YES,Urgent,Forecast Shortage; Below Reorder Point; Impending Stockout,24,47.13
HOUSEHOLD_1_393,7,6.7932,25.9875,5.697199999999999,24.8915,25,8.1,2026-06-16,67.1,High,YES,YES,Urgent,Forecast Shortage; Below Reorder Point; Impending Stockout,25,49.38
HOUSEHOLD_1_403,4,3.7557,13.8711,3.2627000000000006,13.3781,13,8.7,2026-06-16,65.1,High,YES,YES,Urgent,Forecast Shortage; Below Reorder Point; Impending Stockout,13,51.12
HOUSEHOLD_1_065,16,7.5866,31.3267,5.2806,29.020699999999998,29,15.3,2026-06-23,66.0,High,YES,YES,Planned,Forecast Shortage; Below Reorder Point,29,28.42
FOODS_2_072,4,4.5265,16.7978,5.987500000000001,18.2588,18,7.1,2026-06-15,70.2,High,YES,YES,Urgent,Forecast Shortage; Below Reorder Point; Impending Stockout,18,48.98
FOODS_2_319,5,4.5099,15.6184,4.735900000000001,15.8444,16,9.6,2026-06-17,68.7,High,YES,YES,Urgent,Forecast Shortage; Below Reorder Point; Impending Stockout,16,44.57
FOODS_1_132,9,5.5324,21.7818,4.1714,20.4208,20,12.4,2026-06-20,65.2,High,YES,YES,Urgent,Forecast Shortage; Below Reorder Point; Impending Stockout,20,38.61
HOUSEHOLD_1_474,17,11.5322,44.4673,5.5242,38.4593,38,11.5,2026-06-19,55.5,Medium,YES,YES,Urgent,Forecast Shortage; Below Reorder Point; Impending Stockout,38,36.86
HOUSEHOLD_1_149,15,10.102,41.0098,8.636000000000003,39.5438,40,11.0,2026-06-19,68.2,High,YES,YES,Urgent,Forecast Shortage; Below Reorder Point; Impending Stockout,40,38.8
HOUSEHOLD_1_097,3,2.6285,10.7594,2.8765,11.0074,11,8.4,2026-06-16,67.6,High,YES,YES,Urgent,Forecast Shortage; Below Reorder Point; Impending Stockout,11,43.67
FOODS_1_019,9,65.2161,276.1731,78.9221,289.8791,290,1.0,2026-06-09,70.3,High,YES,YES,Emergency,Forecast Shortage; Below Reorder Point; Impending Stockout,290,303.94
FOODS_2_273,7,4.4748,17.2641,4.1698,16.9591,17,12.2,2026-06-20,67.4,High,YES,YES,Urgent,Forecast Shortage; Below Reorder Point; Impending Stockout,17,46.36
HOUSEHOLD_1_503,15,8.1722,29.7099,0.8702000000000005,22.407899999999998,22,15.1,2026-06-23,50.7,Medium,YES,YES,Planned,Forecast Shortage; Below Reorder Point,22,23.9
FOODS_2_394,3,3.3108,13.3627,5.2118,15.2637,15,6.7,2026-06-14,70.2,High,YES,YES,Emergency,Forecast Shortage; Below Reorder Point; Impending Stockout,15,43.57
HOUSEHOLD_1_279,16,10.2381,40.6064,6.746099999999998,37.1144,37,11.8,2026-06-19,65.7,High,YES,YES,Urgent,Forecast Shortage; Below Reorder Point; Impending Stockout,37,35.89
HOUSEHOLD_1_461,18,8.6763,35.3418,-1.7497000000000007,24.915799999999997,25,15.3,2026-06-23,49.6,Medium,YES,YES,Planned,Forecast Shortage; Below Reorder Point,25,24.25
HOUSEHOLD_1_360,4,2.5325,10.314,1.7874999999999996,9.568999999999999,10,11.6,2026-06-19,65.5,High,YES,YES,Urgent,Forecast Shortage; Below Reorder Point; Impending Stockout,10,39.61
FOODS_2_132,3,4.0665,13.9732,5.625499999999999,15.5322,16,6.4,2026-06-14,70.2,High,YES,YES,Emergency,Forecast Shortage; Below Reorder Point; Impending Stockout,16,43.61
FOODS_2_358,6,4.123,14.7997,3.428000000000001,14.104700000000001,14,12.2,2026-06-20,65.6,High,YES,YES,Urgent,Forecast Shortage; Below Reorder Point; Impending Stockout,14,35.0
FOODS_2_240,7,6.1457,21.3056,6.0457,21.205599999999997,21,9.9,2026-06-17,67.9,High,YES,YES,Urgent,Forecast Shortage; Below Reorder Point; Impending Stockout,21,45.78
FOODS_2_188,1,3.0144,11.0817,6.6864,14.753699999999998,15,2.7,2026-06-10,70.2,High,YES,YES,Emergency,Forecast Shortage; Below Reorder Point; Impending Stockout,15,40.87
FOODS_2_196,4,2.1184000000000003,9.0082,1.3544,8.244200000000001,8,13.3,2026-06-21,62.2,High,YES,YES,Urgent,Forecast Shortage; Below Reorder Point; Impending Stockout,8,31.34
FOODS_2_260,5,3.6777,12.0637,3.0867000000000004,11.4727,11,12.4,2026-06-20,63.9,High,YES,YES,Urgent,Forecast Shortage; Below Reorder Point; Impending Stockout,11,29.96
FOODS_2_156,10,6.0702,21.8217,3.1592000000000002,18.9107,19,13.7,2026-06-21,63.4,High,YES,YES,Urgent,Forecast Shortage; Below Reorder Point; Impending Stockout,19,27.83
FOODS_1_138,4,7.4783,23.4004,9.3083,25.230400000000003,25,5.1,2026-06-13,70.3,High,YES,YES,Emergency,Forecast Shortage; Below Reorder Point; Impending Stockout,25,65.47
FOODS_1_204,15,10.1207,32.7763,9.3277,31.9833,32,13.7,2026-06-21,68.1,High,YES,YES,Urgent,Forecast Shortage; Below Reorder Point; Impending Stockout,32,31.36
HOUSEHOLD_1_379,9,7.2922,29.5347,9.581199999999999,31.823700000000002,32,9.1,2026-06-17,70.1,High,YES,YES,Urgent,Forecast Shortage; Below Reorder Point; Impending Stockout,32,31.04
FOODS_1_052,15,10.268,36.8491,2.463000000000001,29.0441,29,12.2,2026-06-20,52.7,Medium,YES,YES,Urgent,Forecast Shortage; Below Reorder Point; Impending Stockout,29,28.42
HOUSEHOLD_1_230,1,2.0238,9.053,4.3658,11.395000000000001,11,3.3,2026-06-11,70.2,High,YES,YES,Emergency,Forecast Shortage; Below Reorder Point; Impending Stockout,11,36.08
HOUSEHOLD_1_475,4,3.2357,12.5776,2.6977,12.0396,12,9.5,2026-06-17,65.5,High,YES,YES,Urgent,Forecast Shortage; Below Reorder Point; Impending Stockout,12,32.04
FOODS_1_176,4,2.4209,8.9491,1.9348999999999998,8.463099999999999,8,13.4,2026-06-21,62.4,High,YES,YES,Urgent,Forecast Shortage; Below Reorder Point; Impending Stockout,8,27.42
FOODS_1_102,7,4.6837,15.8985,3.7996999999999996,15.014499999999998,15,13.2,2026-06-21,65.7,High,YES,YES,Urgent,Forecast Shortage; Below Reorder Point; Impending Stockout,15,26.7
HOUSEHOLD_1_424,4,2.1994,9.1333,1.0793999999999997,8.013300000000001,8,13.1,2026-06-21,61.8,High,YES,YES,Urgent,Forecast Shortage; Below Reorder Point; Impending Stockout,8,23.76
