item_id,supplier_id,supplier_type,supplier_price,lead_time_days,reliability_score,quality_score,fill_rate,risk_score,capacity_units
FOODS_2_197,SUP005,Balanced,3.5,8,88,80,90,24,7000
FOODS_2_197,SUP003,Balanced,3.55,10,84,81,87,20,7000
FOODS_2_197,SUP002,Strategic,3.77,9,97,94,95,7,10000
FOODS_2_197,SUP001,Strategic,3.94,10,97,94,98,11,10000
FOODS_2_019,SUP002,Strategic,3.68,9,97,94,95,7,10000
FOODS_2_019,SUP003,Balanced,3.35,10,84,81,87,20,7000
FOODS_2_019,SUP010,Emergency,4.46,2,85,83,86,11,3000
FOODS_2_019,SUP005,Balanced,3.36,8,88,80,90,24,7000
HOUSEHOLD_1_032,SUP009,Emergency,15.89,4,91,91,97,12,3000
HOUSEHOLD_1_032,SUP002,Strategic,12.34,9,97,94,95,7,10000
HOUSEHOLD_1_032,SUP010,Emergency,14.35,2,85,83,86,11,3000
HOUSEHOLD_1_032,SUP005,Balanced,10.68,8,88,80,90,24,7000
HOUSEHOLD_1_535,SUP003,Balanced,6.89,10,84,81,87,20,7000
HOUSEHOLD_1_535,SUP005,Balanced,6.91,8,88,80,90,24,7000
HOUSEHOLD_1_535,SUP002,Strategic,7.68,9,97,94,95,7,10000
HOUSEHOLD_1_535,SUP009,Emergency,10.34,4,91,91,97,12,3000
FOODS_2_244,SUP002,Strategic,6.94,9,97,94,95,7,10000
FOODS_2_244,SUP004,Balanced,6.19,6,84,80,91,27,7000
FOODS_2_244,SUP005,Balanced,6.11,8,88,80,90,24,7000
FOODS_2_244,SUP001,Strategic,6.72,10,97,94,98,11,10000
HOUSEHOLD_1_110,SUP005,Balanced,3.61,8,88,80,90,24,7000
HOUSEHOLD_1_110,SUP002,Strategic,4.04,9,97,94,95,7,10000
HOUSEHOLD_1_110,SUP004,Balanced,3.61,6,84,80,91,27,7000
HOUSEHOLD_1_110,SUP010,Emergency,5.31,2,85,83,86,11,3000
FOODS_2_276,SUP009,Emergency,4.91,4,91,91,97,12,3000
FOODS_2_276,SUP003,Balanced,3.48,10,84,81,87,20,7000
FOODS_2_276,SUP001,Strategic,3.8,10,97,94,98,11,10000
FOODS_2_276,SUP002,Strategic,3.92,9,97,94,95,7,10000
FOODS_2_052,SUP001,Strategic,16.21,10,97,94,98,11,10000
FOODS_2_052,SUP005,Balanced,13.8,8,88,80,90,24,7000
FOODS_2_052,SUP004,Balanced,14.13,6,84,80,91,27,7000
FOODS_2_052,SUP002,Strategic,15.56,9,97,94,95,7,10000
HOUSEHOLD_1_053,SUP005,Balanced,15.73,8,88,80,90,24,7000
HOUSEHOLD_1_053,SUP001,Strategic,17.15,10,97,94,98,11,10000
HOUSEHOLD_1_053,SUP002,Strategic,16.13,9,97,94,95,7,10000
HOUSEHOLD_1_053,SUP009,Emergency,21.12,4,91,91,97,12,3000
HOUSEHOLD_1_106,SUP002,Strategic,9.7,9,97,94,95,7,10000
HOUSEHOLD_1_106,SUP003,Balanced,9.41,10,84,81,87,20,7000
HOUSEHOLD_1_106,SUP005,Balanced,9.13,8,88,80,90,24,7000
HOUSEHOLD_1_106,SUP010,Emergency,12.38,2,85,83,86,11,3000
HOUSEHOLD_1_272,SUP009,Emergency,14.2,4,91,91,97,12,3000
HOUSEHOLD_1_272,SUP001,Strategic,11.66,10,97,94,98,11,10000
HOUSEHOLD_1_272,SUP010,Emergency,14.23,2,85,83,86,11,3000
HOUSEHOLD_1_272,SUP005,Balanced,9.94,8,88,80,90,24,7000
HOUSEHOLD_1_096,SUP003,Balanced,3.87,10,84,81,87,20,7000
HOUSEHOLD_1_096,SUP010,Emergency,5.14,2,85,83,86,11,3000
HOUSEHOLD_1_096,SUP009,Emergency,5.32,4,91,91,97,12,3000
HOUSEHOLD_1_096,SUP005,Balanced,3.61,8,88,80,90,24,7000
HOUSEHOLD_1_514,SUP003,Balanced,3.78,10,84,81,87,20,7000
HOUSEHOLD_1_514,SUP010,Emergency,5.46,2,85,83,86,11,3000
HOUSEHOLD_1_514,SUP005,Balanced,3.69,8,88,80,90,24,7000
HOUSEHOLD_1_514,SUP004,Balanced,3.65,6,84,80,91,27,7000
HOUSEHOLD_1_494,SUP001,Strategic,9.06,10,97,94,98,11,10000
HOUSEHOLD_1_494,SUP009,Emergency,11.82,4,91,91,97,12,3000
HOUSEHOLD_1_494,SUP005,Balanced,7.95,8,88,80,90,24,7000
HOUSEHOLD_1_494,SUP003,Balanced,8.34,10,84,81,87,20,7000
FOODS_2_131,SUP002,Strategic,6.57,9,97,94,95,7,10000
FOODS_2_131,SUP004,Balanced,5.84,6,84,80,91,27,7000
FOODS_2_131,SUP001,Strategic,6.64,10,97,94,98,11,10000
FOODS_2_131,SUP005,Balanced,6.09,8,88,80,90,24,7000
FOODS_2_347,SUP009,Emergency,2.9,4,91,91,97,12,3000
FOODS_2_347,SUP001,Strategic,2.43,10,97,94,98,11,10000
FOODS_2_347,SUP005,Balanced,2.01,8,88,80,90,24,7000
FOODS_2_347,SUP002,Strategic,2.35,9,97,94,95,7,10000
HOUSEHOLD_1_497,SUP009,Emergency,21.37,4,91,91,97,12,3000
HOUSEHOLD_1_497,SUP004,Balanced,15.41,6,84,80,91,27,7000
HOUSEHOLD_1_497,SUP005,Balanced,15.65,8,88,80,90,24,7000
HOUSEHOLD_1_497,SUP003,Balanced,15.25,10,84,81,87,20,7000
FOODS_2_349,SUP003,Balanced,6.47,10,84,81,87,20,7000
FOODS_2_349,SUP010,Emergency,8.74,2,85,83,86,11,3000
FOODS_2_349,SUP009,Emergency,8.7,4,91,91,97,12,3000
FOODS_2_349,SUP005,Balanced,6.26,8,88,80,90,24,7000
FOODS_2_183,SUP005,Balanced,9.39,8,88,80,90,24,7000
FOODS_2_183,SUP002,Strategic,10.43,9,97,94,95,7,10000
FOODS_2_183,SUP004,Balanced,8.99,6,84,80,91,27,7000
FOODS_2_183,SUP003,Balanced,9.64,10,84,81,87,20,7000
HOUSEHOLD_1_066,SUP005,Balanced,3.11,8,88,80,90,24,7000
HOUSEHOLD_1_066,SUP009,Emergency,4.2,4,91,91,97,12,3000
HOUSEHOLD_1_066,SUP002,Strategic,3.28,9,97,94,95,7,10000
HOUSEHOLD_1_066,SUP010,Emergency,4.33,2,85,83,86,11,3000
HOUSEHOLD_1_409,SUP003,Balanced,3.09,10,84,81,87,20,7000
HOUSEHOLD_1_409,SUP001,Strategic,3.34,10,97,94,98,11,10000
HOUSEHOLD_1_409,SUP004,Balanced,3.04,6,84,80,91,27,7000
HOUSEHOLD_1_409,SUP010,Emergency,4.01,2,85,83,86,11,3000
FOODS_2_029,SUP010,Emergency,14.35,2,85,83,86,11,3000
FOODS_2_029,SUP002,Strategic,11.82,9,97,94,95,7,10000
FOODS_2_029,SUP009,Emergency,15.14,4,91,91,97,12,3000
FOODS_2_029,SUP001,Strategic,12.16,10,97,94,98,11,10000
HOUSEHOLD_1_165,SUP001,Strategic,21.06,10,97,94,98,11,10000
HOUSEHOLD_1_165,SUP004,Balanced,18.54,6,84,80,91,27,7000
HOUSEHOLD_1_165,SUP002,Strategic,19.98,9,97,94,95,7,10000
HOUSEHOLD_1_165,SUP003,Balanced,18.55,10,84,81,87,20,7000
HOUSEHOLD_1_140,SUP009,Emergency,20.67,4,91,91,97,12,3000
HOUSEHOLD_1_140,SUP002,Strategic,17.03,9,97,94,95,7,10000
HOUSEHOLD_1_140,SUP003,Balanced,14.96,10,84,81,87,20,7000
HOUSEHOLD_1_140,SUP010,Emergency,21.87,2,85,83,86,11,3000
FOODS_1_170,SUP001,Strategic,6.12,10,97,94,98,11,10000
FOODS_1_170,SUP004,Balanced,5.81,6,84,80,91,27,7000
FOODS_1_170,SUP003,Balanced,5.65,10,84,81,87,20,7000
FOODS_1_170,SUP002,Strategic,6.47,9,97,94,95,7,10000
FOODS_2_293,SUP002,Strategic,4.56,9,97,94,95,7,10000
FOODS_2_293,SUP005,Balanced,4.31,8,88,80,90,24,7000
FOODS_2_293,SUP010,Emergency,5.65,2,85,83,86,11,3000
FOODS_2_293,SUP009,Emergency,5.77,4,91,91,97,12,3000
FOODS_1_012,SUP010,Emergency,7.49,2,85,83,86,11,3000
FOODS_1_012,SUP004,Balanced,5.67,6,84,80,91,27,7000
FOODS_1_012,SUP005,Balanced,5.5,8,88,80,90,24,7000
FOODS_1_012,SUP003,Balanced,5.56,10,84,81,87,20,7000
HOUSEHOLD_1_338,SUP005,Balanced,4.07,8,88,80,90,24,7000
HOUSEHOLD_1_338,SUP003,Balanced,4.02,10,84,81,87,20,7000
HOUSEHOLD_1_338,SUP004,Balanced,3.9,6,84,80,91,27,7000
HOUSEHOLD_1_338,SUP001,Strategic,4.74,10,97,94,98,11,10000
HOUSEHOLD_1_072,SUP010,Emergency,11.18,2,85,83,86,11,3000
HOUSEHOLD_1_072,SUP009,Emergency,11.57,4,91,91,97,12,3000
HOUSEHOLD_1_072,SUP005,Balanced,8.31,8,88,80,90,24,7000
HOUSEHOLD_1_072,SUP004,Balanced,8.19,6,84,80,91,27,7000
FOODS_1_004,SUP002,Strategic,2.15,9,97,94,95,7,10000
FOODS_1_004,SUP001,Strategic,2.17,10,97,94,98,11,10000
FOODS_1_004,SUP005,Balanced,1.98,8,88,80,90,24,7000
FOODS_1_004,SUP003,Balanced,1.91,10,84,81,87,20,7000
FOODS_2_222,SUP010,Emergency,3.4,2,85,83,86,11,3000
FOODS_2_222,SUP003,Balanced,2.51,10,84,81,87,20,7000
FOODS_2_222,SUP004,Balanced,2.66,6,84,80,91,27,7000
FOODS_2_222,SUP009,Emergency,3.64,4,91,91,97,12,3000
HOUSEHOLD_1_469,SUP003,Balanced,18.04,10,84,81,87,20,7000
HOUSEHOLD_1_469,SUP002,Strategic,20.39,9,97,94,95,7,10000
HOUSEHOLD_1_469,SUP009,Emergency,24.98,4,91,91,97,12,3000
HOUSEHOLD_1_469,SUP010,Emergency,24.01,2,85,83,86,11,3000
HOUSEHOLD_1_027,SUP010,Emergency,8.2,2,85,83,86,11,3000
HOUSEHOLD_1_027,SUP002,Strategic,6.44,9,97,94,95,7,10000
HOUSEHOLD_1_027,SUP001,Strategic,7.03,10,97,94,98,11,10000
HOUSEHOLD_1_027,SUP005,Balanced,5.78,8,88,80,90,24,7000
FOODS_2_371,SUP003,Balanced,1.98,10,84,81,87,20,7000
FOODS_2_371,SUP010,Emergency,2.78,2,85,83,86,11,3000
FOODS_2_371,SUP005,Balanced,2.06,8,88,80,90,24,7000
FOODS_2_371,SUP001,Strategic,2.23,10,97,94,98,11,10000
FOODS_2_030,SUP009,Emergency,6.64,4,91,91,97,12,3000
FOODS_2_030,SUP003,Balanced,4.7,10,84,81,87,20,7000
FOODS_2_030,SUP005,Balanced,4.43,8,88,80,90,24,7000
FOODS_2_030,SUP004,Balanced,4.74,6,84,80,91,27,7000
HOUSEHOLD_1_347,SUP001,Strategic,9.36,10,97,94,98,11,10000
HOUSEHOLD_1_347,SUP002,Strategic,8.63,9,97,94,95,7,10000
HOUSEHOLD_1_347,SUP004,Balanced,7.75,6,84,80,91,27,7000
HOUSEHOLD_1_347,SUP003,Balanced,8.1,10,84,81,87,20,7000
HOUSEHOLD_1_429,SUP009,Emergency,4.39,4,91,91,97,12,3000
HOUSEHOLD_1_429,SUP003,Balanced,3.06,10,84,81,87,20,7000
HOUSEHOLD_1_429,SUP010,Emergency,3.98,2,85,83,86,11,3000
HOUSEHOLD_1_429,SUP002,Strategic,3.32,9,97,94,95,7,10000
HOUSEHOLD_1_440,SUP003,Balanced,15.31,10,84,81,87,20,7000
HOUSEHOLD_1_440,SUP005,Balanced,15.31,8,88,80,90,24,7000
HOUSEHOLD_1_440,SUP009,Emergency,22.0,4,91,91,97,12,3000
HOUSEHOLD_1_440,SUP002,Strategic,16.02,9,97,94,95,7,10000
HOUSEHOLD_1_310,SUP001,Strategic,8.45,10,97,94,98,11,10000
HOUSEHOLD_1_310,SUP004,Balanced,7.18,6,84,80,91,27,7000
HOUSEHOLD_1_310,SUP005,Balanced,6.83,8,88,80,90,24,7000
HOUSEHOLD_1_310,SUP003,Balanced,6.92,10,84,81,87,20,7000
FOODS_1_087,SUP005,Balanced,5.61,8,88,80,90,24,7000
FOODS_1_087,SUP009,Emergency,7.9,4,91,91,97,12,3000
FOODS_1_087,SUP003,Balanced,5.77,10,84,81,87,20,7000
FOODS_1_087,SUP004,Balanced,5.55,6,84,80,91,27,7000
HOUSEHOLD_1_177,SUP002,Strategic,8.2,9,97,94,95,7,10000
HOUSEHOLD_1_177,SUP001,Strategic,8.49,10,97,94,98,11,10000
HOUSEHOLD_1_177,SUP009,Emergency,9.83,4,91,91,97,12,3000
HOUSEHOLD_1_177,SUP004,Balanced,6.77,6,84,80,91,27,7000
HOUSEHOLD_1_191,SUP004,Balanced,3.18,6,84,80,91,27,7000
HOUSEHOLD_1_191,SUP005,Balanced,2.99,8,88,80,90,24,7000
HOUSEHOLD_1_191,SUP003,Balanced,3.13,10,84,81,87,20,7000
HOUSEHOLD_1_191,SUP001,Strategic,3.73,10,97,94,98,11,10000
FOODS_2_082,SUP005,Balanced,5.81,8,88,80,90,24,7000
FOODS_2_082,SUP004,Balanced,6.16,6,84,80,91,27,7000
FOODS_2_082,SUP001,Strategic,7.07,10,97,94,98,11,10000
FOODS_2_082,SUP003,Balanced,6.41,10,84,81,87,20,7000
FOODS_2_060,SUP003,Balanced,7.81,10,84,81,87,20,7000
FOODS_2_060,SUP002,Strategic,8.98,9,97,94,95,7,10000
FOODS_2_060,SUP010,Emergency,11.27,2,85,83,86,11,3000
FOODS_2_060,SUP009,Emergency,11.89,4,91,91,97,12,3000
FOODS_1_043,SUP005,Balanced,1.97,8,88,80,90,24,7000
FOODS_1_043,SUP009,Emergency,2.74,4,91,91,97,12,3000
FOODS_1_043,SUP010,Emergency,2.76,2,85,83,86,11,3000
FOODS_1_043,SUP003,Balanced,2.05,10,84,81,87,20,7000
HOUSEHOLD_1_410,SUP004,Balanced,4.44,6,84,80,91,27,7000
HOUSEHOLD_1_410,SUP010,Emergency,5.84,2,85,83,86,11,3000
HOUSEHOLD_1_410,SUP002,Strategic,4.96,9,97,94,95,7,10000
HOUSEHOLD_1_410,SUP005,Balanced,4.25,8,88,80,90,24,7000
FOODS_2_101,SUP002,Strategic,7.01,9,97,94,95,7,10000
FOODS_2_101,SUP010,Emergency,8.51,2,85,83,86,11,3000
FOODS_2_101,SUP009,Emergency,8.66,4,91,91,97,12,3000
FOODS_2_101,SUP003,Balanced,6.17,10,84,81,87,20,7000
HOUSEHOLD_1_457,SUP009,Emergency,14.9,4,91,91,97,12,3000
HOUSEHOLD_1_457,SUP002,Strategic,11.61,9,97,94,95,7,10000
HOUSEHOLD_1_457,SUP001,Strategic,12.13,10,97,94,98,11,10000
HOUSEHOLD_1_457,SUP004,Balanced,10.51,6,84,80,91,27,7000
HOUSEHOLD_1_373,SUP001,Strategic,4.01,10,97,94,98,11,10000
HOUSEHOLD_1_373,SUP004,Balanced,3.44,6,84,80,91,27,7000
HOUSEHOLD_1_373,SUP003,Balanced,3.67,10,84,81,87,20,7000
HOUSEHOLD_1_373,SUP009,Emergency,4.89,4,91,91,97,12,3000
FOODS_2_181,SUP005,Balanced,2.1,8,88,80,90,24,7000
FOODS_2_181,SUP003,Balanced,2.14,10,84,81,87,20,7000
FOODS_2_181,SUP009,Emergency,2.88,4,91,91,97,12,3000
FOODS_2_181,SUP010,Emergency,2.72,2,85,83,86,11,3000
HOUSEHOLD_1_304,SUP005,Balanced,2.2,8,88,80,90,24,7000
HOUSEHOLD_1_304,SUP010,Emergency,2.96,2,85,83,86,11,3000
HOUSEHOLD_1_304,SUP004,Balanced,2.22,6,84,80,91,27,7000
HOUSEHOLD_1_304,SUP009,Emergency,3.27,4,91,91,97,12,3000
FOODS_2_056,SUP002,Strategic,7.96,9,97,94,95,7,10000
FOODS_2_056,SUP005,Balanced,7.01,8,88,80,90,24,7000
FOODS_2_056,SUP010,Emergency,10.05,2,85,83,86,11,3000
FOODS_2_056,SUP003,Balanced,7.26,10,84,81,87,20,7000
FOODS_2_342,SUP005,Balanced,5.81,8,88,80,90,24,7000
FOODS_2_342,SUP001,Strategic,6.97,10,97,94,98,11,10000
FOODS_2_342,SUP010,Emergency,7.96,2,85,83,86,11,3000
FOODS_2_342,SUP002,Strategic,6.68,9,97,94,95,7,10000
HOUSEHOLD_1_100,SUP010,Emergency,11.32,2,85,83,86,11,3000
HOUSEHOLD_1_100,SUP003,Balanced,8.44,10,84,81,87,20,7000
HOUSEHOLD_1_100,SUP001,Strategic,9.38,10,97,94,98,11,10000
HOUSEHOLD_1_100,SUP005,Balanced,8.43,8,88,80,90,24,7000
FOODS_2_194,SUP003,Balanced,7.04,10,84,81,87,20,7000
FOODS_2_194,SUP002,Strategic,7.92,9,97,94,95,7,10000
FOODS_2_194,SUP009,Emergency,10.43,4,91,91,97,12,3000
FOODS_2_194,SUP005,Balanced,6.98,8,88,80,90,24,7000
HOUSEHOLD_1_068,SUP004,Balanced,7.08,6,84,80,91,27,7000
HOUSEHOLD_1_068,SUP002,Strategic,8.18,9,97,94,95,7,10000
HOUSEHOLD_1_068,SUP001,Strategic,8.15,10,97,94,98,11,10000
HOUSEHOLD_1_068,SUP003,Balanced,7.29,10,84,81,87,20,7000
FOODS_1_055,SUP003,Balanced,4.48,10,84,81,87,20,7000
FOODS_1_055,SUP010,Emergency,5.57,2,85,83,86,11,3000
FOODS_1_055,SUP004,Balanced,4.12,6,84,80,91,27,7000
FOODS_1_055,SUP002,Strategic,4.88,9,97,94,95,7,10000
FOODS_1_218,SUP005,Balanced,1.01,8,88,80,90,24,7000
FOODS_1_218,SUP003,Balanced,1.0,10,84,81,87,20,7000
FOODS_1_218,SUP002,Strategic,1.07,9,97,94,95,7,10000
FOODS_1_218,SUP001,Strategic,1.12,10,97,94,98,11,10000
HOUSEHOLD_1_040,SUP009,Emergency,6.56,4,91,91,97,12,3000
HOUSEHOLD_1_040,SUP002,Strategic,5.2,9,97,94,95,7,10000
HOUSEHOLD_1_040,SUP003,Balanced,4.86,10,84,81,87,20,7000
HOUSEHOLD_1_040,SUP010,Emergency,6.7,2,85,83,86,11,3000
HOUSEHOLD_1_473,SUP004,Balanced,2.18,6,84,80,91,27,7000
HOUSEHOLD_1_473,SUP009,Emergency,3.18,4,91,91,97,12,3000
HOUSEHOLD_1_473,SUP002,Strategic,2.54,9,97,94,95,7,10000
HOUSEHOLD_1_473,SUP001,Strategic,2.43,10,97,94,98,11,10000
FOODS_1_110,SUP010,Emergency,2.69,2,85,83,86,11,3000
FOODS_1_110,SUP005,Balanced,2.02,8,88,80,90,24,7000
FOODS_1_110,SUP004,Balanced,1.96,6,84,80,91,27,7000
FOODS_1_110,SUP001,Strategic,2.37,10,97,94,98,11,10000
FOODS_2_233,SUP004,Balanced,4.68,6,84,80,91,27,7000
FOODS_2_233,SUP009,Emergency,6.54,4,91,91,97,12,3000
FOODS_2_233,SUP001,Strategic,5.0,10,97,94,98,11,10000
FOODS_2_233,SUP010,Emergency,5.98,2,85,83,86,11,3000
HOUSEHOLD_1_038,SUP009,Emergency,7.71,4,91,91,97,12,3000
HOUSEHOLD_1_038,SUP002,Strategic,5.87,9,97,94,95,7,10000
HOUSEHOLD_1_038,SUP003,Balanced,5.53,10,84,81,87,20,7000
HOUSEHOLD_1_038,SUP004,Balanced,5.5,6,84,80,91,27,7000
FOODS_2_184,SUP004,Balanced,4.94,6,84,80,91,27,7000
FOODS_2_184,SUP003,Balanced,4.98,10,84,81,87,20,7000
FOODS_2_184,SUP002,Strategic,5.39,9,97,94,95,7,10000
FOODS_2_184,SUP001,Strategic,5.63,10,97,94,98,11,10000
FOODS_1_099,SUP009,Emergency,1.46,4,91,91,97,12,3000
FOODS_1_099,SUP003,Balanced,0.97,10,84,81,87,20,7000
FOODS_1_099,SUP001,Strategic,1.12,10,97,94,98,11,10000
FOODS_1_099,SUP002,Strategic,1.05,9,97,94,95,7,10000
FOODS_2_241,SUP001,Strategic,2.87,10,97,94,98,11,10000
FOODS_2_241,SUP004,Balanced,2.52,6,84,80,91,27,7000
FOODS_2_241,SUP009,Emergency,3.31,4,91,91,97,12,3000
FOODS_2_241,SUP005,Balanced,2.48,8,88,80,90,24,7000
FOODS_2_173,SUP003,Balanced,9.01,10,84,81,87,20,7000
FOODS_2_173,SUP010,Emergency,12.11,2,85,83,86,11,3000
FOODS_2_173,SUP004,Balanced,8.64,6,84,80,91,27,7000
FOODS_2_173,SUP002,Strategic,9.92,9,97,94,95,7,10000
FOODS_2_299,SUP001,Strategic,2.36,10,97,94,98,11,10000
FOODS_2_299,SUP009,Emergency,2.98,4,91,91,97,12,3000
FOODS_2_299,SUP004,Balanced,2.14,6,84,80,91,27,7000
FOODS_2_299,SUP005,Balanced,2.05,8,88,80,90,24,7000
HOUSEHOLD_1_249,SUP009,Emergency,11.15,4,91,91,97,12,3000
HOUSEHOLD_1_249,SUP005,Balanced,8.4,8,88,80,90,24,7000
HOUSEHOLD_1_249,SUP004,Balanced,8.05,6,84,80,91,27,7000
HOUSEHOLD_1_249,SUP001,Strategic,9.08,10,97,94,98,11,10000
HOUSEHOLD_1_539,SUP003,Balanced,4.16,10,84,81,87,20,7000
HOUSEHOLD_1_539,SUP004,Balanced,3.91,6,84,80,91,27,7000
HOUSEHOLD_1_539,SUP001,Strategic,4.44,10,97,94,98,11,10000
HOUSEHOLD_1_539,SUP009,Emergency,5.54,4,91,91,97,12,3000
HOUSEHOLD_1_169,SUP002,Strategic,3.43,9,97,94,95,7,10000
HOUSEHOLD_1_169,SUP009,Emergency,4.28,4,91,91,97,12,3000
HOUSEHOLD_1_169,SUP001,Strategic,3.6,10,97,94,98,11,10000
HOUSEHOLD_1_169,SUP005,Balanced,3.01,8,88,80,90,24,7000
FOODS_1_085,SUP004,Balanced,0.98,6,84,80,91,27,7000
FOODS_1_085,SUP009,Emergency,1.35,4,91,91,97,12,3000
FOODS_1_085,SUP002,Strategic,1.1,9,97,94,95,7,10000
FOODS_1_085,SUP001,Strategic,1.15,10,97,94,98,11,10000
HOUSEHOLD_1_292,SUP010,Emergency,9.24,2,85,83,86,11,3000
HOUSEHOLD_1_292,SUP003,Balanced,6.39,10,84,81,87,20,7000
HOUSEHOLD_1_292,SUP005,Balanced,6.75,8,88,80,90,24,7000
HOUSEHOLD_1_292,SUP001,Strategic,7.66,10,97,94,98,11,10000
HOUSEHOLD_1_294,SUP002,Strategic,2.21,9,97,94,95,7,10000
HOUSEHOLD_1_294,SUP004,Balanced,2.1,6,84,80,91,27,7000
HOUSEHOLD_1_294,SUP001,Strategic,2.41,10,97,94,98,11,10000
HOUSEHOLD_1_294,SUP005,Balanced,1.97,8,88,80,90,24,7000
HOUSEHOLD_1_541,SUP001,Strategic,8.13,10,97,94,98,11,10000
HOUSEHOLD_1_541,SUP005,Balanced,7.25,8,88,80,90,24,7000
HOUSEHOLD_1_541,SUP003,Balanced,6.89,10,84,81,87,20,7000
HOUSEHOLD_1_541,SUP004,Balanced,6.9,6,84,80,91,27,7000
FOODS_2_078,SUP004,Balanced,10.0,6,84,80,91,27,7000
FOODS_2_078,SUP002,Strategic,11.18,9,97,94,95,7,10000
FOODS_2_078,SUP001,Strategic,11.3,10,97,94,98,11,10000
FOODS_2_078,SUP005,Balanced,9.82,8,88,80,90,24,7000
HOUSEHOLD_1_050,SUP010,Emergency,5.09,2,85,83,86,11,3000
HOUSEHOLD_1_050,SUP009,Emergency,5.34,4,91,91,97,12,3000
HOUSEHOLD_1_050,SUP001,Strategic,4.21,10,97,94,98,11,10000
HOUSEHOLD_1_050,SUP003,Balanced,4.02,10,84,81,87,20,7000
HOUSEHOLD_1_086,SUP005,Balanced,5.07,8,88,80,90,24,7000
HOUSEHOLD_1_086,SUP009,Emergency,6.97,4,91,91,97,12,3000
HOUSEHOLD_1_086,SUP003,Balanced,5.2,10,84,81,87,20,7000
HOUSEHOLD_1_086,SUP002,Strategic,5.67,9,97,94,95,7,10000
HOUSEHOLD_1_051,SUP009,Emergency,4.23,4,91,91,97,12,3000
HOUSEHOLD_1_051,SUP005,Balanced,3.04,8,88,80,90,24,7000
HOUSEHOLD_1_051,SUP010,Emergency,4.17,2,85,83,86,11,3000
HOUSEHOLD_1_051,SUP002,Strategic,3.27,9,97,94,95,7,10000
HOUSEHOLD_1_130,SUP002,Strategic,6.92,9,97,94,95,7,10000
HOUSEHOLD_1_130,SUP003,Balanced,6.41,10,84,81,87,20,7000
HOUSEHOLD_1_130,SUP004,Balanced,6.33,6,84,80,91,27,7000
HOUSEHOLD_1_130,SUP001,Strategic,7.24,10,97,94,98,11,10000
FOODS_2_112,SUP002,Strategic,3.58,9,97,94,95,7,10000
FOODS_2_112,SUP005,Balanced,3.45,8,88,80,90,24,7000
FOODS_2_112,SUP004,Balanced,3.56,6,84,80,91,27,7000
FOODS_2_112,SUP010,Emergency,4.87,2,85,83,86,11,3000
FOODS_2_346,SUP001,Strategic,2.87,10,97,94,98,11,10000
FOODS_2_346,SUP002,Strategic,2.63,9,97,94,95,7,10000
FOODS_2_346,SUP005,Balanced,2.42,8,88,80,90,24,7000
FOODS_2_346,SUP009,Emergency,3.51,4,91,91,97,12,3000
FOODS_2_380,SUP004,Balanced,4.88,6,84,80,91,27,7000
FOODS_2_380,SUP005,Balanced,5.26,8,88,80,90,24,7000
FOODS_2_380,SUP001,Strategic,5.92,10,97,94,98,11,10000
FOODS_2_380,SUP009,Emergency,6.99,4,91,91,97,12,3000
FOODS_1_183,SUP005,Balanced,3.09,8,88,80,90,24,7000
FOODS_1_183,SUP002,Strategic,3.2,9,97,94,95,7,10000
FOODS_1_183,SUP009,Emergency,4.32,4,91,91,97,12,3000
FOODS_1_183,SUP003,Balanced,3.21,10,84,81,87,20,7000
HOUSEHOLD_1_418,SUP004,Balanced,0.98,6,84,80,91,27,7000
HOUSEHOLD_1_418,SUP010,Emergency,1.37,2,85,83,86,11,3000
HOUSEHOLD_1_418,SUP002,Strategic,1.1,9,97,94,95,7,10000
HOUSEHOLD_1_418,SUP001,Strategic,1.11,10,97,94,98,11,10000
HOUSEHOLD_1_079,SUP010,Emergency,6.96,2,85,83,86,11,3000
HOUSEHOLD_1_079,SUP009,Emergency,7.1,4,91,91,97,12,3000
HOUSEHOLD_1_079,SUP005,Balanced,4.89,8,88,80,90,24,7000
HOUSEHOLD_1_079,SUP003,Balanced,4.96,10,84,81,87,20,7000
FOODS_1_086,SUP010,Emergency,2.6,2,85,83,86,11,3000
FOODS_1_086,SUP003,Balanced,1.93,10,84,81,87,20,7000
FOODS_1_086,SUP004,Balanced,1.75,6,84,80,91,27,7000
FOODS_1_086,SUP002,Strategic,1.98,9,97,94,95,7,10000
HOUSEHOLD_1_334,SUP003,Balanced,1.04,10,84,81,87,20,7000
HOUSEHOLD_1_334,SUP002,Strategic,1.12,9,97,94,95,7,10000
HOUSEHOLD_1_334,SUP010,Emergency,1.41,2,85,83,86,11,3000
HOUSEHOLD_1_334,SUP005,Balanced,1.02,8,88,80,90,24,7000
FOODS_1_217,SUP001,Strategic,4.26,10,97,94,98,11,10000
FOODS_1_217,SUP004,Balanced,3.48,6,84,80,91,27,7000
FOODS_1_217,SUP002,Strategic,3.97,9,97,94,95,7,10000
FOODS_1_217,SUP009,Emergency,5.18,4,91,91,97,12,3000
FOODS_1_173,SUP005,Balanced,2.07,8,88,80,90,24,7000
FOODS_1_173,SUP004,Balanced,2.02,6,84,80,91,27,7000
FOODS_1_173,SUP002,Strategic,2.18,9,97,94,95,7,10000
FOODS_1_173,SUP001,Strategic,2.42,10,97,94,98,11,10000
FOODS_2_036,SUP009,Emergency,5.02,4,91,91,97,12,3000
FOODS_2_036,SUP001,Strategic,4.39,10,97,94,98,11,10000
FOODS_2_036,SUP003,Balanced,3.77,10,84,81,87,20,7000
FOODS_2_036,SUP004,Balanced,3.58,6,84,80,91,27,7000
HOUSEHOLD_1_387,SUP003,Balanced,3.08,10,84,81,87,20,7000
HOUSEHOLD_1_387,SUP009,Emergency,4.5,4,91,91,97,12,3000
HOUSEHOLD_1_387,SUP002,Strategic,3.4,9,97,94,95,7,10000
HOUSEHOLD_1_387,SUP010,Emergency,4.22,2,85,83,86,11,3000
FOODS_1_161,SUP009,Emergency,1.42,4,91,91,97,12,3000
FOODS_1_161,SUP010,Emergency,1.41,2,85,83,86,11,3000
FOODS_1_161,SUP005,Balanced,0.95,8,88,80,90,24,7000
FOODS_1_161,SUP002,Strategic,1.1,9,97,94,95,7,10000
FOODS_2_359,SUP002,Strategic,2.31,9,97,94,95,7,10000
FOODS_2_359,SUP001,Strategic,2.39,10,97,94,98,11,10000
FOODS_2_359,SUP003,Balanced,2.1,10,84,81,87,20,7000
FOODS_2_359,SUP009,Emergency,3.06,4,91,91,97,12,3000
FOODS_2_074,SUP005,Balanced,2.6,8,88,80,90,24,7000
FOODS_2_074,SUP001,Strategic,3.07,10,97,94,98,11,10000
FOODS_2_074,SUP002,Strategic,2.99,9,97,94,95,7,10000
FOODS_2_074,SUP004,Balanced,2.53,6,84,80,91,27,7000
FOODS_2_274,SUP005,Balanced,6.86,8,88,80,90,24,7000
FOODS_2_274,SUP001,Strategic,7.88,10,97,94,98,11,10000
FOODS_2_274,SUP010,Emergency,9.6,2,85,83,86,11,3000
FOODS_2_274,SUP004,Balanced,7.27,6,84,80,91,27,7000
FOODS_1_162,SUP010,Emergency,2.57,2,85,83,86,11,3000
FOODS_1_162,SUP002,Strategic,2.2,9,97,94,95,7,10000
FOODS_1_162,SUP001,Strategic,2.31,10,97,94,98,11,10000
FOODS_1_162,SUP005,Balanced,1.93,8,88,80,90,24,7000
FOODS_2_150,SUP004,Balanced,3.09,6,84,80,91,27,7000
FOODS_2_150,SUP005,Balanced,3.12,8,88,80,90,24,7000
FOODS_2_150,SUP002,Strategic,3.19,9,97,94,95,7,10000
FOODS_2_150,SUP010,Emergency,4.03,2,85,83,86,11,3000
HOUSEHOLD_1_197,SUP005,Balanced,4.94,8,88,80,90,24,7000
HOUSEHOLD_1_197,SUP001,Strategic,5.69,10,97,94,98,11,10000
HOUSEHOLD_1_197,SUP003,Balanced,4.99,10,84,81,87,20,7000
HOUSEHOLD_1_197,SUP010,Emergency,7.03,2,85,83,86,11,3000
HOUSEHOLD_1_328,SUP004,Balanced,4.93,6,84,80,91,27,7000
HOUSEHOLD_1_328,SUP003,Balanced,4.95,10,84,81,87,20,7000
HOUSEHOLD_1_328,SUP002,Strategic,5.11,9,97,94,95,7,10000
HOUSEHOLD_1_328,SUP009,Emergency,6.82,4,91,91,97,12,3000
HOUSEHOLD_1_361,SUP004,Balanced,1.95,6,84,80,91,27,7000
HOUSEHOLD_1_361,SUP001,Strategic,2.18,10,97,94,98,11,10000
HOUSEHOLD_1_361,SUP005,Balanced,1.85,8,88,80,90,24,7000
HOUSEHOLD_1_361,SUP009,Emergency,2.71,4,91,91,97,12,3000
FOODS_1_023,SUP004,Balanced,5.81,6,84,80,91,27,7000
FOODS_1_023,SUP005,Balanced,5.5,8,88,80,90,24,7000
FOODS_1_023,SUP002,Strategic,6.23,9,97,94,95,7,10000
FOODS_1_023,SUP010,Emergency,7.82,2,85,83,86,11,3000
FOODS_1_018,SUP009,Emergency,1.49,4,91,91,97,12,3000
FOODS_1_018,SUP010,Emergency,1.32,2,85,83,86,11,3000
FOODS_1_018,SUP003,Balanced,1.0,10,84,81,87,20,7000
FOODS_1_018,SUP001,Strategic,1.1,10,97,94,98,11,10000
HOUSEHOLD_1_437,SUP003,Balanced,3.27,10,84,81,87,20,7000
HOUSEHOLD_1_437,SUP002,Strategic,3.36,9,97,94,95,7,10000
HOUSEHOLD_1_437,SUP010,Emergency,4.49,2,85,83,86,11,3000
HOUSEHOLD_1_437,SUP004,Balanced,3.03,6,84,80,91,27,7000
HOUSEHOLD_1_118,SUP004,Balanced,0.99,6,84,80,91,27,7000
HOUSEHOLD_1_118,SUP003,Balanced,0.96,10,84,81,87,20,7000
HOUSEHOLD_1_118,SUP002,Strategic,1.12,9,97,94,95,7,10000
HOUSEHOLD_1_118,SUP009,Emergency,1.4,4,91,91,97,12,3000
FOODS_2_054,SUP005,Balanced,2.95,8,88,80,90,24,7000
FOODS_2_054,SUP003,Balanced,2.9,10,84,81,87,20,7000
FOODS_2_054,SUP010,Emergency,3.93,2,85,83,86,11,3000
FOODS_2_054,SUP001,Strategic,3.51,10,97,94,98,11,10000
HOUSEHOLD_1_376,SUP001,Strategic,6.24,10,97,94,98,11,10000
HOUSEHOLD_1_376,SUP004,Balanced,5.56,6,84,80,91,27,7000
HOUSEHOLD_1_376,SUP009,Emergency,8.1,4,91,91,97,12,3000
HOUSEHOLD_1_376,SUP005,Balanced,5.58,8,88,80,90,24,7000
HOUSEHOLD_1_370,SUP002,Strategic,7.86,9,97,94,95,7,10000
HOUSEHOLD_1_370,SUP004,Balanced,7.41,6,84,80,91,27,7000
HOUSEHOLD_1_370,SUP003,Balanced,7.08,10,84,81,87,20,7000
HOUSEHOLD_1_370,SUP009,Emergency,10.03,4,91,91,97,12,3000
FOODS_1_194,SUP004,Balanced,4.76,6,84,80,91,27,7000
FOODS_1_194,SUP002,Strategic,5.21,9,97,94,95,7,10000
FOODS_1_194,SUP001,Strategic,5.5,10,97,94,98,11,10000
FOODS_1_194,SUP009,Emergency,7.17,4,91,91,97,12,3000
HOUSEHOLD_1_408,SUP010,Emergency,7.44,2,85,83,86,11,3000
HOUSEHOLD_1_408,SUP002,Strategic,6.02,9,97,94,95,7,10000
HOUSEHOLD_1_408,SUP001,Strategic,6.65,10,97,94,98,11,10000
HOUSEHOLD_1_408,SUP005,Balanced,5.27,8,88,80,90,24,7000
HOUSEHOLD_1_517,SUP002,Strategic,1.09,9,97,94,95,7,10000
HOUSEHOLD_1_517,SUP004,Balanced,0.97,6,84,80,91,27,7000
HOUSEHOLD_1_517,SUP009,Emergency,1.46,4,91,91,97,12,3000
HOUSEHOLD_1_517,SUP003,Balanced,1.03,10,84,81,87,20,7000
FOODS_1_200,SUP010,Emergency,1.38,2,85,83,86,11,3000
FOODS_1_200,SUP001,Strategic,1.12,10,97,94,98,11,10000
FOODS_1_200,SUP005,Balanced,1.0,8,88,80,90,24,7000
FOODS_1_200,SUP009,Emergency,1.41,4,91,91,97,12,3000
HOUSEHOLD_1_014,SUP004,Balanced,19.03,6,84,80,91,27,7000
HOUSEHOLD_1_014,SUP005,Balanced,18.68,8,88,80,90,24,7000
HOUSEHOLD_1_014,SUP003,Balanced,17.85,10,84,81,87,20,7000
HOUSEHOLD_1_014,SUP010,Emergency,25.31,2,85,83,86,11,3000
FOODS_1_104,SUP004,Balanced,3.47,6,84,80,91,27,7000
FOODS_1_104,SUP005,Balanced,3.56,8,88,80,90,24,7000
FOODS_1_104,SUP010,Emergency,4.98,2,85,83,86,11,3000
FOODS_1_104,SUP002,Strategic,3.84,9,97,94,95,7,10000
HOUSEHOLD_1_318,SUP001,Strategic,3.6,10,97,94,98,11,10000
HOUSEHOLD_1_318,SUP005,Balanced,3.06,8,88,80,90,24,7000
HOUSEHOLD_1_318,SUP004,Balanced,3.05,6,84,80,91,27,7000
HOUSEHOLD_1_318,SUP002,Strategic,3.43,9,97,94,95,7,10000
HOUSEHOLD_1_498,SUP010,Emergency,4.61,2,85,83,86,11,3000
HOUSEHOLD_1_498,SUP003,Balanced,3.44,10,84,81,87,20,7000
HOUSEHOLD_1_498,SUP009,Emergency,4.91,4,91,91,97,12,3000
HOUSEHOLD_1_498,SUP001,Strategic,3.72,10,97,94,98,11,10000
HOUSEHOLD_1_119,SUP010,Emergency,5.2,2,85,83,86,11,3000
HOUSEHOLD_1_119,SUP004,Balanced,3.66,6,84,80,91,27,7000
HOUSEHOLD_1_119,SUP001,Strategic,4.22,10,97,94,98,11,10000
HOUSEHOLD_1_119,SUP003,Balanced,3.76,10,84,81,87,20,7000
HOUSEHOLD_1_204,SUP003,Balanced,1.92,10,84,81,87,20,7000
HOUSEHOLD_1_204,SUP004,Balanced,1.9,6,84,80,91,27,7000
HOUSEHOLD_1_204,SUP009,Emergency,2.6,4,91,91,97,12,3000
HOUSEHOLD_1_204,SUP001,Strategic,2.12,10,97,94,98,11,10000
FOODS_2_304,SUP004,Balanced,3.84,6,84,80,91,27,7000
FOODS_2_304,SUP002,Strategic,4.6,9,97,94,95,7,10000
FOODS_2_304,SUP005,Balanced,3.99,8,88,80,90,24,7000
FOODS_2_304,SUP009,Emergency,6.0,4,91,91,97,12,3000
HOUSEHOLD_1_465,SUP001,Strategic,1.19,10,97,94,98,11,10000
HOUSEHOLD_1_465,SUP005,Balanced,1.01,8,88,80,90,24,7000
HOUSEHOLD_1_465,SUP004,Balanced,0.96,6,84,80,91,27,7000
HOUSEHOLD_1_465,SUP009,Emergency,1.35,4,91,91,97,12,3000
FOODS_1_152,SUP002,Strategic,9.3,9,97,94,95,7,10000
FOODS_1_152,SUP001,Strategic,9.77,10,97,94,98,11,10000
FOODS_1_152,SUP005,Balanced,8.25,8,88,80,90,24,7000
FOODS_1_152,SUP010,Emergency,11.92,2,85,83,86,11,3000
HOUSEHOLD_1_055,SUP002,Strategic,4.44,9,97,94,95,7,10000
HOUSEHOLD_1_055,SUP003,Balanced,4.17,10,84,81,87,20,7000
HOUSEHOLD_1_055,SUP010,Emergency,5.51,2,85,83,86,11,3000
HOUSEHOLD_1_055,SUP004,Balanced,3.9,6,84,80,91,27,7000
HOUSEHOLD_1_214,SUP001,Strategic,2.07,10,97,94,98,11,10000
HOUSEHOLD_1_214,SUP009,Emergency,2.6,4,91,91,97,12,3000
HOUSEHOLD_1_214,SUP010,Emergency,2.57,2,85,83,86,11,3000
HOUSEHOLD_1_214,SUP004,Balanced,1.95,6,84,80,91,27,7000
HOUSEHOLD_1_291,SUP004,Balanced,3.78,6,84,80,91,27,7000
HOUSEHOLD_1_291,SUP003,Balanced,3.7,10,84,81,87,20,7000
HOUSEHOLD_1_291,SUP009,Emergency,5.66,4,91,91,97,12,3000
HOUSEHOLD_1_291,SUP002,Strategic,4.29,9,97,94,95,7,10000
HOUSEHOLD_1_071,SUP004,Balanced,2.23,6,84,80,91,27,7000
HOUSEHOLD_1_071,SUP002,Strategic,2.56,9,97,94,95,7,10000
HOUSEHOLD_1_071,SUP009,Emergency,3.28,4,91,91,97,12,3000
HOUSEHOLD_1_071,SUP003,Balanced,2.28,10,84,81,87,20,7000
FOODS_2_307,SUP010,Emergency,3.4,2,85,83,86,11,3000
FOODS_2_307,SUP004,Balanced,2.6,6,84,80,91,27,7000
FOODS_2_307,SUP009,Emergency,3.88,4,91,91,97,12,3000
FOODS_2_307,SUP005,Balanced,2.59,8,88,80,90,24,7000
HOUSEHOLD_1_048,SUP010,Emergency,4.14,2,85,83,86,11,3000
HOUSEHOLD_1_048,SUP004,Balanced,3.01,6,84,80,91,27,7000
HOUSEHOLD_1_048,SUP001,Strategic,3.46,10,97,94,98,11,10000
HOUSEHOLD_1_048,SUP003,Balanced,2.93,10,84,81,87,20,7000
FOODS_2_014,SUP001,Strategic,3.5,10,97,94,98,11,10000
FOODS_2_014,SUP010,Emergency,4.2,2,85,83,86,11,3000
FOODS_2_014,SUP005,Balanced,2.95,8,88,80,90,24,7000
FOODS_2_014,SUP002,Strategic,3.34,9,97,94,95,7,10000
FOODS_2_013,SUP004,Balanced,2.01,6,84,80,91,27,7000
FOODS_2_013,SUP009,Emergency,2.87,4,91,91,97,12,3000
FOODS_2_013,SUP010,Emergency,2.82,2,85,83,86,11,3000
FOODS_2_013,SUP001,Strategic,2.4,10,97,94,98,11,10000
HOUSEHOLD_1_369,SUP003,Balanced,4.0,10,84,81,87,20,7000
HOUSEHOLD_1_369,SUP010,Emergency,5.28,2,85,83,86,11,3000
HOUSEHOLD_1_369,SUP002,Strategic,4.07,9,97,94,95,7,10000
HOUSEHOLD_1_369,SUP009,Emergency,5.15,4,91,91,97,12,3000
HOUSEHOLD_1_282,SUP009,Emergency,5.7,4,91,91,97,12,3000
HOUSEHOLD_1_282,SUP004,Balanced,4.2,6,84,80,91,27,7000
HOUSEHOLD_1_282,SUP001,Strategic,4.44,10,97,94,98,11,10000
HOUSEHOLD_1_282,SUP005,Balanced,3.83,8,88,80,90,24,7000
FOODS_1_080,SUP003,Balanced,7.81,10,84,81,87,20,7000
FOODS_1_080,SUP004,Balanced,7.73,6,84,80,91,27,7000
FOODS_1_080,SUP002,Strategic,8.3,9,97,94,95,7,10000
FOODS_1_080,SUP010,Emergency,10.5,2,85,83,86,11,3000
FOODS_2_164,SUP003,Balanced,3.07,10,84,81,87,20,7000
FOODS_2_164,SUP002,Strategic,3.49,9,97,94,95,7,10000
FOODS_2_164,SUP005,Balanced,3.09,8,88,80,90,24,7000
FOODS_2_164,SUP010,Emergency,4.53,2,85,83,86,11,3000
HOUSEHOLD_1_510,SUP010,Emergency,7.25,2,85,83,86,11,3000
HOUSEHOLD_1_510,SUP003,Balanced,5.07,10,84,81,87,20,7000
HOUSEHOLD_1_510,SUP004,Balanced,4.94,6,84,80,91,27,7000
HOUSEHOLD_1_510,SUP001,Strategic,5.87,10,97,94,98,11,10000
HOUSEHOLD_1_447,SUP005,Balanced,0.95,8,88,80,90,24,7000
HOUSEHOLD_1_447,SUP009,Emergency,1.4,4,91,91,97,12,3000
HOUSEHOLD_1_447,SUP010,Emergency,1.42,2,85,83,86,11,3000
HOUSEHOLD_1_447,SUP001,Strategic,1.19,10,97,94,98,11,10000
FOODS_2_360,SUP004,Balanced,0.99,6,84,80,91,27,7000
FOODS_2_360,SUP010,Emergency,1.27,2,85,83,86,11,3000
FOODS_2_360,SUP001,Strategic,1.14,10,97,94,98,11,10000
FOODS_2_360,SUP002,Strategic,1.06,9,97,94,95,7,10000
HOUSEHOLD_1_180,SUP009,Emergency,4.16,4,91,91,97,12,3000
HOUSEHOLD_1_180,SUP001,Strategic,3.36,10,97,94,98,11,10000
HOUSEHOLD_1_180,SUP004,Balanced,2.9,6,84,80,91,27,7000
HOUSEHOLD_1_180,SUP002,Strategic,3.42,9,97,94,95,7,10000
HOUSEHOLD_1_453,SUP004,Balanced,2.28,6,84,80,91,27,7000
HOUSEHOLD_1_453,SUP001,Strategic,2.65,10,97,94,98,11,10000
HOUSEHOLD_1_453,SUP003,Balanced,2.36,10,84,81,87,20,7000
HOUSEHOLD_1_453,SUP002,Strategic,2.36,9,97,94,95,7,10000
FOODS_2_325,SUP009,Emergency,1.74,4,91,91,97,12,3000
FOODS_2_325,SUP001,Strategic,1.5,10,97,94,98,11,10000
FOODS_2_325,SUP004,Balanced,1.22,6,84,80,91,27,7000
FOODS_2_325,SUP005,Balanced,1.22,8,88,80,90,24,7000
FOODS_2_315,SUP003,Balanced,2.48,10,84,81,87,20,7000
FOODS_2_315,SUP005,Balanced,2.62,8,88,80,90,24,7000
FOODS_2_315,SUP002,Strategic,2.74,9,97,94,95,7,10000
FOODS_2_315,SUP004,Balanced,2.43,6,84,80,91,27,7000
HOUSEHOLD_1_090,SUP009,Emergency,4.22,4,91,91,97,12,3000
HOUSEHOLD_1_090,SUP005,Balanced,3.12,8,88,80,90,24,7000
HOUSEHOLD_1_090,SUP004,Balanced,3.06,6,84,80,91,27,7000
HOUSEHOLD_1_090,SUP002,Strategic,3.25,9,97,94,95,7,10000
FOODS_2_139,SUP010,Emergency,3.99,2,85,83,86,11,3000
FOODS_2_139,SUP005,Balanced,2.93,8,88,80,90,24,7000
FOODS_2_139,SUP002,Strategic,3.4,9,97,94,95,7,10000
FOODS_2_139,SUP001,Strategic,3.33,10,97,94,98,11,10000
HOUSEHOLD_1_434,SUP003,Balanced,4.27,10,84,81,87,20,7000
HOUSEHOLD_1_434,SUP010,Emergency,5.59,2,85,83,86,11,3000
HOUSEHOLD_1_434,SUP009,Emergency,5.85,4,91,91,97,12,3000
HOUSEHOLD_1_434,SUP004,Balanced,4.03,6,84,80,91,27,7000
HOUSEHOLD_1_518,SUP009,Emergency,10.27,4,91,91,97,12,3000
HOUSEHOLD_1_518,SUP004,Balanced,7.29,6,84,80,91,27,7000
HOUSEHOLD_1_518,SUP003,Balanced,7.46,10,84,81,87,20,7000
HOUSEHOLD_1_518,SUP002,Strategic,7.98,9,97,94,95,7,10000
FOODS_1_021,SUP004,Balanced,1.0,6,84,80,91,27,7000
FOODS_1_021,SUP010,Emergency,1.41,2,85,83,86,11,3000
FOODS_1_021,SUP002,Strategic,1.06,9,97,94,95,7,10000
FOODS_1_021,SUP009,Emergency,1.48,4,91,91,97,12,3000
FOODS_1_172,SUP009,Emergency,2.74,4,91,91,97,12,3000
FOODS_1_172,SUP010,Emergency,2.7,2,85,83,86,11,3000
FOODS_1_172,SUP004,Balanced,2.03,6,84,80,91,27,7000
FOODS_1_172,SUP005,Balanced,1.92,8,88,80,90,24,7000
FOODS_1_046,SUP010,Emergency,1.34,2,85,83,86,11,3000
FOODS_1_046,SUP009,Emergency,1.44,4,91,91,97,12,3000
FOODS_1_046,SUP003,Balanced,1.06,10,84,81,87,20,7000
FOODS_1_046,SUP001,Strategic,1.16,10,97,94,98,11,10000
HOUSEHOLD_1_093,SUP009,Emergency,5.5,4,91,91,97,12,3000
HOUSEHOLD_1_093,SUP003,Balanced,3.98,10,84,81,87,20,7000
HOUSEHOLD_1_093,SUP001,Strategic,4.38,10,97,94,98,11,10000
HOUSEHOLD_1_093,SUP005,Balanced,3.96,8,88,80,90,24,7000
HOUSEHOLD_1_246,SUP005,Balanced,3.86,8,88,80,90,24,7000
HOUSEHOLD_1_246,SUP001,Strategic,4.85,10,97,94,98,11,10000
HOUSEHOLD_1_246,SUP010,Emergency,5.67,2,85,83,86,11,3000
HOUSEHOLD_1_246,SUP003,Balanced,3.93,10,84,81,87,20,7000
FOODS_1_103,SUP010,Emergency,5.9,2,85,83,86,11,3000
FOODS_1_103,SUP005,Balanced,4.09,8,88,80,90,24,7000
FOODS_1_103,SUP009,Emergency,5.87,4,91,91,97,12,3000
FOODS_1_103,SUP002,Strategic,4.91,9,97,94,95,7,10000
HOUSEHOLD_1_345,SUP002,Strategic,4.69,9,97,94,95,7,10000
HOUSEHOLD_1_345,SUP001,Strategic,4.78,10,97,94,98,11,10000
HOUSEHOLD_1_345,SUP003,Balanced,4.09,10,84,81,87,20,7000
HOUSEHOLD_1_345,SUP010,Emergency,5.98,2,85,83,86,11,3000
HOUSEHOLD_1_399,SUP003,Balanced,1.0,10,84,81,87,20,7000
HOUSEHOLD_1_399,SUP006,Cost,0.87,12,76,76,84,32,12000
HOUSEHOLD_1_399,SUP007,Cost,0.88,14,83,76,85,47,12000
HOUSEHOLD_1_399,SUP004,Balanced,0.97,6,84,80,91,27,7000
FOODS_1_058,SUP006,Cost,1.71,12,76,76,84,32,12000
FOODS_1_058,SUP012,Regional,2.12,4,86,76,84,33,5000
FOODS_1_058,SUP004,Balanced,1.92,6,84,80,91,27,7000
FOODS_1_058,SUP005,Balanced,2.05,8,88,80,90,24,7000
FOODS_1_067,SUP011,Regional,2.1,8,80,80,84,37,5000
FOODS_1_067,SUP004,Balanced,2.11,6,84,80,91,27,7000
FOODS_1_067,SUP005,Balanced,2.07,8,88,80,90,24,7000
FOODS_1_067,SUP003,Balanced,2.05,10,84,81,87,20,7000
FOODS_2_016,SUP012,Regional,1.38,4,86,76,84,33,5000
FOODS_2_016,SUP011,Regional,1.23,8,80,80,84,37,5000
FOODS_2_016,SUP007,Cost,1.08,14,83,76,85,47,12000
FOODS_2_016,SUP006,Cost,1.1,12,76,76,84,32,12000
HOUSEHOLD_1_087,SUP007,Cost,3.89,14,83,76,85,47,12000
HOUSEHOLD_1_087,SUP003,Balanced,4.75,10,84,81,87,20,7000
HOUSEHOLD_1_087,SUP012,Regional,4.95,4,86,76,84,33,5000
HOUSEHOLD_1_087,SUP011,Regional,4.69,8,80,80,84,37,5000
HOUSEHOLD_1_386,SUP011,Regional,3.13,8,80,80,84,37,5000
HOUSEHOLD_1_386,SUP004,Balanced,3.03,6,84,80,91,27,7000
HOUSEHOLD_1_386,SUP003,Balanced,3.15,10,84,81,87,20,7000
HOUSEHOLD_1_386,SUP012,Regional,3.19,4,86,76,84,33,5000
HOUSEHOLD_1_538,SUP005,Balanced,3.42,8,88,80,90,24,7000
HOUSEHOLD_1_538,SUP004,Balanced,3.4,6,84,80,91,27,7000
HOUSEHOLD_1_538,SUP012,Regional,3.81,4,86,76,84,33,5000
HOUSEHOLD_1_538,SUP007,Cost,2.87,14,83,76,85,47,12000
FOODS_2_255,SUP011,Regional,2.77,8,80,80,84,37,5000
FOODS_2_255,SUP012,Regional,2.86,4,86,76,84,33,5000
FOODS_2_255,SUP006,Cost,2.44,12,76,76,84,32,12000
FOODS_2_255,SUP003,Balanced,2.83,10,84,81,87,20,7000
HOUSEHOLD_1_045,SUP012,Regional,2.66,4,86,76,84,33,5000
HOUSEHOLD_1_045,SUP006,Cost,2.24,12,76,76,84,32,12000
HOUSEHOLD_1_045,SUP004,Balanced,2.51,6,84,80,91,27,7000
HOUSEHOLD_1_045,SUP011,Regional,2.55,8,80,80,84,37,5000
HOUSEHOLD_1_129,SUP005,Balanced,4.12,8,88,80,90,24,7000
HOUSEHOLD_1_129,SUP004,Balanced,4.19,6,84,80,91,27,7000
HOUSEHOLD_1_129,SUP012,Regional,4.1,4,86,76,84,33,5000
HOUSEHOLD_1_129,SUP007,Cost,3.34,14,83,76,85,47,12000
FOODS_2_388,SUP006,Cost,2.54,12,76,76,84,32,12000
FOODS_2_388,SUP005,Balanced,3.16,8,88,80,90,24,7000
FOODS_2_388,SUP004,Balanced,2.92,6,84,80,91,27,7000
FOODS_2_388,SUP011,Regional,3.08,8,80,80,84,37,5000
FOODS_2_153,SUP006,Cost,2.6,12,76,76,84,32,12000
FOODS_2_153,SUP007,Cost,2.54,14,83,76,85,47,12000
FOODS_2_153,SUP003,Balanced,2.91,10,84,81,87,20,7000
FOODS_2_153,SUP005,Balanced,3.12,8,88,80,90,24,7000
HOUSEHOLD_1_416,SUP011,Regional,4.0,8,80,80,84,37,5000
HOUSEHOLD_1_416,SUP005,Balanced,3.81,8,88,80,90,24,7000
HOUSEHOLD_1_416,SUP007,Cost,3.32,14,83,76,85,47,12000
HOUSEHOLD_1_416,SUP006,Cost,3.19,12,76,76,84,32,12000
HOUSEHOLD_1_235,SUP005,Balanced,3.93,8,88,80,90,24,7000
HOUSEHOLD_1_235,SUP003,Balanced,3.97,10,84,81,87,20,7000
HOUSEHOLD_1_235,SUP011,Regional,3.98,8,80,80,84,37,5000
HOUSEHOLD_1_235,SUP007,Cost,3.09,14,83,76,85,47,12000
FOODS_2_396,SUP004,Balanced,3.05,6,84,80,91,27,7000
FOODS_2_396,SUP005,Balanced,2.96,8,88,80,90,24,7000
FOODS_2_396,SUP007,Cost,2.5,14,83,76,85,47,12000
FOODS_2_396,SUP003,Balanced,3.15,10,84,81,87,20,7000
HOUSEHOLD_1_016,SUP003,Balanced,5.15,10,84,81,87,20,7000
HOUSEHOLD_1_016,SUP011,Regional,4.81,8,80,80,84,37,5000
HOUSEHOLD_1_016,SUP004,Balanced,5.18,6,84,80,91,27,7000
HOUSEHOLD_1_016,SUP006,Cost,4.44,12,76,76,84,32,12000
HOUSEHOLD_1_321,SUP007,Cost,2.39,14,83,76,85,47,12000
HOUSEHOLD_1_321,SUP003,Balanced,2.92,10,84,81,87,20,7000
HOUSEHOLD_1_321,SUP011,Regional,2.94,8,80,80,84,37,5000
HOUSEHOLD_1_321,SUP012,Regional,3.19,4,86,76,84,33,5000
HOUSEHOLD_1_459,SUP005,Balanced,1.01,8,88,80,90,24,7000
HOUSEHOLD_1_459,SUP012,Regional,1.08,4,86,76,84,33,5000
HOUSEHOLD_1_459,SUP006,Cost,0.85,12,76,76,84,32,12000
HOUSEHOLD_1_459,SUP003,Balanced,1.01,10,84,81,87,20,7000
FOODS_2_175,SUP012,Regional,2.67,4,86,76,84,33,5000
FOODS_2_175,SUP007,Cost,2.16,14,83,76,85,47,12000
FOODS_2_175,SUP011,Regional,2.62,8,80,80,84,37,5000
FOODS_2_175,SUP004,Balanced,2.49,6,84,80,91,27,7000
FOODS_2_047,SUP007,Cost,2.41,14,83,76,85,47,12000
FOODS_2_047,SUP003,Balanced,3.1,10,84,81,87,20,7000
FOODS_2_047,SUP006,Cost,2.6,12,76,76,84,32,12000
FOODS_2_047,SUP012,Regional,3.27,4,86,76,84,33,5000
HOUSEHOLD_1_082,SUP012,Regional,3.8,4,86,76,84,33,5000
HOUSEHOLD_1_082,SUP003,Balanced,3.55,10,84,81,87,20,7000
HOUSEHOLD_1_082,SUP011,Regional,3.53,8,80,80,84,37,5000
HOUSEHOLD_1_082,SUP007,Cost,2.9,14,83,76,85,47,12000
FOODS_1_050,SUP012,Regional,6.39,4,86,76,84,33,5000
FOODS_1_050,SUP005,Balanced,6.1,8,88,80,90,24,7000
FOODS_1_050,SUP006,Cost,5.23,12,76,76,84,32,12000
FOODS_1_050,SUP004,Balanced,6.14,6,84,80,91,27,7000
FOODS_1_088,SUP004,Balanced,5.22,6,84,80,91,27,7000
FOODS_1_088,SUP006,Cost,4.69,12,76,76,84,32,12000
FOODS_1_088,SUP007,Cost,4.16,14,83,76,85,47,12000
FOODS_1_088,SUP005,Balanced,5.32,8,88,80,90,24,7000
HOUSEHOLD_1_427,SUP004,Balanced,5.87,6,84,80,91,27,7000
HOUSEHOLD_1_427,SUP003,Balanced,5.89,10,84,81,87,20,7000
HOUSEHOLD_1_427,SUP011,Regional,5.84,8,80,80,84,37,5000
HOUSEHOLD_1_427,SUP005,Balanced,6.04,8,88,80,90,24,7000
HOUSEHOLD_1_058,SUP005,Balanced,6.61,8,88,80,90,24,7000
HOUSEHOLD_1_058,SUP012,Regional,7.31,4,86,76,84,33,5000
HOUSEHOLD_1_058,SUP011,Regional,6.41,8,80,80,84,37,5000
HOUSEHOLD_1_058,SUP007,Cost,5.37,14,83,76,85,47,12000
HOUSEHOLD_1_411,SUP004,Balanced,3.33,6,84,80,91,27,7000
HOUSEHOLD_1_411,SUP012,Regional,3.64,4,86,76,84,33,5000
HOUSEHOLD_1_411,SUP007,Cost,2.81,14,83,76,85,47,12000
HOUSEHOLD_1_411,SUP011,Regional,3.31,8,80,80,84,37,5000
HOUSEHOLD_1_285,SUP007,Cost,2.24,14,83,76,85,47,12000
HOUSEHOLD_1_285,SUP004,Balanced,2.64,6,84,80,91,27,7000
HOUSEHOLD_1_285,SUP003,Balanced,2.83,10,84,81,87,20,7000
HOUSEHOLD_1_285,SUP005,Balanced,2.88,8,88,80,90,24,7000
HOUSEHOLD_1_236,SUP006,Cost,2.06,12,76,76,84,32,12000
HOUSEHOLD_1_236,SUP012,Regional,2.56,4,86,76,84,33,5000
HOUSEHOLD_1_236,SUP011,Regional,2.53,8,80,80,84,37,5000
HOUSEHOLD_1_236,SUP004,Balanced,2.55,6,84,80,91,27,7000
HOUSEHOLD_1_351,SUP011,Regional,0.94,8,80,80,84,37,5000
HOUSEHOLD_1_351,SUP003,Balanced,0.99,10,84,81,87,20,7000
HOUSEHOLD_1_351,SUP005,Balanced,1.03,8,88,80,90,24,7000
HOUSEHOLD_1_351,SUP012,Regional,1.06,4,86,76,84,33,5000
HOUSEHOLD_1_506,SUP003,Balanced,3.81,10,84,81,87,20,7000
HOUSEHOLD_1_506,SUP006,Cost,3.2,12,76,76,84,32,12000
HOUSEHOLD_1_506,SUP007,Cost,3.1,14,83,76,85,47,12000
HOUSEHOLD_1_506,SUP011,Regional,4.06,8,80,80,84,37,5000
HOUSEHOLD_1_243,SUP012,Regional,2.05,4,86,76,84,33,5000
HOUSEHOLD_1_243,SUP011,Regional,1.94,8,80,80,84,37,5000
HOUSEHOLD_1_243,SUP005,Balanced,2.08,8,88,80,90,24,7000
HOUSEHOLD_1_243,SUP003,Balanced,1.99,10,84,81,87,20,7000
HOUSEHOLD_1_188,SUP012,Regional,4.18,4,86,76,84,33,5000
HOUSEHOLD_1_188,SUP007,Cost,3.45,14,83,76,85,47,12000
HOUSEHOLD_1_188,SUP006,Cost,3.58,12,76,76,84,32,12000
HOUSEHOLD_1_188,SUP011,Regional,4.14,8,80,80,84,37,5000
FOODS_2_374,SUP004,Balanced,2.11,6,84,80,91,27,7000
FOODS_2_374,SUP012,Regional,2.23,4,86,76,84,33,5000
FOODS_2_374,SUP007,Cost,1.71,14,83,76,85,47,12000
FOODS_2_374,SUP011,Regional,2.04,8,80,80,84,37,5000
HOUSEHOLD_1_383,SUP005,Balanced,3.69,8,88,80,90,24,7000
HOUSEHOLD_1_383,SUP003,Balanced,3.56,10,84,81,87,20,7000
HOUSEHOLD_1_383,SUP012,Regional,3.89,4,86,76,84,33,5000
HOUSEHOLD_1_383,SUP007,Cost,3.01,14,83,76,85,47,12000
FOODS_1_219,SUP012,Regional,2.48,4,86,76,84,33,5000
FOODS_1_219,SUP011,Regional,2.37,8,80,80,84,37,5000
FOODS_1_219,SUP004,Balanced,2.25,6,84,80,91,27,7000
FOODS_1_219,SUP006,Cost,2.02,12,76,76,84,32,12000
HOUSEHOLD_1_203,SUP004,Balanced,4.81,6,84,80,91,27,7000
HOUSEHOLD_1_203,SUP006,Cost,4.31,12,76,76,84,32,12000
HOUSEHOLD_1_203,SUP012,Regional,5.07,4,86,76,84,33,5000
HOUSEHOLD_1_203,SUP011,Regional,4.92,8,80,80,84,37,5000
HOUSEHOLD_1_254,SUP011,Regional,1.0,8,80,80,84,37,5000
HOUSEHOLD_1_254,SUP012,Regional,1.05,4,86,76,84,33,5000
HOUSEHOLD_1_254,SUP003,Balanced,1.0,10,84,81,87,20,7000
HOUSEHOLD_1_254,SUP005,Balanced,0.94,8,88,80,90,24,7000
FOODS_2_212,SUP011,Regional,4.78,8,80,80,84,37,5000
FOODS_2_212,SUP003,Balanced,5.1,10,84,81,87,20,7000
FOODS_2_212,SUP006,Cost,4.15,12,76,76,84,32,12000
FOODS_2_212,SUP007,Cost,4.0,14,83,76,85,47,12000
HOUSEHOLD_1_151,SUP005,Balanced,0.94,8,88,80,90,24,7000
HOUSEHOLD_1_151,SUP011,Regional,0.91,8,80,80,84,37,5000
HOUSEHOLD_1_151,SUP006,Cost,0.8,12,76,76,84,32,12000
HOUSEHOLD_1_151,SUP003,Balanced,0.94,10,84,81,87,20,7000
FOODS_2_119,SUP007,Cost,2.15,14,83,76,85,47,12000
FOODS_2_119,SUP003,Balanced,2.69,10,84,81,87,20,7000
FOODS_2_119,SUP005,Balanced,2.58,8,88,80,90,24,7000
FOODS_2_119,SUP006,Cost,2.37,12,76,76,84,32,12000
FOODS_2_204,SUP004,Balanced,0.98,6,84,80,91,27,7000
FOODS_2_204,SUP011,Regional,1.01,8,80,80,84,37,5000
FOODS_2_204,SUP007,Cost,0.81,14,83,76,85,47,12000
FOODS_2_204,SUP005,Balanced,0.98,8,88,80,90,24,7000
HOUSEHOLD_1_153,SUP011,Regional,2.06,8,80,80,84,37,5000
HOUSEHOLD_1_153,SUP003,Balanced,2.04,10,84,81,87,20,7000
HOUSEHOLD_1_153,SUP005,Balanced,1.95,8,88,80,90,24,7000
HOUSEHOLD_1_153,SUP004,Balanced,2.01,6,84,80,91,27,7000
FOODS_1_154,SUP005,Balanced,1.52,8,88,80,90,24,7000
FOODS_1_154,SUP006,Cost,1.25,12,76,76,84,32,12000
FOODS_1_154,SUP011,Regional,1.57,8,80,80,84,37,5000
FOODS_1_154,SUP007,Cost,1.3,14,83,76,85,47,12000
HOUSEHOLD_1_202,SUP006,Cost,1.8,12,76,76,84,32,12000
HOUSEHOLD_1_202,SUP005,Balanced,2.0,8,88,80,90,24,7000
HOUSEHOLD_1_202,SUP007,Cost,1.71,14,83,76,85,47,12000
HOUSEHOLD_1_202,SUP011,Regional,2.02,8,80,80,84,37,5000
HOUSEHOLD_1_477,SUP006,Cost,12.07,12,76,76,84,32,12000
HOUSEHOLD_1_477,SUP011,Regional,14.19,8,80,80,84,37,5000
HOUSEHOLD_1_477,SUP012,Regional,14.15,4,86,76,84,33,5000
HOUSEHOLD_1_477,SUP003,Balanced,13.52,10,84,81,87,20,7000
HOUSEHOLD_1_186,SUP006,Cost,2.81,12,76,76,84,32,12000
HOUSEHOLD_1_186,SUP005,Balanced,3.2,8,88,80,90,24,7000
HOUSEHOLD_1_186,SUP011,Regional,3.12,8,80,80,84,37,5000
HOUSEHOLD_1_186,SUP007,Cost,2.6,14,83,76,85,47,12000
HOUSEHOLD_1_303,SUP007,Cost,0.78,14,83,76,85,47,12000
HOUSEHOLD_1_303,SUP003,Balanced,1.02,10,84,81,87,20,7000
HOUSEHOLD_1_303,SUP004,Balanced,0.98,6,84,80,91,27,7000
HOUSEHOLD_1_303,SUP012,Regional,1.06,4,86,76,84,33,5000
HOUSEHOLD_1_521,SUP007,Cost,0.79,14,83,76,85,47,12000
HOUSEHOLD_1_521,SUP011,Regional,0.95,8,80,80,84,37,5000
HOUSEHOLD_1_521,SUP004,Balanced,0.94,6,84,80,91,27,7000
HOUSEHOLD_1_521,SUP006,Cost,0.86,12,76,76,84,32,12000
HOUSEHOLD_1_225,SUP011,Regional,1.74,8,80,80,84,37,5000
HOUSEHOLD_1_225,SUP012,Regional,1.84,4,86,76,84,33,5000
HOUSEHOLD_1_225,SUP007,Cost,1.5,14,83,76,85,47,12000
HOUSEHOLD_1_225,SUP003,Balanced,1.7,10,84,81,87,20,7000
FOODS_1_045,SUP012,Regional,1.96,4,86,76,84,33,5000
FOODS_1_045,SUP003,Balanced,1.87,10,84,81,87,20,7000
FOODS_1_045,SUP006,Cost,1.62,12,76,76,84,32,12000
FOODS_1_045,SUP011,Regional,1.74,8,80,80,84,37,5000
FOODS_2_152,SUP003,Balanced,2.44,10,84,81,87,20,7000
FOODS_2_152,SUP012,Regional,2.5,4,86,76,84,33,5000
FOODS_2_152,SUP011,Regional,2.35,8,80,80,84,37,5000
FOODS_2_152,SUP007,Cost,2.11,14,83,76,85,47,12000
FOODS_2_357,SUP006,Cost,1.76,12,76,76,84,32,12000
FOODS_2_357,SUP007,Cost,1.67,14,83,76,85,47,12000
FOODS_2_357,SUP004,Balanced,2.09,6,84,80,91,27,7000
FOODS_2_357,SUP012,Regional,2.19,4,86,76,84,33,5000
FOODS_1_137,SUP003,Balanced,2.09,10,84,81,87,20,7000
FOODS_1_137,SUP011,Regional,2.03,8,80,80,84,37,5000
FOODS_1_137,SUP004,Balanced,1.98,6,84,80,91,27,7000
FOODS_1_137,SUP012,Regional,2.12,4,86,76,84,33,5000
FOODS_2_063,SUP005,Balanced,3.14,8,88,80,90,24,7000
FOODS_2_063,SUP003,Balanced,3.04,10,84,81,87,20,7000
FOODS_2_063,SUP007,Cost,2.45,14,83,76,85,47,12000
FOODS_2_063,SUP012,Regional,3.22,4,86,76,84,33,5000
HOUSEHOLD_1_505,SUP012,Regional,2.73,4,86,76,84,33,5000
HOUSEHOLD_1_505,SUP005,Balanced,2.42,8,88,80,90,24,7000
HOUSEHOLD_1_505,SUP011,Regional,2.48,8,80,80,84,37,5000
HOUSEHOLD_1_505,SUP003,Balanced,2.53,10,84,81,87,20,7000
HOUSEHOLD_1_339,SUP007,Cost,0.81,14,83,76,85,47,12000
HOUSEHOLD_1_339,SUP004,Balanced,0.95,6,84,80,91,27,7000
HOUSEHOLD_1_339,SUP005,Balanced,1.03,8,88,80,90,24,7000
HOUSEHOLD_1_339,SUP011,Regional,0.94,8,80,80,84,37,5000
FOODS_1_163,SUP005,Balanced,0.95,8,88,80,90,24,7000
FOODS_1_163,SUP011,Regional,0.97,8,80,80,84,37,5000
FOODS_1_163,SUP004,Balanced,1.02,6,84,80,91,27,7000
FOODS_1_163,SUP007,Cost,0.85,14,83,76,85,47,12000
FOODS_2_311,SUP005,Balanced,2.88,8,88,80,90,24,7000
FOODS_2_311,SUP012,Regional,3.11,4,86,76,84,33,5000
FOODS_2_311,SUP003,Balanced,3.01,10,84,81,87,20,7000
FOODS_2_311,SUP004,Balanced,2.96,6,84,80,91,27,7000
HOUSEHOLD_1_262,SUP012,Regional,1.08,4,86,76,84,33,5000
HOUSEHOLD_1_262,SUP011,Regional,0.96,8,80,80,84,37,5000
HOUSEHOLD_1_262,SUP006,Cost,0.88,12,76,76,84,32,12000
HOUSEHOLD_1_262,SUP007,Cost,0.85,14,83,76,85,47,12000
FOODS_1_207,SUP003,Balanced,3.55,10,84,81,87,20,7000
FOODS_1_207,SUP006,Cost,2.8,12,76,76,84,32,12000
FOODS_1_207,SUP004,Balanced,3.5,6,84,80,91,27,7000
FOODS_1_207,SUP007,Cost,2.68,14,83,76,85,47,12000
FOODS_1_206,SUP003,Balanced,2.24,10,84,81,87,20,7000
FOODS_1_206,SUP011,Regional,2.07,8,80,80,84,37,5000
FOODS_1_206,SUP006,Cost,1.79,12,76,76,84,32,12000
FOODS_1_206,SUP012,Regional,2.36,4,86,76,84,33,5000
FOODS_2_247,SUP003,Balanced,2.26,10,84,81,87,20,7000
FOODS_2_247,SUP006,Cost,2.04,12,76,76,84,32,12000
FOODS_2_247,SUP011,Regional,2.3,8,80,80,84,37,5000
FOODS_2_247,SUP004,Balanced,2.37,6,84,80,91,27,7000
FOODS_2_285,SUP005,Balanced,4.07,8,88,80,90,24,7000
FOODS_2_285,SUP006,Cost,3.33,12,76,76,84,32,12000
FOODS_2_285,SUP011,Regional,4.2,8,80,80,84,37,5000
FOODS_2_285,SUP012,Regional,4.44,4,86,76,84,33,5000
HOUSEHOLD_1_223,SUP007,Cost,8.09,14,83,76,85,47,12000
HOUSEHOLD_1_223,SUP012,Regional,9.83,4,86,76,84,33,5000
HOUSEHOLD_1_223,SUP004,Balanced,9.55,6,84,80,91,27,7000
HOUSEHOLD_1_223,SUP003,Balanced,9.79,10,84,81,87,20,7000
HOUSEHOLD_1_438,SUP004,Balanced,7.54,6,84,80,91,27,7000
HOUSEHOLD_1_438,SUP005,Balanced,7.49,8,88,80,90,24,7000
HOUSEHOLD_1_438,SUP003,Balanced,7.4,10,84,81,87,20,7000
HOUSEHOLD_1_438,SUP011,Regional,7.67,8,80,80,84,37,5000
HOUSEHOLD_1_196,SUP012,Regional,2.1,4,86,76,84,33,5000
HOUSEHOLD_1_196,SUP003,Balanced,2.05,10,84,81,87,20,7000
HOUSEHOLD_1_196,SUP011,Regional,1.94,8,80,80,84,37,5000
HOUSEHOLD_1_196,SUP006,Cost,1.66,12,76,76,84,32,12000
HOUSEHOLD_1_385,SUP006,Cost,1.68,12,76,76,84,32,12000
HOUSEHOLD_1_385,SUP007,Cost,1.64,14,83,76,85,47,12000
HOUSEHOLD_1_385,SUP012,Regional,2.06,4,86,76,84,33,5000
HOUSEHOLD_1_385,SUP003,Balanced,1.95,10,84,81,87,20,7000
HOUSEHOLD_1_109,SUP012,Regional,4.31,4,86,76,84,33,5000
HOUSEHOLD_1_109,SUP004,Balanced,3.88,6,84,80,91,27,7000
HOUSEHOLD_1_109,SUP003,Balanced,3.96,10,84,81,87,20,7000
HOUSEHOLD_1_109,SUP007,Cost,3.22,14,83,76,85,47,12000
FOODS_2_309,SUP005,Balanced,2.78,8,88,80,90,24,7000
FOODS_2_309,SUP003,Balanced,2.86,10,84,81,87,20,7000
FOODS_2_309,SUP004,Balanced,2.69,6,84,80,91,27,7000
FOODS_2_309,SUP012,Regional,2.95,4,86,76,84,33,5000
FOODS_2_109,SUP011,Regional,3.09,8,80,80,84,37,5000
FOODS_2_109,SUP003,Balanced,3.16,10,84,81,87,20,7000
FOODS_2_109,SUP007,Cost,2.38,14,83,76,85,47,12000
FOODS_2_109,SUP004,Balanced,2.99,6,84,80,91,27,7000
FOODS_1_040,SUP003,Balanced,1.78,10,84,81,87,20,7000
FOODS_1_040,SUP006,Cost,1.56,12,76,76,84,32,12000
FOODS_1_040,SUP012,Regional,1.89,4,86,76,84,33,5000
FOODS_1_040,SUP004,Balanced,1.86,6,84,80,91,27,7000
HOUSEHOLD_1_359,SUP006,Cost,5.71,12,76,76,84,32,12000
HOUSEHOLD_1_359,SUP005,Balanced,6.88,8,88,80,90,24,7000
HOUSEHOLD_1_359,SUP003,Balanced,6.95,10,84,81,87,20,7000
HOUSEHOLD_1_359,SUP004,Balanced,7.07,6,84,80,91,27,7000
HOUSEHOLD_1_327,SUP003,Balanced,1.04,10,84,81,87,20,7000
HOUSEHOLD_1_327,SUP005,Balanced,0.96,8,88,80,90,24,7000
HOUSEHOLD_1_327,SUP011,Regional,1.0,8,80,80,84,37,5000
HOUSEHOLD_1_327,SUP004,Balanced,1.01,6,84,80,91,27,7000
FOODS_1_153,SUP005,Balanced,2.07,8,88,80,90,24,7000
FOODS_1_153,SUP003,Balanced,1.95,10,84,81,87,20,7000
FOODS_1_153,SUP011,Regional,1.91,8,80,80,84,37,5000
FOODS_1_153,SUP004,Balanced,2.01,6,84,80,91,27,7000
HOUSEHOLD_1_346,SUP007,Cost,3.42,14,83,76,85,47,12000
HOUSEHOLD_1_346,SUP005,Balanced,3.8,8,88,80,90,24,7000
HOUSEHOLD_1_346,SUP011,Regional,4.16,8,80,80,84,37,5000
HOUSEHOLD_1_346,SUP006,Cost,3.41,12,76,76,84,32,12000
FOODS_2_128,SUP006,Cost,0.84,12,76,76,84,32,12000
FOODS_2_128,SUP007,Cost,0.78,14,83,76,85,47,12000
FOODS_2_128,SUP003,Balanced,1.0,10,84,81,87,20,7000
FOODS_2_128,SUP011,Regional,0.91,8,80,80,84,37,5000
FOODS_2_126,SUP005,Balanced,4.62,8,88,80,90,24,7000
FOODS_2_126,SUP004,Balanced,4.93,6,84,80,91,27,7000
FOODS_2_126,SUP011,Regional,4.63,8,80,80,84,37,5000
FOODS_2_126,SUP012,Regional,4.92,4,86,76,84,33,5000
FOODS_1_130,SUP005,Balanced,1.76,8,88,80,90,24,7000
FOODS_1_130,SUP011,Regional,1.78,8,80,80,84,37,5000
FOODS_1_130,SUP004,Balanced,1.85,6,84,80,91,27,7000
FOODS_1_130,SUP012,Regional,1.95,4,86,76,84,33,5000
HOUSEHOLD_1_414,SUP012,Regional,1.07,4,86,76,84,33,5000
HOUSEHOLD_1_414,SUP007,Cost,0.84,14,83,76,85,47,12000
HOUSEHOLD_1_414,SUP003,Balanced,0.98,10,84,81,87,20,7000
HOUSEHOLD_1_414,SUP004,Balanced,0.94,6,84,80,91,27,7000
FOODS_1_061,SUP005,Balanced,2.2,8,88,80,90,24,7000
FOODS_1_061,SUP012,Regional,2.33,4,86,76,84,33,5000
FOODS_1_061,SUP004,Balanced,2.29,6,84,80,91,27,7000
FOODS_1_061,SUP007,Cost,1.93,14,83,76,85,47,12000
HOUSEHOLD_1_047,SUP006,Cost,3.78,12,76,76,84,32,12000
HOUSEHOLD_1_047,SUP011,Regional,4.35,8,80,80,84,37,5000
HOUSEHOLD_1_047,SUP007,Cost,3.43,14,83,76,85,47,12000
HOUSEHOLD_1_047,SUP005,Balanced,4.41,8,88,80,90,24,7000
FOODS_2_326,SUP003,Balanced,1.07,10,84,81,87,20,7000
FOODS_2_326,SUP004,Balanced,1.03,6,84,80,91,27,7000
FOODS_2_326,SUP005,Balanced,0.97,8,88,80,90,24,7000
FOODS_2_326,SUP006,Cost,0.85,12,76,76,84,32,12000
HOUSEHOLD_1_205,SUP007,Cost,4.96,14,83,76,85,47,12000
HOUSEHOLD_1_205,SUP012,Regional,6.49,4,86,76,84,33,5000
HOUSEHOLD_1_205,SUP005,Balanced,6.28,8,88,80,90,24,7000
HOUSEHOLD_1_205,SUP006,Cost,5.03,12,76,76,84,32,12000
FOODS_2_232,SUP012,Regional,2.9,4,86,76,84,33,5000
FOODS_2_232,SUP011,Regional,2.64,8,80,80,84,37,5000
FOODS_2_232,SUP003,Balanced,2.6,10,84,81,87,20,7000
FOODS_2_232,SUP004,Balanced,2.69,6,84,80,91,27,7000
FOODS_1_115,SUP005,Balanced,3.61,8,88,80,90,24,7000
FOODS_1_115,SUP007,Cost,3.11,14,83,76,85,47,12000
FOODS_1_115,SUP012,Regional,3.95,4,86,76,84,33,5000
FOODS_1_115,SUP011,Regional,3.73,8,80,80,84,37,5000
HOUSEHOLD_1_540,SUP012,Regional,1.75,4,86,76,84,33,5000
HOUSEHOLD_1_540,SUP007,Cost,1.38,14,83,76,85,47,12000
HOUSEHOLD_1_540,SUP004,Balanced,1.66,6,84,80,91,27,7000
HOUSEHOLD_1_540,SUP003,Balanced,1.8,10,84,81,87,20,7000
FOODS_1_166,SUP006,Cost,1.95,12,76,76,84,32,12000
FOODS_1_166,SUP011,Regional,2.29,8,80,80,84,37,5000
FOODS_1_166,SUP003,Balanced,2.32,10,84,81,87,20,7000
FOODS_1_166,SUP007,Cost,1.84,14,83,76,85,47,12000
HOUSEHOLD_1_132,SUP011,Regional,1.98,8,80,80,84,37,5000
HOUSEHOLD_1_132,SUP004,Balanced,1.92,6,84,80,91,27,7000
HOUSEHOLD_1_132,SUP003,Balanced,2.05,10,84,81,87,20,7000
HOUSEHOLD_1_132,SUP012,Regional,2.19,4,86,76,84,33,5000
FOODS_1_074,SUP012,Regional,2.51,4,86,76,84,33,5000
FOODS_1_074,SUP004,Balanced,2.3,6,84,80,91,27,7000
FOODS_1_074,SUP011,Regional,2.23,8,80,80,84,37,5000
FOODS_1_074,SUP003,Balanced,2.37,10,84,81,87,20,7000
HOUSEHOLD_1_122,SUP007,Cost,1.95,14,83,76,85,47,12000
HOUSEHOLD_1_122,SUP006,Cost,1.97,12,76,76,84,32,12000
HOUSEHOLD_1_122,SUP003,Balanced,2.22,10,84,81,87,20,7000
HOUSEHOLD_1_122,SUP004,Balanced,2.34,6,84,80,91,27,7000
HOUSEHOLD_1_173,SUP005,Balanced,1.03,8,88,80,90,24,7000
HOUSEHOLD_1_173,SUP007,Cost,0.8,14,83,76,85,47,12000
HOUSEHOLD_1_173,SUP012,Regional,1.03,4,86,76,84,33,5000
HOUSEHOLD_1_173,SUP004,Balanced,0.95,6,84,80,91,27,7000
HOUSEHOLD_1_443,SUP006,Cost,2.1,12,76,76,84,32,12000
HOUSEHOLD_1_443,SUP007,Cost,2.09,14,83,76,85,47,12000
HOUSEHOLD_1_443,SUP004,Balanced,2.54,6,84,80,91,27,7000
HOUSEHOLD_1_443,SUP003,Balanced,2.46,10,84,81,87,20,7000
FOODS_2_081,SUP006,Cost,2.05,12,76,76,84,32,12000
FOODS_2_081,SUP003,Balanced,2.47,10,84,81,87,20,7000
FOODS_2_081,SUP005,Balanced,2.42,8,88,80,90,24,7000
FOODS_2_081,SUP012,Regional,2.64,4,86,76,84,33,5000
HOUSEHOLD_1_094,SUP012,Regional,3.61,4,86,76,84,33,5000
HOUSEHOLD_1_094,SUP011,Regional,3.43,8,80,80,84,37,5000
HOUSEHOLD_1_094,SUP005,Balanced,3.59,8,88,80,90,24,7000
HOUSEHOLD_1_094,SUP004,Balanced,3.36,6,84,80,91,27,7000
FOODS_2_004,SUP003,Balanced,4.16,10,84,81,87,20,7000
FOODS_2_004,SUP007,Cost,3.27,14,83,76,85,47,12000
FOODS_2_004,SUP006,Cost,3.24,12,76,76,84,32,12000
FOODS_2_004,SUP005,Balanced,3.77,8,88,80,90,24,7000
HOUSEHOLD_1_478,SUP011,Regional,2.8,8,80,80,84,37,5000
HOUSEHOLD_1_478,SUP005,Balanced,2.7,8,88,80,90,24,7000
HOUSEHOLD_1_478,SUP003,Balanced,2.72,10,84,81,87,20,7000
HOUSEHOLD_1_478,SUP012,Regional,2.77,4,86,76,84,33,5000
HOUSEHOLD_1_019,SUP007,Cost,0.85,14,83,76,85,47,12000
HOUSEHOLD_1_019,SUP006,Cost,0.87,12,76,76,84,32,12000
HOUSEHOLD_1_019,SUP011,Regional,1.01,8,80,80,84,37,5000
HOUSEHOLD_1_019,SUP005,Balanced,0.97,8,88,80,90,24,7000
FOODS_1_036,SUP004,Balanced,1.83,6,84,80,91,27,7000
FOODS_1_036,SUP011,Regional,1.89,8,80,80,84,37,5000
FOODS_1_036,SUP005,Balanced,1.84,8,88,80,90,24,7000
FOODS_1_036,SUP007,Cost,1.53,14,83,76,85,47,12000
FOODS_2_376,SUP005,Balanced,1.94,8,88,80,90,24,7000
FOODS_2_376,SUP012,Regional,2.01,4,86,76,84,33,5000
FOODS_2_376,SUP011,Regional,1.89,8,80,80,84,37,5000
FOODS_2_376,SUP006,Cost,1.75,12,76,76,84,32,12000
HOUSEHOLD_1_261,SUP004,Balanced,6.3,6,84,80,91,27,7000
HOUSEHOLD_1_261,SUP006,Cost,5.06,12,76,76,84,32,12000
HOUSEHOLD_1_261,SUP012,Regional,6.4,4,86,76,84,33,5000
HOUSEHOLD_1_261,SUP005,Balanced,6.26,8,88,80,90,24,7000
FOODS_1_082,SUP005,Balanced,1.03,8,88,80,90,24,7000
FOODS_1_082,SUP004,Balanced,1.01,6,84,80,91,27,7000
FOODS_1_082,SUP011,Regional,1.01,8,80,80,84,37,5000
FOODS_1_082,SUP003,Balanced,0.97,10,84,81,87,20,7000
FOODS_1_181,SUP007,Cost,1.17,14,83,76,85,47,12000
FOODS_1_181,SUP011,Regional,1.33,8,80,80,84,37,5000
FOODS_1_181,SUP006,Cost,1.19,12,76,76,84,32,12000
FOODS_1_181,SUP003,Balanced,1.35,10,84,81,87,20,7000
HOUSEHOLD_1_482,SUP005,Balanced,3.06,8,88,80,90,24,7000
HOUSEHOLD_1_482,SUP004,Balanced,2.98,6,84,80,91,27,7000
HOUSEHOLD_1_482,SUP007,Cost,2.47,14,83,76,85,47,12000
HOUSEHOLD_1_482,SUP011,Regional,3.06,8,80,80,84,37,5000
HOUSEHOLD_1_389,SUP005,Balanced,0.98,8,88,80,90,24,7000
HOUSEHOLD_1_389,SUP003,Balanced,1.03,10,84,81,87,20,7000
HOUSEHOLD_1_389,SUP007,Cost,0.78,14,83,76,85,47,12000
HOUSEHOLD_1_389,SUP011,Regional,0.98,8,80,80,84,37,5000
HOUSEHOLD_1_275,SUP011,Regional,2.97,8,80,80,84,37,5000
HOUSEHOLD_1_275,SUP003,Balanced,3.01,10,84,81,87,20,7000
HOUSEHOLD_1_275,SUP012,Regional,3.29,4,86,76,84,33,5000
HOUSEHOLD_1_275,SUP007,Cost,2.39,14,83,76,85,47,12000
HOUSEHOLD_1_112,SUP003,Balanced,3.2,10,84,81,87,20,7000
HOUSEHOLD_1_112,SUP011,Regional,2.88,8,80,80,84,37,5000
HOUSEHOLD_1_112,SUP007,Cost,2.47,14,83,76,85,47,12000
HOUSEHOLD_1_112,SUP006,Cost,2.52,12,76,76,84,32,12000
HOUSEHOLD_1_448,SUP005,Balanced,1.0,8,88,80,90,24,7000
HOUSEHOLD_1_448,SUP006,Cost,0.82,12,76,76,84,32,12000
HOUSEHOLD_1_448,SUP011,Regional,1.0,8,80,80,84,37,5000
HOUSEHOLD_1_448,SUP012,Regional,1.05,4,86,76,84,33,5000
HOUSEHOLD_1_516,SUP004,Balanced,1.87,6,84,80,91,27,7000
HOUSEHOLD_1_516,SUP005,Balanced,2.01,8,88,80,90,24,7000
HOUSEHOLD_1_516,SUP011,Regional,1.95,8,80,80,84,37,5000
HOUSEHOLD_1_516,SUP012,Regional,2.01,4,86,76,84,33,5000
HOUSEHOLD_1_348,SUP004,Balanced,2.0,6,84,80,91,27,7000
HOUSEHOLD_1_348,SUP005,Balanced,1.97,8,88,80,90,24,7000
HOUSEHOLD_1_348,SUP007,Cost,1.53,14,83,76,85,47,12000
HOUSEHOLD_1_348,SUP006,Cost,1.69,12,76,76,84,32,12000
FOODS_1_042,SUP005,Balanced,0.96,8,88,80,90,24,7000
FOODS_1_042,SUP006,Cost,0.86,12,76,76,84,32,12000
FOODS_1_042,SUP007,Cost,0.8,14,83,76,85,47,12000
FOODS_1_042,SUP012,Regional,1.01,4,86,76,84,33,5000
FOODS_2_075,SUP003,Balanced,2.36,10,84,81,87,20,7000
FOODS_2_075,SUP004,Balanced,2.37,6,84,80,91,27,7000
FOODS_2_075,SUP012,Regional,2.69,4,86,76,84,33,5000
FOODS_2_075,SUP011,Regional,2.48,8,80,80,84,37,5000
FOODS_1_054,SUP012,Regional,2.17,4,86,76,84,33,5000
FOODS_1_054,SUP011,Regional,1.99,8,80,80,84,37,5000
FOODS_1_054,SUP005,Balanced,1.92,8,88,80,90,24,7000
FOODS_1_054,SUP004,Balanced,2.06,6,84,80,91,27,7000
HOUSEHOLD_1_179,SUP007,Cost,0.81,14,83,76,85,47,12000
HOUSEHOLD_1_179,SUP003,Balanced,1.05,10,84,81,87,20,7000
HOUSEHOLD_1_179,SUP005,Balanced,1.01,8,88,80,90,24,7000
HOUSEHOLD_1_179,SUP004,Balanced,0.94,6,84,80,91,27,7000
FOODS_1_064,SUP007,Cost,2.25,14,83,76,85,47,12000
FOODS_1_064,SUP004,Balanced,2.6,6,84,80,91,27,7000
FOODS_1_064,SUP012,Regional,2.94,4,86,76,84,33,5000
FOODS_1_064,SUP006,Cost,2.4,12,76,76,84,32,12000
HOUSEHOLD_1_445,SUP012,Regional,2.06,4,86,76,84,33,5000
HOUSEHOLD_1_445,SUP006,Cost,1.71,12,76,76,84,32,12000
HOUSEHOLD_1_445,SUP007,Cost,1.62,14,83,76,85,47,12000
HOUSEHOLD_1_445,SUP003,Balanced,2.09,10,84,81,87,20,7000
HOUSEHOLD_1_380,SUP004,Balanced,4.57,6,84,80,91,27,7000
HOUSEHOLD_1_380,SUP003,Balanced,4.92,10,84,81,87,20,7000
HOUSEHOLD_1_380,SUP005,Balanced,4.64,8,88,80,90,24,7000
HOUSEHOLD_1_380,SUP012,Regional,4.76,4,86,76,84,33,5000
FOODS_1_006,SUP003,Balanced,2.44,10,84,81,87,20,7000
FOODS_1_006,SUP007,Cost,2.0,14,83,76,85,47,12000
FOODS_1_006,SUP005,Balanced,2.26,8,88,80,90,24,7000
FOODS_1_006,SUP004,Balanced,2.42,6,84,80,91,27,7000
FOODS_2_170,SUP011,Regional,3.35,8,80,80,84,37,5000
FOODS_2_170,SUP004,Balanced,3.17,6,84,80,91,27,7000
FOODS_2_170,SUP007,Cost,2.72,14,83,76,85,47,12000
FOODS_2_170,SUP005,Balanced,3.33,8,88,80,90,24,7000
FOODS_2_145,SUP007,Cost,1.93,14,83,76,85,47,12000
FOODS_2_145,SUP004,Balanced,2.49,6,84,80,91,27,7000
FOODS_2_145,SUP012,Regional,2.53,4,86,76,84,33,5000
FOODS_2_145,SUP006,Cost,1.96,12,76,76,84,32,12000
FOODS_2_061,SUP003,Balanced,2.05,10,84,81,87,20,7000
FOODS_2_061,SUP005,Balanced,1.95,8,88,80,90,24,7000
FOODS_2_061,SUP012,Regional,2.05,4,86,76,84,33,5000
FOODS_2_061,SUP006,Cost,1.75,12,76,76,84,32,12000
HOUSEHOLD_1_283,SUP007,Cost,1.19,14,83,76,85,47,12000
HOUSEHOLD_1_283,SUP005,Balanced,1.53,8,88,80,90,24,7000
HOUSEHOLD_1_283,SUP004,Balanced,1.45,6,84,80,91,27,7000
HOUSEHOLD_1_283,SUP011,Regional,1.55,8,80,80,84,37,5000
HOUSEHOLD_1_175,SUP003,Balanced,4.95,10,84,81,87,20,7000
HOUSEHOLD_1_175,SUP012,Regional,5.25,4,86,76,84,33,5000
HOUSEHOLD_1_175,SUP005,Balanced,5.09,8,88,80,90,24,7000
HOUSEHOLD_1_175,SUP007,Cost,4.08,14,83,76,85,47,12000
FOODS_2_267,SUP003,Balanced,1.97,10,84,81,87,20,7000
FOODS_2_267,SUP012,Regional,2.03,4,86,76,84,33,5000
FOODS_2_267,SUP011,Regional,1.9,8,80,80,84,37,5000
FOODS_2_267,SUP006,Cost,1.74,12,76,76,84,32,12000
HOUSEHOLD_1_124,SUP007,Cost,3.24,14,83,76,85,47,12000
HOUSEHOLD_1_124,SUP011,Regional,4.08,8,80,80,84,37,5000
HOUSEHOLD_1_124,SUP012,Regional,4.27,4,86,76,84,33,5000
HOUSEHOLD_1_124,SUP003,Balanced,4.14,10,84,81,87,20,7000
FOODS_2_024,SUP011,Regional,2.66,8,80,80,84,37,5000
FOODS_2_024,SUP007,Cost,2.13,14,83,76,85,47,12000
FOODS_2_024,SUP008,Cost,1.81,13,78,71,73,31,12000
FOODS_2_024,SUP012,Regional,2.75,4,86,76,84,33,5000
FOODS_2_327,SUP012,Regional,2.08,4,86,76,84,33,5000
FOODS_2_327,SUP006,Cost,1.76,12,76,76,84,32,12000
FOODS_2_327,SUP011,Regional,2.13,8,80,80,84,37,5000
FOODS_2_327,SUP008,Cost,1.44,13,78,71,73,31,12000
FOODS_1_083,SUP012,Regional,2.09,4,86,76,84,33,5000
FOODS_1_083,SUP006,Cost,1.71,12,76,76,84,32,12000
FOODS_1_083,SUP007,Cost,1.6,14,83,76,85,47,12000
FOODS_1_083,SUP011,Regional,2.08,8,80,80,84,37,5000
FOODS_1_112,SUP006,Cost,1.78,12,76,76,84,32,12000
FOODS_1_112,SUP008,Cost,1.53,13,78,71,73,31,12000
FOODS_1_112,SUP011,Regional,2.07,8,80,80,84,37,5000
FOODS_1_112,SUP007,Cost,1.69,14,83,76,85,47,12000
HOUSEHOLD_1_319,SUP011,Regional,2.0,8,80,80,84,37,5000
HOUSEHOLD_1_319,SUP012,Regional,2.11,4,86,76,84,33,5000
HOUSEHOLD_1_319,SUP006,Cost,1.62,12,76,76,84,32,12000
HOUSEHOLD_1_319,SUP008,Cost,1.46,13,78,71,73,31,12000
FOODS_2_192,SUP008,Cost,1.46,13,78,71,73,31,12000
FOODS_2_192,SUP012,Regional,2.18,4,86,76,84,33,5000
FOODS_2_192,SUP007,Cost,1.64,14,83,76,85,47,12000
FOODS_2_192,SUP006,Cost,1.62,12,76,76,84,32,12000
HOUSEHOLD_1_007,SUP006,Cost,1.33,12,76,76,84,32,12000
HOUSEHOLD_1_007,SUP011,Regional,1.47,8,80,80,84,37,5000
HOUSEHOLD_1_007,SUP008,Cost,1.16,13,78,71,73,31,12000
HOUSEHOLD_1_007,SUP012,Regional,1.64,4,86,76,84,33,5000
FOODS_2_116,SUP007,Cost,1.66,14,83,76,85,47,12000
FOODS_2_116,SUP008,Cost,1.48,13,78,71,73,31,12000
FOODS_2_116,SUP012,Regional,2.14,4,86,76,84,33,5000
FOODS_2_116,SUP011,Regional,1.99,8,80,80,84,37,5000
HOUSEHOLD_1_404,SUP006,Cost,2.29,12,76,76,84,32,12000
HOUSEHOLD_1_404,SUP011,Regional,2.63,8,80,80,84,37,5000
HOUSEHOLD_1_404,SUP007,Cost,2.08,14,83,76,85,47,12000
HOUSEHOLD_1_404,SUP012,Regional,2.72,4,86,76,84,33,5000
HOUSEHOLD_1_426,SUP008,Cost,1.94,13,78,71,73,31,12000
HOUSEHOLD_1_426,SUP007,Cost,2.1,14,83,76,85,47,12000
HOUSEHOLD_1_426,SUP012,Regional,2.7,4,86,76,84,33,5000
HOUSEHOLD_1_426,SUP011,Regional,2.65,8,80,80,84,37,5000
HOUSEHOLD_1_004,SUP012,Regional,2.5,4,86,76,84,33,5000
HOUSEHOLD_1_004,SUP006,Cost,2.02,12,76,76,84,32,12000
HOUSEHOLD_1_004,SUP007,Cost,2.08,14,83,76,85,47,12000
HOUSEHOLD_1_004,SUP008,Cost,1.8,13,78,71,73,31,12000
HOUSEHOLD_1_278,SUP008,Cost,4.29,13,78,71,73,31,12000
HOUSEHOLD_1_278,SUP011,Regional,6.1,8,80,80,84,37,5000
HOUSEHOLD_1_278,SUP006,Cost,5.44,12,76,76,84,32,12000
HOUSEHOLD_1_278,SUP007,Cost,5.19,14,83,76,85,47,12000
HOUSEHOLD_1_277,SUP007,Cost,0.82,14,83,76,85,47,12000
HOUSEHOLD_1_277,SUP008,Cost,0.75,13,78,71,73,31,12000
HOUSEHOLD_1_277,SUP011,Regional,0.99,8,80,80,84,37,5000
HOUSEHOLD_1_277,SUP006,Cost,0.81,12,76,76,84,32,12000
HOUSEHOLD_1_350,SUP011,Regional,2.91,8,80,80,84,37,5000
HOUSEHOLD_1_350,SUP012,Regional,2.82,4,86,76,84,33,5000
HOUSEHOLD_1_350,SUP007,Cost,2.35,14,83,76,85,47,12000
HOUSEHOLD_1_350,SUP006,Cost,2.28,12,76,76,84,32,12000
FOODS_2_053,SUP012,Regional,7.93,4,86,76,84,33,5000
FOODS_2_053,SUP006,Cost,6.56,12,76,76,84,32,12000
FOODS_2_053,SUP008,Cost,5.45,13,78,71,73,31,12000
FOODS_2_053,SUP007,Cost,6.18,14,83,76,85,47,12000
FOODS_1_201,SUP011,Regional,2.3,8,80,80,84,37,5000
FOODS_1_201,SUP012,Regional,2.46,4,86,76,84,33,5000
FOODS_1_201,SUP006,Cost,1.87,12,76,76,84,32,12000
FOODS_1_201,SUP007,Cost,1.83,14,83,76,85,47,12000
FOODS_2_391,SUP012,Regional,2.14,4,86,76,84,33,5000
FOODS_2_391,SUP007,Cost,1.67,14,83,76,85,47,12000
FOODS_2_391,SUP008,Cost,1.53,13,78,71,73,31,12000
FOODS_2_391,SUP006,Cost,1.85,12,76,76,84,32,12000
HOUSEHOLD_1_028,SUP011,Regional,2.9,8,80,80,84,37,5000
HOUSEHOLD_1_028,SUP008,Cost,2.06,13,78,71,73,31,12000
HOUSEHOLD_1_028,SUP012,Regional,2.98,4,86,76,84,33,5000
HOUSEHOLD_1_028,SUP007,Cost,2.35,14,83,76,85,47,12000
HOUSEHOLD_1_234,SUP007,Cost,0.81,14,83,76,85,47,12000
HOUSEHOLD_1_234,SUP008,Cost,0.71,13,78,71,73,31,12000
HOUSEHOLD_1_234,SUP011,Regional,0.99,8,80,80,84,37,5000
HOUSEHOLD_1_234,SUP012,Regional,1.02,4,86,76,84,33,5000
HOUSEHOLD_1_458,SUP008,Cost,1.92,13,78,71,73,31,12000
HOUSEHOLD_1_458,SUP007,Cost,1.97,14,83,76,85,47,12000
HOUSEHOLD_1_458,SUP011,Regional,2.58,8,80,80,84,37,5000
HOUSEHOLD_1_458,SUP012,Regional,2.74,4,86,76,84,33,5000
HOUSEHOLD_1_479,SUP011,Regional,7.6,8,80,80,84,37,5000
HOUSEHOLD_1_479,SUP012,Regional,7.91,4,86,76,84,33,5000
HOUSEHOLD_1_479,SUP008,Cost,5.62,13,78,71,73,31,12000
HOUSEHOLD_1_479,SUP007,Cost,6.05,14,83,76,85,47,12000
HOUSEHOLD_1_232,SUP007,Cost,3.54,14,83,76,85,47,12000
HOUSEHOLD_1_232,SUP008,Cost,3.01,13,78,71,73,31,12000
HOUSEHOLD_1_232,SUP011,Regional,4.16,8,80,80,84,37,5000
HOUSEHOLD_1_232,SUP012,Regional,4.5,4,86,76,84,33,5000
HOUSEHOLD_1_439,SUP011,Regional,1.01,8,80,80,84,37,5000
HOUSEHOLD_1_439,SUP007,Cost,0.86,14,83,76,85,47,12000
HOUSEHOLD_1_439,SUP012,Regional,1.01,4,86,76,84,33,5000
HOUSEHOLD_1_439,SUP008,Cost,0.72,13,78,71,73,31,12000
HOUSEHOLD_1_397,SUP012,Regional,3.1,4,86,76,84,33,5000
HOUSEHOLD_1_397,SUP007,Cost,2.37,14,83,76,85,47,12000
HOUSEHOLD_1_397,SUP008,Cost,2.04,13,78,71,73,31,12000
HOUSEHOLD_1_397,SUP011,Regional,2.86,8,80,80,84,37,5000
HOUSEHOLD_1_425,SUP008,Cost,1.55,13,78,71,73,31,12000
HOUSEHOLD_1_425,SUP011,Regional,2.04,8,80,80,84,37,5000
HOUSEHOLD_1_425,SUP007,Cost,1.71,14,83,76,85,47,12000
HOUSEHOLD_1_425,SUP012,Regional,2.02,4,86,76,84,33,5000
HOUSEHOLD_1_198,SUP007,Cost,0.83,14,83,76,85,47,12000
HOUSEHOLD_1_198,SUP006,Cost,0.86,12,76,76,84,32,12000
HOUSEHOLD_1_198,SUP011,Regional,0.95,8,80,80,84,37,5000
HOUSEHOLD_1_198,SUP008,Cost,0.72,13,78,71,73,31,12000
FOODS_2_399,SUP012,Regional,2.21,4,86,76,84,33,5000
FOODS_2_399,SUP008,Cost,1.54,13,78,71,73,31,12000
FOODS_2_399,SUP006,Cost,1.83,12,76,76,84,32,12000
FOODS_2_399,SUP007,Cost,1.69,14,83,76,85,47,12000
FOODS_1_037,SUP007,Cost,2.85,14,83,76,85,47,12000
FOODS_1_037,SUP011,Regional,3.53,8,80,80,84,37,5000
FOODS_1_037,SUP006,Cost,3.02,12,76,76,84,32,12000
FOODS_1_037,SUP012,Regional,3.84,4,86,76,84,33,5000
FOODS_1_139,SUP006,Cost,0.82,12,76,76,84,32,12000
FOODS_1_139,SUP008,Cost,0.71,13,78,71,73,31,12000
FOODS_1_139,SUP011,Regional,0.96,8,80,80,84,37,5000
FOODS_1_139,SUP007,Cost,0.8,14,83,76,85,47,12000
HOUSEHOLD_1_508,SUP012,Regional,5.04,4,86,76,84,33,5000
HOUSEHOLD_1_508,SUP011,Regional,4.97,8,80,80,84,37,5000
HOUSEHOLD_1_508,SUP007,Cost,3.95,14,83,76,85,47,12000
HOUSEHOLD_1_508,SUP006,Cost,4.03,12,76,76,84,32,12000
FOODS_1_044,SUP007,Cost,2.35,14,83,76,85,47,12000
FOODS_1_044,SUP006,Cost,2.51,12,76,76,84,32,12000
FOODS_1_044,SUP012,Regional,3.28,4,86,76,84,33,5000
FOODS_1_044,SUP008,Cost,2.27,13,78,71,73,31,12000
FOODS_2_021,SUP011,Regional,0.98,8,80,80,84,37,5000
FOODS_2_021,SUP007,Cost,0.8,14,83,76,85,47,12000
FOODS_2_021,SUP012,Regional,1.0,4,86,76,84,33,5000
FOODS_2_021,SUP008,Cost,0.72,13,78,71,73,31,12000
FOODS_1_120,SUP011,Regional,1.98,8,80,80,84,37,5000
FOODS_1_120,SUP008,Cost,1.42,13,78,71,73,31,12000
FOODS_1_120,SUP007,Cost,1.61,14,83,76,85,47,12000
FOODS_1_120,SUP012,Regional,2.08,4,86,76,84,33,5000
FOODS_2_051,SUP007,Cost,2.02,14,83,76,85,47,12000
FOODS_2_051,SUP012,Regional,2.8,4,86,76,84,33,5000
FOODS_2_051,SUP006,Cost,2.06,12,76,76,84,32,12000
FOODS_2_051,SUP008,Cost,1.86,13,78,71,73,31,12000
FOODS_2_138,SUP008,Cost,1.42,13,78,71,73,31,12000
FOODS_2_138,SUP007,Cost,1.55,14,83,76,85,47,12000
FOODS_2_138,SUP006,Cost,1.65,12,76,76,84,32,12000
FOODS_2_138,SUP012,Regional,1.99,4,86,76,84,33,5000
HOUSEHOLD_1_522,SUP011,Regional,1.79,8,80,80,84,37,5000
HOUSEHOLD_1_522,SUP007,Cost,1.51,14,83,76,85,47,12000
HOUSEHOLD_1_522,SUP008,Cost,1.34,13,78,71,73,31,12000
HOUSEHOLD_1_522,SUP012,Regional,1.84,4,86,76,84,33,5000
FOODS_1_127,SUP011,Regional,2.04,8,80,80,84,37,5000
FOODS_1_127,SUP006,Cost,1.88,12,76,76,84,32,12000
FOODS_1_127,SUP012,Regional,2.27,4,86,76,84,33,5000
FOODS_1_127,SUP007,Cost,1.82,14,83,76,85,47,12000
HOUSEHOLD_1_083,SUP012,Regional,1.07,4,86,76,84,33,5000
HOUSEHOLD_1_083,SUP008,Cost,0.71,13,78,71,73,31,12000
HOUSEHOLD_1_083,SUP006,Cost,0.84,12,76,76,84,32,12000
HOUSEHOLD_1_083,SUP007,Cost,0.78,14,83,76,85,47,12000
FOODS_2_283,SUP007,Cost,1.21,14,83,76,85,47,12000
FOODS_2_283,SUP006,Cost,1.21,12,76,76,84,32,12000
FOODS_2_283,SUP011,Regional,1.41,8,80,80,84,37,5000
FOODS_2_283,SUP012,Regional,1.56,4,86,76,84,33,5000
FOODS_2_189,SUP006,Cost,2.23,12,76,76,84,32,12000
FOODS_2_189,SUP011,Regional,2.52,8,80,80,84,37,5000
FOODS_2_189,SUP012,Regional,2.64,4,86,76,84,33,5000
FOODS_2_189,SUP008,Cost,1.96,13,78,71,73,31,12000
FOODS_2_294,SUP011,Regional,1.04,8,80,80,84,37,5000
FOODS_2_294,SUP008,Cost,0.82,13,78,71,73,31,12000
FOODS_2_294,SUP007,Cost,0.89,14,83,76,85,47,12000
FOODS_2_294,SUP006,Cost,0.94,12,76,76,84,32,12000
HOUSEHOLD_1_337,SUP007,Cost,4.37,14,83,76,85,47,12000
HOUSEHOLD_1_337,SUP008,Cost,3.7,13,78,71,73,31,12000
HOUSEHOLD_1_337,SUP011,Regional,4.98,8,80,80,84,37,5000
HOUSEHOLD_1_337,SUP012,Regional,5.28,4,86,76,84,33,5000
FOODS_1_167,SUP007,Cost,4.09,14,83,76,85,47,12000
FOODS_1_167,SUP008,Cost,3.66,13,78,71,73,31,12000
FOODS_1_167,SUP012,Regional,5.36,4,86,76,84,33,5000
FOODS_1_167,SUP006,Cost,4.34,12,76,76,84,32,12000
FOODS_2_220,SUP006,Cost,1.72,12,76,76,84,32,12000
FOODS_2_220,SUP011,Regional,2.0,8,80,80,84,37,5000
FOODS_2_220,SUP007,Cost,1.63,14,83,76,85,47,12000
FOODS_2_220,SUP012,Regional,2.16,4,86,76,84,33,5000
FOODS_1_208,SUP007,Cost,1.63,14,83,76,85,47,12000
FOODS_1_208,SUP012,Regional,2.01,4,86,76,84,33,5000
FOODS_1_208,SUP008,Cost,1.47,13,78,71,73,31,12000
FOODS_1_208,SUP006,Cost,1.76,12,76,76,84,32,12000
HOUSEHOLD_1_528,SUP011,Regional,2.92,8,80,80,84,37,5000
HOUSEHOLD_1_528,SUP006,Cost,2.65,12,76,76,84,32,12000
HOUSEHOLD_1_528,SUP007,Cost,2.55,14,83,76,85,47,12000
HOUSEHOLD_1_528,SUP008,Cost,2.19,13,78,71,73,31,12000
HOUSEHOLD_1_017,SUP008,Cost,3.61,13,78,71,73,31,12000
HOUSEHOLD_1_017,SUP012,Regional,5.28,4,86,76,84,33,5000
HOUSEHOLD_1_017,SUP007,Cost,3.96,14,83,76,85,47,12000
HOUSEHOLD_1_017,SUP011,Regional,5.0,8,80,80,84,37,5000
FOODS_1_027,SUP012,Regional,2.18,4,86,76,84,33,5000
FOODS_1_027,SUP006,Cost,1.74,12,76,76,84,32,12000
FOODS_1_027,SUP008,Cost,1.48,13,78,71,73,31,12000
FOODS_1_027,SUP007,Cost,1.63,14,83,76,85,47,12000
FOODS_2_146,SUP008,Cost,1.51,13,78,71,73,31,12000
FOODS_2_146,SUP012,Regional,2.03,4,86,76,84,33,5000
FOODS_2_146,SUP006,Cost,1.74,12,76,76,84,32,12000
FOODS_2_146,SUP007,Cost,1.6,14,83,76,85,47,12000
FOODS_2_340,SUP008,Cost,2.34,13,78,71,73,31,12000
FOODS_2_340,SUP006,Cost,2.59,12,76,76,84,32,12000
FOODS_2_340,SUP012,Regional,3.08,4,86,76,84,33,5000
FOODS_2_340,SUP011,Regional,3.1,8,80,80,84,37,5000
HOUSEHOLD_1_251,SUP008,Cost,1.45,13,78,71,73,31,12000
HOUSEHOLD_1_251,SUP006,Cost,1.76,12,76,76,84,32,12000
HOUSEHOLD_1_251,SUP012,Regional,2.11,4,86,76,84,33,5000
HOUSEHOLD_1_251,SUP011,Regional,2.01,8,80,80,84,37,5000
FOODS_1_184,SUP011,Regional,1.05,8,80,80,84,37,5000
FOODS_1_184,SUP012,Regional,1.13,4,86,76,84,33,5000
FOODS_1_184,SUP007,Cost,0.83,14,83,76,85,47,12000
FOODS_1_184,SUP008,Cost,0.78,13,78,71,73,31,12000
FOODS_2_356,SUP007,Cost,2.04,14,83,76,85,47,12000
FOODS_2_356,SUP012,Regional,2.59,4,86,76,84,33,5000
FOODS_2_356,SUP006,Cost,2.25,12,76,76,84,32,12000
FOODS_2_356,SUP008,Cost,1.87,13,78,71,73,31,12000
FOODS_2_174,SUP007,Cost,2.43,14,83,76,85,47,12000
FOODS_2_174,SUP011,Regional,2.81,8,80,80,84,37,5000
FOODS_2_174,SUP008,Cost,2.1,13,78,71,73,31,12000
FOODS_2_174,SUP012,Regional,3.04,4,86,76,84,33,5000
FOODS_2_297,SUP008,Cost,2.58,13,78,71,73,31,12000
FOODS_2_297,SUP006,Cost,3.24,12,76,76,84,32,12000
FOODS_2_297,SUP012,Regional,3.9,4,86,76,84,33,5000
FOODS_2_297,SUP011,Regional,3.7,8,80,80,84,37,5000
HOUSEHOLD_1_353,SUP008,Cost,2.53,13,78,71,73,31,12000
HOUSEHOLD_1_353,SUP006,Cost,2.9,12,76,76,84,32,12000
HOUSEHOLD_1_353,SUP007,Cost,3.02,14,83,76,85,47,12000
HOUSEHOLD_1_353,SUP011,Regional,3.32,8,80,80,84,37,5000
FOODS_2_003,SUP012,Regional,2.34,4,86,76,84,33,5000
FOODS_2_003,SUP006,Cost,1.87,12,76,76,84,32,12000
FOODS_2_003,SUP011,Regional,2.19,8,80,80,84,37,5000
FOODS_2_003,SUP007,Cost,1.87,14,83,76,85,47,12000
FOODS_2_218,SUP007,Cost,3.13,14,83,76,85,47,12000
FOODS_2_218,SUP011,Regional,4.15,8,80,80,84,37,5000
FOODS_2_218,SUP008,Cost,3.05,13,78,71,73,31,12000
FOODS_2_218,SUP006,Cost,3.51,12,76,76,84,32,12000
FOODS_1_013,SUP012,Regional,1.55,4,86,76,84,33,5000
FOODS_1_013,SUP007,Cost,1.25,14,83,76,85,47,12000
FOODS_1_013,SUP008,Cost,1.15,13,78,71,73,31,12000
FOODS_1_013,SUP011,Regional,1.49,8,80,80,84,37,5000
FOODS_1_134,SUP006,Cost,1.69,12,76,76,84,32,12000
FOODS_1_134,SUP012,Regional,2.15,4,86,76,84,33,5000
FOODS_1_134,SUP008,Cost,1.51,13,78,71,73,31,12000
FOODS_1_134,SUP007,Cost,1.68,14,83,76,85,47,12000
FOODS_1_028,SUP012,Regional,3.16,4,86,76,84,33,5000
FOODS_1_028,SUP008,Cost,2.16,13,78,71,73,31,12000
FOODS_1_028,SUP011,Regional,2.84,8,80,80,84,37,5000
FOODS_1_028,SUP006,Cost,2.54,12,76,76,84,32,12000
FOODS_2_092,SUP006,Cost,3.01,12,76,76,84,32,12000
FOODS_2_092,SUP008,Cost,2.77,13,78,71,73,31,12000
FOODS_2_092,SUP012,Regional,3.95,4,86,76,84,33,5000
FOODS_2_092,SUP011,Regional,3.54,8,80,80,84,37,5000
FOODS_2_245,SUP006,Cost,2.53,12,76,76,84,32,12000
FOODS_2_245,SUP012,Regional,3.1,4,86,76,84,33,5000
FOODS_2_245,SUP011,Regional,2.95,8,80,80,84,37,5000
FOODS_2_245,SUP008,Cost,2.14,13,78,71,73,31,12000
HOUSEHOLD_1_372,SUP007,Cost,1.68,14,83,76,85,47,12000
HOUSEHOLD_1_372,SUP011,Regional,2.09,8,80,80,84,37,5000
HOUSEHOLD_1_372,SUP006,Cost,1.73,12,76,76,84,32,12000
HOUSEHOLD_1_372,SUP008,Cost,1.46,13,78,71,73,31,12000
HOUSEHOLD_1_101,SUP008,Cost,1.85,13,78,71,73,31,12000
HOUSEHOLD_1_101,SUP011,Regional,2.4,8,80,80,84,37,5000
HOUSEHOLD_1_101,SUP007,Cost,1.98,14,83,76,85,47,12000
HOUSEHOLD_1_101,SUP012,Regional,2.58,4,86,76,84,33,5000
FOODS_1_158,SUP006,Cost,4.02,12,76,76,84,32,12000
FOODS_1_158,SUP008,Cost,3.41,13,78,71,73,31,12000
FOODS_1_158,SUP007,Cost,3.83,14,83,76,85,47,12000
FOODS_1_158,SUP012,Regional,4.91,4,86,76,84,33,5000
HOUSEHOLD_1_147,SUP007,Cost,0.86,14,83,76,85,47,12000
HOUSEHOLD_1_147,SUP012,Regional,1.06,4,86,76,84,33,5000
HOUSEHOLD_1_147,SUP008,Cost,0.72,13,78,71,73,31,12000
HOUSEHOLD_1_147,SUP006,Cost,0.9,12,76,76,84,32,12000
HOUSEHOLD_1_008,SUP012,Regional,6.05,4,86,76,84,33,5000
HOUSEHOLD_1_008,SUP006,Cost,4.66,12,76,76,84,32,12000
HOUSEHOLD_1_008,SUP011,Regional,5.27,8,80,80,84,37,5000
HOUSEHOLD_1_008,SUP008,Cost,4.12,13,78,71,73,31,12000
FOODS_2_289,SUP006,Cost,2.26,12,76,76,84,32,12000
FOODS_2_289,SUP008,Cost,1.9,13,78,71,73,31,12000
FOODS_2_289,SUP011,Regional,2.53,8,80,80,84,37,5000
FOODS_2_289,SUP012,Regional,2.65,4,86,76,84,33,5000
FOODS_2_237,SUP008,Cost,1.81,13,78,71,73,31,12000
FOODS_2_237,SUP007,Cost,2.07,14,83,76,85,47,12000
FOODS_2_237,SUP012,Regional,2.64,4,86,76,84,33,5000
FOODS_2_237,SUP006,Cost,2.24,12,76,76,84,32,12000
FOODS_2_225,SUP008,Cost,1.97,13,78,71,73,31,12000
FOODS_2_225,SUP006,Cost,2.15,12,76,76,84,32,12000
FOODS_2_225,SUP007,Cost,2.07,14,83,76,85,47,12000
FOODS_2_225,SUP012,Regional,2.82,4,86,76,84,33,5000
FOODS_1_146,SUP012,Regional,2.31,4,86,76,84,33,5000
FOODS_1_146,SUP007,Cost,1.89,14,83,76,85,47,12000
FOODS_1_146,SUP011,Regional,2.37,8,80,80,84,37,5000
FOODS_1_146,SUP006,Cost,2.01,12,76,76,84,32,12000
FOODS_2_177,SUP012,Regional,3.63,4,86,76,84,33,5000
FOODS_2_177,SUP006,Cost,2.9,12,76,76,84,32,12000
FOODS_2_177,SUP011,Regional,3.49,8,80,80,84,37,5000
FOODS_2_177,SUP008,Cost,2.54,13,78,71,73,31,12000
HOUSEHOLD_1_215,SUP007,Cost,1.84,14,83,76,85,47,12000
HOUSEHOLD_1_215,SUP012,Regional,2.32,4,86,76,84,33,5000
HOUSEHOLD_1_215,SUP008,Cost,1.73,13,78,71,73,31,12000
HOUSEHOLD_1_215,SUP011,Regional,2.3,8,80,80,84,37,5000
FOODS_1_113,SUP008,Cost,0.77,13,78,71,73,31,12000
FOODS_1_113,SUP012,Regional,1.06,4,86,76,84,33,5000
FOODS_1_113,SUP011,Regional,0.99,8,80,80,84,37,5000
FOODS_1_113,SUP006,Cost,0.85,12,76,76,84,32,12000
FOODS_2_058,SUP008,Cost,3.76,13,78,71,73,31,12000
FOODS_2_058,SUP006,Cost,4.2,12,76,76,84,32,12000
FOODS_2_058,SUP012,Regional,5.61,4,86,76,84,33,5000
FOODS_2_058,SUP011,Regional,5.09,8,80,80,84,37,5000
FOODS_2_257,SUP006,Cost,0.84,12,76,76,84,32,12000
FOODS_2_257,SUP007,Cost,0.85,14,83,76,85,47,12000
FOODS_2_257,SUP008,Cost,0.75,13,78,71,73,31,12000
FOODS_2_257,SUP011,Regional,1.05,8,80,80,84,37,5000
HOUSEHOLD_1_430,SUP007,Cost,0.82,14,83,76,85,47,12000
HOUSEHOLD_1_430,SUP008,Cost,0.72,13,78,71,73,31,12000
HOUSEHOLD_1_430,SUP012,Regional,1.01,4,86,76,84,33,5000
HOUSEHOLD_1_430,SUP011,Regional,1.0,8,80,80,84,37,5000
FOODS_2_385,SUP006,Cost,2.06,12,76,76,84,32,12000
FOODS_2_385,SUP011,Regional,2.56,8,80,80,84,37,5000
FOODS_2_385,SUP012,Regional,2.67,4,86,76,84,33,5000
FOODS_2_385,SUP008,Cost,1.88,13,78,71,73,31,12000
HOUSEHOLD_1_247,SUP007,Cost,0.83,14,83,76,85,47,12000
HOUSEHOLD_1_247,SUP006,Cost,0.87,12,76,76,84,32,12000
HOUSEHOLD_1_247,SUP008,Cost,0.75,13,78,71,73,31,12000
HOUSEHOLD_1_247,SUP011,Regional,0.99,8,80,80,84,37,5000
FOODS_2_125,SUP008,Cost,1.94,13,78,71,73,31,12000
FOODS_2_125,SUP006,Cost,2.23,12,76,76,84,32,12000
FOODS_2_125,SUP011,Regional,2.52,8,80,80,84,37,5000
FOODS_2_125,SUP007,Cost,2.11,14,83,76,85,47,12000
FOODS_2_107,SUP012,Regional,2.17,4,86,76,84,33,5000
FOODS_2_107,SUP011,Regional,2.07,8,80,80,84,37,5000
FOODS_2_107,SUP006,Cost,1.78,12,76,76,84,32,12000
FOODS_2_107,SUP008,Cost,1.45,13,78,71,73,31,12000
FOODS_2_108,SUP011,Regional,3.19,8,80,80,84,37,5000
FOODS_2_108,SUP012,Regional,3.52,4,86,76,84,33,5000
FOODS_2_108,SUP007,Cost,2.66,14,83,76,85,47,12000
FOODS_2_108,SUP006,Cost,2.7,12,76,76,84,32,12000
HOUSEHOLD_1_114,SUP012,Regional,1.01,4,86,76,84,33,5000
HOUSEHOLD_1_114,SUP008,Cost,0.7,13,78,71,73,31,12000
HOUSEHOLD_1_114,SUP007,Cost,0.84,14,83,76,85,47,12000
HOUSEHOLD_1_114,SUP011,Regional,1.01,8,80,80,84,37,5000
FOODS_1_066,SUP008,Cost,0.97,13,78,71,73,31,12000
FOODS_1_066,SUP011,Regional,1.35,8,80,80,84,37,5000
FOODS_1_066,SUP012,Regional,1.51,4,86,76,84,33,5000
FOODS_1_066,SUP006,Cost,1.18,12,76,76,84,32,12000
FOODS_1_032,SUP012,Regional,1.0,4,86,76,84,33,5000
FOODS_1_032,SUP008,Cost,0.72,13,78,71,73,31,12000
FOODS_1_032,SUP007,Cost,0.84,14,83,76,85,47,12000
FOODS_1_032,SUP006,Cost,0.89,12,76,76,84,32,12000
HOUSEHOLD_1_295,SUP011,Regional,3.11,8,80,80,84,37,5000
HOUSEHOLD_1_295,SUP007,Cost,2.57,14,83,76,85,47,12000
HOUSEHOLD_1_295,SUP012,Regional,3.2,4,86,76,84,33,5000
HOUSEHOLD_1_295,SUP006,Cost,2.56,12,76,76,84,32,12000
HOUSEHOLD_1_025,SUP007,Cost,2.44,14,83,76,85,47,12000
HOUSEHOLD_1_025,SUP006,Cost,2.52,12,76,76,84,32,12000
HOUSEHOLD_1_025,SUP008,Cost,2.24,13,78,71,73,31,12000
HOUSEHOLD_1_025,SUP012,Regional,3.29,4,86,76,84,33,5000
FOODS_2_330,SUP006,Cost,3.78,12,76,76,84,32,12000
FOODS_2_330,SUP008,Cost,3.23,13,78,71,73,31,12000
FOODS_2_330,SUP012,Regional,4.73,4,86,76,84,33,5000
FOODS_2_330,SUP007,Cost,3.52,14,83,76,85,47,12000
HOUSEHOLD_1_305,SUP012,Regional,3.12,4,86,76,84,33,5000
HOUSEHOLD_1_305,SUP008,Cost,2.17,13,78,71,73,31,12000
HOUSEHOLD_1_305,SUP006,Cost,2.49,12,76,76,84,32,12000
HOUSEHOLD_1_305,SUP007,Cost,2.53,14,83,76,85,47,12000
FOODS_1_017,SUP012,Regional,2.3,4,86,76,84,33,5000
FOODS_1_017,SUP011,Regional,2.31,8,80,80,84,37,5000
FOODS_1_017,SUP006,Cost,1.94,12,76,76,84,32,12000
FOODS_1_017,SUP008,Cost,1.64,13,78,71,73,31,12000
FOODS_2_199,SUP007,Cost,0.83,14,83,76,85,47,12000
FOODS_2_199,SUP006,Cost,0.9,12,76,76,84,32,12000
FOODS_2_199,SUP012,Regional,1.06,4,86,76,84,33,5000
FOODS_2_199,SUP008,Cost,0.75,13,78,71,73,31,12000
HOUSEHOLD_1_170,SUP012,Regional,2.04,4,86,76,84,33,5000
HOUSEHOLD_1_170,SUP008,Cost,1.41,13,78,71,73,31,12000
HOUSEHOLD_1_170,SUP011,Regional,2.02,8,80,80,84,37,5000
HOUSEHOLD_1_170,SUP007,Cost,1.64,14,83,76,85,47,12000
HOUSEHOLD_1_393,SUP008,Cost,1.53,13,78,71,73,31,12000
HOUSEHOLD_1_393,SUP012,Regional,2.1,4,86,76,84,33,5000
HOUSEHOLD_1_393,SUP011,Regional,2.09,8,80,80,84,37,5000
HOUSEHOLD_1_393,SUP007,Cost,1.74,14,83,76,85,47,12000
HOUSEHOLD_1_403,SUP006,Cost,3.39,12,76,76,84,32,12000
HOUSEHOLD_1_403,SUP008,Cost,2.83,13,78,71,73,31,12000
HOUSEHOLD_1_403,SUP011,Regional,3.85,8,80,80,84,37,5000
HOUSEHOLD_1_403,SUP012,Regional,4.22,4,86,76,84,33,5000
HOUSEHOLD_1_065,SUP012,Regional,1.09,4,86,76,84,33,5000
HOUSEHOLD_1_065,SUP007,Cost,0.86,14,83,76,85,47,12000
HOUSEHOLD_1_065,SUP008,Cost,0.76,13,78,71,73,31,12000
HOUSEHOLD_1_065,SUP006,Cost,0.88,12,76,76,84,32,12000
FOODS_2_072,SUP008,Cost,1.99,13,78,71,73,31,12000
FOODS_2_072,SUP006,Cost,2.47,12,76,76,84,32,12000
FOODS_2_072,SUP007,Cost,2.4,14,83,76,85,47,12000
FOODS_2_072,SUP012,Regional,3.0,4,86,76,84,33,5000
FOODS_2_319,SUP008,Cost,2.05,13,78,71,73,31,12000
FOODS_2_319,SUP011,Regional,2.81,8,80,80,84,37,5000
FOODS_2_319,SUP006,Cost,2.44,12,76,76,84,32,12000
FOODS_2_319,SUP012,Regional,2.88,4,86,76,84,33,5000
FOODS_1_132,SUP006,Cost,1.73,12,76,76,84,32,12000
FOODS_1_132,SUP008,Cost,1.49,13,78,71,73,31,12000
FOODS_1_132,SUP011,Regional,1.93,8,80,80,84,37,5000
FOODS_1_132,SUP012,Regional,2.12,4,86,76,84,33,5000
HOUSEHOLD_1_474,SUP011,Regional,1.01,8,80,80,84,37,5000
HOUSEHOLD_1_474,SUP012,Regional,1.01,4,86,76,84,33,5000
HOUSEHOLD_1_474,SUP007,Cost,0.81,14,83,76,85,47,12000
HOUSEHOLD_1_474,SUP006,Cost,0.86,12,76,76,84,32,12000
HOUSEHOLD_1_149,SUP007,Cost,0.79,14,83,76,85,47,12000
HOUSEHOLD_1_149,SUP012,Regional,1.05,4,86,76,84,33,5000
HOUSEHOLD_1_149,SUP011,Regional,1.01,8,80,80,84,37,5000
HOUSEHOLD_1_149,SUP008,Cost,0.73,13,78,71,73,31,12000
HOUSEHOLD_1_097,SUP011,Regional,3.97,8,80,80,84,37,5000
HOUSEHOLD_1_097,SUP008,Cost,3.12,13,78,71,73,31,12000
HOUSEHOLD_1_097,SUP007,Cost,3.24,14,83,76,85,47,12000
HOUSEHOLD_1_097,SUP012,Regional,4.34,4,86,76,84,33,5000
FOODS_1_019,SUP008,Cost,0.81,13,78,71,73,31,12000
FOODS_1_019,SUP006,Cost,0.87,12,76,76,84,32,12000
FOODS_1_019,SUP012,Regional,1.12,4,86,76,84,33,5000
FOODS_1_019,SUP011,Regional,1.01,8,80,80,84,37,5000
FOODS_2_273,SUP007,Cost,2.2,14,83,76,85,47,12000
FOODS_2_273,SUP012,Regional,2.88,4,86,76,84,33,5000
FOODS_2_273,SUP006,Cost,2.34,12,76,76,84,32,12000
FOODS_2_273,SUP011,Regional,2.88,8,80,80,84,37,5000
HOUSEHOLD_1_503,SUP007,Cost,0.91,14,83,76,85,47,12000
HOUSEHOLD_1_503,SUP012,Regional,1.19,4,86,76,84,33,5000
HOUSEHOLD_1_503,SUP011,Regional,1.06,8,80,80,84,37,5000
HOUSEHOLD_1_503,SUP006,Cost,0.9,12,76,76,84,32,12000
FOODS_2_394,SUP007,Cost,2.38,14,83,76,85,47,12000
FOODS_2_394,SUP011,Regional,2.98,8,80,80,84,37,5000
FOODS_2_394,SUP012,Regional,3.29,4,86,76,84,33,5000
FOODS_2_394,SUP006,Cost,2.49,12,76,76,84,32,12000
HOUSEHOLD_1_279,SUP006,Cost,0.87,12,76,76,84,32,12000
HOUSEHOLD_1_279,SUP011,Regional,1.02,8,80,80,84,37,5000
HOUSEHOLD_1_279,SUP007,Cost,0.85,14,83,76,85,47,12000
HOUSEHOLD_1_279,SUP008,Cost,0.77,13,78,71,73,31,12000
HOUSEHOLD_1_461,SUP012,Regional,1.0,4,86,76,84,33,5000
HOUSEHOLD_1_461,SUP006,Cost,0.8,12,76,76,84,32,12000
HOUSEHOLD_1_461,SUP011,Regional,0.95,8,80,80,84,37,5000
HOUSEHOLD_1_461,SUP008,Cost,0.76,13,78,71,73,31,12000
HOUSEHOLD_1_360,SUP008,Cost,3.01,13,78,71,73,31,12000
HOUSEHOLD_1_360,SUP007,Cost,3.31,14,83,76,85,47,12000
HOUSEHOLD_1_360,SUP011,Regional,4.05,8,80,80,84,37,5000
HOUSEHOLD_1_360,SUP006,Cost,3.44,12,76,76,84,32,12000
FOODS_2_132,SUP012,Regional,2.9,4,86,76,84,33,5000
FOODS_2_132,SUP006,Cost,2.46,12,76,76,84,32,12000
FOODS_2_132,SUP011,Regional,2.89,8,80,80,84,37,5000
FOODS_2_132,SUP008,Cost,2.13,13,78,71,73,31,12000
FOODS_2_358,SUP006,Cost,2.25,12,76,76,84,32,12000
FOODS_2_358,SUP011,Regional,2.55,8,80,80,84,37,5000
FOODS_2_358,SUP008,Cost,1.83,13,78,71,73,31,12000
FOODS_2_358,SUP007,Cost,2.05,14,83,76,85,47,12000
FOODS_2_240,SUP006,Cost,1.84,12,76,76,84,32,12000
FOODS_2_240,SUP007,Cost,1.75,14,83,76,85,47,12000
FOODS_2_240,SUP012,Regional,2.25,4,86,76,84,33,5000
FOODS_2_240,SUP011,Regional,2.31,8,80,80,84,37,5000
FOODS_2_188,SUP007,Cost,2.36,14,83,76,85,47,12000
FOODS_2_188,SUP011,Regional,2.86,8,80,80,84,37,5000
FOODS_2_188,SUP008,Cost,2.02,13,78,71,73,31,12000
FOODS_2_188,SUP006,Cost,2.41,12,76,76,84,32,12000
FOODS_2_196,SUP006,Cost,3.53,12,76,76,84,32,12000
FOODS_2_196,SUP012,Regional,4.24,4,86,76,84,33,5000
FOODS_2_196,SUP008,Cost,2.89,13,78,71,73,31,12000
FOODS_2_196,SUP011,Regional,3.94,8,80,80,84,37,5000
FOODS_2_260,SUP011,Regional,2.84,8,80,80,84,37,5000
FOODS_2_260,SUP006,Cost,2.25,12,76,76,84,32,12000
FOODS_2_260,SUP007,Cost,2.27,14,83,76,85,47,12000
FOODS_2_260,SUP008,Cost,2.06,13,78,71,73,31,12000
FOODS_2_156,SUP011,Regional,1.44,8,80,80,84,37,5000
FOODS_2_156,SUP008,Cost,1.08,13,78,71,73,31,12000
FOODS_2_156,SUP007,Cost,1.21,14,83,76,85,47,12000
FOODS_2_156,SUP006,Cost,1.24,12,76,76,84,32,12000
FOODS_1_138,SUP006,Cost,2.38,12,76,76,84,32,12000
FOODS_1_138,SUP011,Regional,2.58,8,80,80,84,37,5000
FOODS_1_138,SUP012,Regional,2.87,4,86,76,84,33,5000
FOODS_1_138,SUP007,Cost,2.25,14,83,76,85,47,12000
FOODS_1_204,SUP011,Regional,0.97,8,80,80,84,37,5000
FOODS_1_204,SUP007,Cost,0.81,14,83,76,85,47,12000
FOODS_1_204,SUP008,Cost,0.75,13,78,71,73,31,12000
FOODS_1_204,SUP006,Cost,0.88,12,76,76,84,32,12000
HOUSEHOLD_1_379,SUP011,Regional,1.01,8,80,80,84,37,5000
HOUSEHOLD_1_379,SUP012,Regional,1.1,4,86,76,84,33,5000
HOUSEHOLD_1_379,SUP008,Cost,0.75,13,78,71,73,31,12000
HOUSEHOLD_1_379,SUP007,Cost,0.81,14,83,76,85,47,12000
FOODS_1_052,SUP008,Cost,0.71,13,78,71,73,31,12000
FOODS_1_052,SUP007,Cost,0.83,14,83,76,85,47,12000
FOODS_1_052,SUP006,Cost,0.87,12,76,76,84,32,12000
FOODS_1_052,SUP011,Regional,0.96,8,80,80,84,37,5000
HOUSEHOLD_1_230,SUP011,Regional,3.17,8,80,80,84,37,5000
HOUSEHOLD_1_230,SUP007,Cost,2.69,14,83,76,85,47,12000
HOUSEHOLD_1_230,SUP008,Cost,2.49,13,78,71,73,31,12000
HOUSEHOLD_1_230,SUP012,Regional,3.47,4,86,76,84,33,5000
HOUSEHOLD_1_475,SUP007,Cost,2.15,14,83,76,85,47,12000
HOUSEHOLD_1_475,SUP011,Regional,2.71,8,80,80,84,37,5000
HOUSEHOLD_1_475,SUP012,Regional,2.88,4,86,76,84,33,5000
HOUSEHOLD_1_475,SUP008,Cost,1.98,13,78,71,73,31,12000
FOODS_1_176,SUP012,Regional,3.58,4,86,76,84,33,5000
FOODS_1_176,SUP011,Regional,3.34,8,80,80,84,37,5000
FOODS_1_176,SUP007,Cost,2.97,14,83,76,85,47,12000
FOODS_1_176,SUP008,Cost,2.48,13,78,71,73,31,12000
FOODS_1_102,SUP011,Regional,1.78,8,80,80,84,37,5000
FOODS_1_102,SUP012,Regional,1.83,4,86,76,84,33,5000
FOODS_1_102,SUP006,Cost,1.48,12,76,76,84,32,12000
FOODS_1_102,SUP008,Cost,1.29,13,78,71,73,31,12000
HOUSEHOLD_1_424,SUP007,Cost,2.4,14,83,76,85,47,12000
HOUSEHOLD_1_424,SUP008,Cost,2.3,13,78,71,73,31,12000
HOUSEHOLD_1_424,SUP006,Cost,2.62,12,76,76,84,32,12000
HOUSEHOLD_1_424,SUP012,Regional,3.18,4,86,76,84,33,5000
